SKU;Nazov;Pocet_ks;URL
MY-000495;Maybach Lester Jr '56 Single Cut Winered 60s Slim Taper Aged;0;https://www.i-musicnetwork.com/Maybach-Lester-Jr-56-Single-Cut-Winered-60s-Slim-Taper-Aged/MY-000495
MY-000503;Maybach Albatroz '65-2 Vintage Cream New-Look;0;https://www.i-musicnetwork.com/Maybach-Albatroz-65-2-Vintage-Cream-New-Look/MY-000503
MY-000507;Maybach Stradovari Superfly HSS Vintage Cream;0;https://www.i-musicnetwork.com/Maybach-Stradovari-Superfly-HSS-Vintage-Cream/MY-000507
MY-000508;Maybach Convair Masterbuilt Stoned Washed;0;https://www.i-musicnetwork.com/Maybach-Convair-Masterbuilt-Stoned-Washed/MY-000508
MY-000509;Maybach Capitol P90 Black Aged;0;https://www.i-musicnetwork.com/Maybach-Capitol-P90-Black-Aged/MY-000509
MY-000510;Maybach Lester Jr Double Cut Masterbuilt Shell Pink;0;https://www.i-musicnetwork.com/Maybach-Lester-Jr-Double-Cut-Masterbuilt-Shell-Pink/MY-000510
MY-000512;Maybach Lester Jr Double Cut Special Masterbuilt Baby Blue Heavy Smoker;0;https://www.i-musicnetwork.com/Maybach-Lester-Jr-Double-Cut-Special-Masterbuilt-Baby-Blue-Heavy-Smoker/MY-000512
MY-000514;Maybach Stradovari S61 Masterbuilt Gold over blue Paisley;0;https://www.i-musicnetwork.com/Maybach-Stradovari-S61-Masterbuilt-Gold-over-blue-Paisley/MY-000514
MY-000515;Maybach Lester Earl Grey Custom Shop Aged;0;https://www.i-musicnetwork.com/Maybach-Lester-Earl-Grey-Custom-Shop-Aged/MY-000515
MY-000518;Maybach Albatroz '65-2 P90 Olympic White 60s Slim Taper Aged;0;https://www.i-musicnetwork.com/Maybach-Albatroz-65-2-P90-Olympic-White-60s-Slim-Taper-Aged/MY-000518
MY-000520;Maybach Stradovari S61 Masterbuilt Shell Pink Heavy Relic;0;https://www.i-musicnetwork.com/Maybach-Stradovari-S61-Masterbuilt-Shell-Pink-Heavy-Relic/MY-000520
MY-000521;Maybach Stradovari S61 Masterbuilt Dakota Red Aged;0;https://www.i-musicnetwork.com/Maybach-Stradovari-S61-Masterbuilt-Dakota-Red-Aged/MY-000521
MY-000522;Maybach Stradovari S61 Masterbuilt Orange Sparkle over Paisley / Paisleyguard Aged;0;https://www.i-musicnetwork.com/Maybach-Stradovari-S61-Masterbuilt-Orange-Sparkle-over-Paisley-Paisleyguard-Aged/MY-000522
MY-000523;Maybach Stradovari S61 Masterbuilt Gold Sparkle over Blue Paisley / Paisleyguard Aged;0;https://www.i-musicnetwork.com/Maybach-Stradovari-S61-Masterbuilt-Gold-Sparkle-over-Blue-Paisley-Paisleyguard-Aged/MY-000523
MY-000526;Maybach Convair Masterbuilt Vintage Gold;0;https://www.i-musicnetwork.com/Maybach-Convair-Masterbuilt-Vintage-Gold/MY-000526
MY-000531;Maybach Little Wing Arched Top Cutaway Masterbuilt Violin Burst;0;https://www.i-musicnetwork.com/Maybach-Little-Wing-Arched-Top-Cutaway-Masterbuilt-Violin-Burst/MY-000531
MY-000533;Maybach Albatroz '65-2 TV Yellow 60s Slim Taper Aged;0;https://www.i-musicnetwork.com/Maybach-Albatroz-65-2-TV-Yellow-60s-Slim-Taper-Aged/MY-000533
MY-000534;Maybach Lester Wild Saffron Custom Shop P90 60s Slim Taper New Look;0;https://www.i-musicnetwork.com/Maybach-Lester-Wild-Saffron-Custom-Shop-P90-60s-Slim-Taper-New-Look/MY-000534
MY-000536;Maybach Lester True Spec Masterbuilt Wild Honey Aged;0;https://www.i-musicnetwork.com/Maybach-Lester-True-Spec-Masterbuilt-Wild-Honey-Aged/MY-000536
MY-000537;Maybach Stradovari S54 Superfly HSS Black Blackguard Aged;0;https://www.i-musicnetwork.com/Maybach-Stradovari-S54-Superfly-HSS-Black-Blackguard-Aged/MY-000537
MY-000539;Maybach Stradovari Superfly HSS Masterbuilt Charcoal;0;https://www.i-musicnetwork.com/Maybach-Stradovari-Superfly-HSS-Masterbuilt-Charcoal/MY-000539
MY-000540;Maybach Lester 53-3 Black Velvet Custom Aged;0;https://www.i-musicnetwork.com/Maybach-Lester-53-3-Black-Velvet-Custom-Aged/MY-000540
MY-000541;Maybach Lester 53-3 Black Velvet Custom 60 Slim Taper Aged;0;https://www.i-musicnetwork.com/Maybach-Lester-53-3-Black-Velvet-Custom-60-Slim-Taper-Aged/MY-000541
MY-000543;Maybach Lester Pickguard Black Aged;0;https://www.i-musicnetwork.com/Maybach-Lester-Pickguard-Black-Aged/MY-000543
MY-000566;Maybach Texonian Masterbuilt Alpinist Bigsby B16 (5 PC'S in total);0;https://www.i-musicnetwork.com/Maybach-Texonian-Masterbuilt-Alpinist-Bigsby-B16-5-PC-S-in-total/MY-000566
MY-000888;Maybach Certificate of Authenticity;0;https://www.i-musicnetwork.com/Maybach-Certificate-of-Authenticity/MY-000888
FR-000001;Fralin Vintage Hot Tele Set - DTS-S;0;https://www.i-musicnetwork.com/Fralin-Vintage-Hot-Tele-Set-DTS-S/FR-000001
FR-000002;Fralin Blues Special Tele Set DTB-S;0;https://www.i-musicnetwork.com/Fralin-Blues-Special-Tele-Set-DTB-S/FR-000002
MY-000580;Stradovari HSS Pickguard 3-Ply White Pearloid;0;https://www.i-musicnetwork.com/Stradovari-HSS-Pickguard-3-Ply-White-Pearloid/MY-000580
MY-000581;Stradovari HSS Pickguard 3-Ply Mint;0;https://www.i-musicnetwork.com/Stradovari-HSS-Pickguard-3-Ply-Mint/MY-000581
ST-000247;Stanford 46 Tuner Set M-01GD BK Knob;0;https://www.i-musicnetwork.com/Stanford-46-Tuner-Set-M-01GD-BK-Knob/ST-000247
ST-000248;Stanford Radiotone Tuner Set M-03 NI BK Knob;0;https://www.i-musicnetwork.com/Stanford-Radiotone-Tuner-Set-M-03-NI-BK-Knob/ST-000248
ST-000249;Stanford Bass Tuner Set M0150 CR 2+3;0;https://www.i-musicnetwork.com/Stanford-Bass-Tuner-Set-M0150-CR-2-3/ST-000249
ST-000250;Stanford Nova Roadjack Tuner Set M-07 ,CR;0;https://www.i-musicnetwork.com/Stanford-Nova-Roadjack-Tuner-Set-M-07-CR/ST-000250
ST-000252;Stanford Nut Bone 46*6*8.5mm;0;https://www.i-musicnetwork.com/Stanford-Nut-Bone-46-6-8.5mm/ST-000252
ST-000253;Stanford Nut PPS 46*6*8.5mm;0;https://www.i-musicnetwork.com/Stanford-Nut-PPS-46-6-8.5mm/ST-000253
ST-000254;Stanford Nut Bone 45*6*9mm 5ST;0;https://www.i-musicnetwork.com/Stanford-Nut-Bone-45-6-9mm-5ST/ST-000254
ST-000255;Stanford Nut PPS 43*6*8.5mm 4ST;0;https://www.i-musicnetwork.com/Stanford-Nut-PPS-43-6-8.5mm-4ST/ST-000255
ST-000256;Stanford Nut Bone 45*6*8.5mm;0;https://www.i-musicnetwork.com/Stanford-Nut-Bone-45-6-8.5mm/ST-000256
ST-000257;Stanford Nut Bone 43*6*8.5mm;0;https://www.i-musicnetwork.com/Stanford-Nut-Bone-43-6-8.5mm/ST-000257
ST-000258;Stanford Saddle Bone 72*3*10.5mm;0;https://www.i-musicnetwork.com/Stanford-Saddle-Bone-72-3-10.5mm/ST-000258
ST-000259;Stanford Saddle PPS pps 72*3*10.5mm;0;https://www.i-musicnetwork.com/Stanford-Saddle-PPS-pps-72-3-10.5mm/ST-000259
ST-000260;Stanford Saddle Bone 95*3*11mm;0;https://www.i-musicnetwork.com/Stanford-Saddle-Bone-95-3-11mm/ST-000260
ST-000261;Stanford Saddle PPS 76*3*11mm;0;https://www.i-musicnetwork.com/Stanford-Saddle-PPS-76-3-11mm/ST-000261
ST-000262;Stanford Saddle Bone 72*3*10.5mm;0;https://www.i-musicnetwork.com/Stanford-Saddle-Bone-72-3-10.5mm/ST-000262
ST-000263;Stanford Bridge Rosewood 6st;0;https://www.i-musicnetwork.com/Stanford-Bridge-Rosewood-6st/ST-000263
ST-000264;Stanford Bridge Ebony 5ST Bass;0;https://www.i-musicnetwork.com/Stanford-Bridge-Ebony-5ST-Bass/ST-000264
ST-000265;Stanford Bridge Ebony 4ST Bass;0;https://www.i-musicnetwork.com/Stanford-Bridge-Ebony-4ST-Bass/ST-000265
ST-000266;Stanford Bridge Rosewood JR 6st;0;https://www.i-musicnetwork.com/Stanford-Bridge-Rosewood-JR-6st/ST-000266
ST-000267;Stanford Crossroad Bridge MTB-601,NI;0;https://www.i-musicnetwork.com/Stanford-Crossroad-Bridge-MTB-601-NI/ST-000267
ST-000268;Stanford Crossroad Bridge LP2,Ni (Bushing 9x21mm);0;https://www.i-musicnetwork.com/Stanford-Crossroad-Bridge-LP2-Ni-Bushing-9x21mm/ST-000268
ST-000269;Stanford Crossroad Stoptail HL1J / NI;0;https://www.i-musicnetwork.com/Stanford-Crossroad-Stoptail-HL1J-NI/ST-000269
ST-000270;Stanford Crossroad Stoptail LP / NI;0;https://www.i-musicnetwork.com/Stanford-Crossroad-Stoptail-LP-NI/ST-000270
ST-000271;Stanford BS-DE1A/BK, Dog ear BK plastic cover, N&B;0;https://www.i-musicnetwork.com/Stanford-BS-DE1A-BK-Dog-ear-BK-plastic-cover-N-B/ST-000271
ST-000272;Stanford LP-NI Alnico2 Silver F-2P N&B;0;https://www.i-musicnetwork.com/Stanford-LP-NI-Alnico2-Silver-F-2P-N-B/ST-000272
ST-000273;Stanford Poti 2V (1602-D18SL-B500K) 2T (1602-D18SL-D500K);0;https://www.i-musicnetwork.com/Stanford-Poti-2V-1602-D18SL-B500K-2T-1602-D18SL-D500K/ST-000273
ST-000274;Stanford Toggle 3Way T/G (BH001 NI, Amber Knob);0;https://www.i-musicnetwork.com/Stanford-Toggle-3Way-T-G-BH001-NI-Amber-Knob/ST-000274
ST-000277;Stanford BKS Knob ABS;0;https://www.i-musicnetwork.com/Stanford-BKS-Knob-ABS/ST-000277
MY-000604;Maybach Motone P Pickguard Black;0;https://www.i-musicnetwork.com/Maybach-Motone-P-Pickguard-Black/MY-000604
MA-000171;Maton Gurtpins Set Gold;0;https://www.i-musicnetwork.com/Maton-Gurtpins-Set-Gold/MA-000171
MA-000172;Maton Gurtpins Set Chrome;0;https://www.i-musicnetwork.com/Maton-Gurtpins-Set-Chrome/MA-000172
WB-000032;Maybach Teleman T61 FLAMED Neck UNFINISHED;0;https://www.i-musicnetwork.com/Maybach-Teleman-T61-FLAMED-Neck-UNFINISHED/WB-000032
MY-000610;Maybach Texonian T61 Custom Black Aged Lefthand;0;https://www.i-musicnetwork.com/Maybach-Texonian-T61-Custom-Black-Aged-Lefthand/MY-000610
WB-000029;Maybach Stradovari S61 FLAMED Neck UNFINISHED;0;https://www.i-musicnetwork.com/Maybach-Stradovari-S61-FLAMED-Neck-UNFINISHED/WB-000029
WB-000028;Maybach Stradovari S61 FLAMED Neck ROASTED UNFINISHED;0;https://www.i-musicnetwork.com/Maybach-Stradovari-S61-FLAMED-Neck-ROASTED-UNFINISHED/WB-000028
MY-000616;Maybach Lester Pickguard P90 Creme;0;https://www.i-musicnetwork.com/Maybach-Lester-Pickguard-P90-Creme/MY-000616
WB-000002;Maybach Albatroz UNFINISHED / ALT;0;https://www.i-musicnetwork.com/Maybach-Albatroz-UNFINISHED-ALT/WB-000002
MY-000642;Pickguard Sheet 4 ply 50 x 24 cm Black/white/black/white, 2.8 mm;0;https://www.i-musicnetwork.com/Pickguard-Sheet-4-ply-50-x-24-cm-Black-white-black-white-2.8-mm/MY-000642
LTD-000019;Maybach Albatroz 65-2 Pelham Blue Burst 60s Slim Taper Aged;0;https://www.i-musicnetwork.com/Maybach-Albatroz-65-2-Pelham-Blue-Burst-60s-Slim-Taper-Aged/LTD-000019
LTD-000020;Maybach Albatroz 65-2 Black 60s Slim Taper Aged;0;https://www.i-musicnetwork.com/Maybach-Albatroz-65-2-Black-60s-Slim-Taper-Aged/LTD-000020
LTD-000021;Maybach Albatroz 65-2 Gold 60s Slim Taper Aged;0;https://www.i-musicnetwork.com/Maybach-Albatroz-65-2-Gold-60s-Slim-Taper-Aged/LTD-000021
LTD-000022;Maybach Albatroz 65-2 Green Metallic 60s Slim Taper Aged;0;https://www.i-musicnetwork.com/Maybach-Albatroz-65-2-Green-Metallic-60s-Slim-Taper-Aged/LTD-000022
LTD-000023;Maybach Albatroz 65-2 P90 Green Metallic 60s Slim Taper Aged;0;https://www.i-musicnetwork.com/Maybach-Albatroz-65-2-P90-Green-Metallic-60s-Slim-Taper-Aged/LTD-000023
MY-000655;Maybach Baron Masterbuilt Black over Black and Gold Paisley;0;https://www.i-musicnetwork.com/Maybach-Baron-Masterbuilt-Black-over-Black-and-Gold-Paisley/MY-000655
MY-000667;Maybach Lester Blue Burst Custom Shop Aged (EBONY FRETBOARD);0;https://www.i-musicnetwork.com/Maybach-Lester-Blue-Burst-Custom-Shop-Aged-EBONY-FRETBOARD/MY-000667
WB-000004;Maybach Marilyn UNFINISHED / Neck+Body;0;https://www.i-musicnetwork.com/Maybach-Marilyn-UNFINISHED-Neck-Body/WB-000004
WB-000005;Maybach Little Wing Flat Top Cutaway UNFINISHED / Neck+Body;0;https://www.i-musicnetwork.com/Maybach-Little-Wing-Flat-Top-Cutaway-UNFINISHED-Neck-Body/WB-000005
WB-000016;Maybach Motone P UNFINISHED / Neck+Body;0;https://www.i-musicnetwork.com/Maybach-Motone-P-UNFINISHED-Neck-Body/WB-000016
WB-000013;Maybach Motone J UNFINISHED / Neck+Body;0;https://www.i-musicnetwork.com/Maybach-Motone-J-UNFINISHED-Neck-Body/WB-000013
WB-000014;Maybach Stradovari Alder Body UNFINISHED;0;https://www.i-musicnetwork.com/Maybach-Stradovari-Alder-Body-UNFINISHED/WB-000014
WB-000031;Maybach Teleman Neck UNFINISHED;0;https://www.i-musicnetwork.com/Maybach-Teleman-Neck-UNFINISHED/WB-000031
WB-000006;Maybach Little Wing Arched Top Cutaway UNFINISHED / Neck+Body;0;https://www.i-musicnetwork.com/Maybach-Little-Wing-Arched-Top-Cutaway-UNFINISHED-Neck-Body/WB-000006
WB-000007;Maybach Little Wing Arched Top P90 Cutaway UNFINISHED / Neck+Body;0;https://www.i-musicnetwork.com/Maybach-Little-Wing-Arched-Top-P90-Cutaway-UNFINISHED-Neck-Body/WB-000007
WB-000009;Maybach Little Wing Arched Top P90 NON Cutaway UNFINISHED / Neck+Body;0;https://www.i-musicnetwork.com/Maybach-Little-Wing-Arched-Top-P90-NON-Cutaway-UNFINISHED-Neck-Body/WB-000009
WB-000008;Maybach Little Wing Arched Top NON Cutaway UNFINISHED / Neck+Body;0;https://www.i-musicnetwork.com/Maybach-Little-Wing-Arched-Top-NON-Cutaway-UNFINISHED-Neck-Body/WB-000008
WB-000010;Maybach Little Wing Flat Top NON Cutaway P90 UNFINISHED / Neck+Body;0;https://www.i-musicnetwork.com/Maybach-Little-Wing-Flat-Top-NON-Cutaway-P90-UNFINISHED-Neck-Body/WB-000010
WB-000011;Maybach Little Wing Flat Top Cutaway P90 UNFINISHED / Neck+Body;0;https://www.i-musicnetwork.com/Maybach-Little-Wing-Flat-Top-Cutaway-P90-UNFINISHED-Neck-Body/WB-000011
WB-000012;Maybach Little Wing Flat Top NON Cutaway UNFINISHED / Neck+Body;0;https://www.i-musicnetwork.com/Maybach-Little-Wing-Flat-Top-NON-Cutaway-UNFINISHED-Neck-Body/WB-000012
WB-000019;Maybach Albatroz 2-PAF UNFINISHED / Neck+Body;0;https://www.i-musicnetwork.com/Maybach-Albatroz-2-PAF-UNFINISHED-Neck-Body/WB-000019
WB-000020;Maybach Albatroz 1-P90 UNFINISHED / Neck+Body;0;https://www.i-musicnetwork.com/Maybach-Albatroz-1-P90-UNFINISHED-Neck-Body/WB-000020
WB-000021;Maybach Lester JR Single Cut UNFINISHED / Neck+Body;0;https://www.i-musicnetwork.com/Maybach-Lester-JR-Single-Cut-UNFINISHED-Neck-Body/WB-000021
WB-000022;Maybach Lester JR Single Cut Special UNFINISHED / Neck+Body;0;https://www.i-musicnetwork.com/Maybach-Lester-JR-Single-Cut-Special-UNFINISHED-Neck-Body/WB-000022
WB-000023;Maybach Lester JR Double Cut UNFINISHED / Neck+Body;0;https://www.i-musicnetwork.com/Maybach-Lester-JR-Double-Cut-UNFINISHED-Neck-Body/WB-000023
WB-000024;Maybach Lester JR Double Cut Special UNFINISHED / Neck+Body;0;https://www.i-musicnetwork.com/Maybach-Lester-JR-Double-Cut-Special-UNFINISHED-Neck-Body/WB-000024
WB-000017;Maybach Jazpole UNFINISHED / Neck+Body;0;https://www.i-musicnetwork.com/Maybach-Jazpole-UNFINISHED-Neck-Body/WB-000017
WB-000025;Maybach Capitol UNFINISHED / Neck+Body;0;https://www.i-musicnetwork.com/Maybach-Capitol-UNFINISHED-Neck-Body/WB-000025
WB-000026;Maybach Capitol P90 UNFINISHED / Neck+Body;0;https://www.i-musicnetwork.com/Maybach-Capitol-P90-UNFINISHED-Neck-Body/WB-000026
MY-000672;Maybach Loomlight Display;0;https://www.i-musicnetwork.com/Maybach-Loomlight-Display/MY-000672
LTD-000024;Maybach Lester Silver Burst Custom 60s Slim Taper New-Look;0;https://www.i-musicnetwork.com/Maybach-Lester-Silver-Burst-Custom-60s-Slim-Taper-New-Look/LTD-000024
AM-000010;Amber Spirit of 59 Neck;0;https://www.i-musicnetwork.com/Amber-Spirit-of-59-Neck/AM-000010
MY-000708;Maybach Luxus-Case (Marilyn);0;https://www.i-musicnetwork.com/Maybach-Luxus-Case-Marilyn/MY-000708
MY-000709;Maybach Luxus-Case (Convair);0;https://www.i-musicnetwork.com/Maybach-Luxus-Case-Convair/MY-000709
MA-000177;Maton Klinkenbuchse / input jack;0;https://www.i-musicnetwork.com/Maton-Klinkenbuchse-input-jack/MA-000177
LTD-000025;Maybach Violin Machine;0;https://www.i-musicnetwork.com/Maybach-Violin-Machine/LTD-000025
MY-000759;Maybach Stradovari Masterbuilt Miss Bumblebee;0;https://www.i-musicnetwork.com/Maybach-Stradovari-Masterbuilt-Miss-Bumblebee/MY-000759
LTD-000027;Maybach Lester Candy Apple Red Custom 60s Slim Taper Aged;0;https://www.i-musicnetwork.com/Maybach-Lester-Candy-Apple-Red-Custom-60s-Slim-Taper-Aged/LTD-000027
LTD-000029;Maybach Lester Silver Burst Custom Single Humbucker 60s Slim Taper Aged;0;https://www.i-musicnetwork.com/Maybach-Lester-Silver-Burst-Custom-Single-Humbucker-60s-Slim-Taper-Aged/LTD-000029
LTD-000030;Maybach Lester Black Velvet Custom Single P90 Wraparound 60s Slim Taper Aged;0;https://www.i-musicnetwork.com/Maybach-Lester-Black-Velvet-Custom-Single-P90-Wraparound-60s-Slim-Taper-Aged/LTD-000030
LTD-000031;Maybach Lester Shoreline Gold Burst Custom Single Humbucker 60s Slim Taper Aged;0;https://www.i-musicnetwork.com/Maybach-Lester-Shoreline-Gold-Burst-Custom-Single-Humbucker-60s-Slim-Taper-Aged/LTD-000031
LTD-000032;Maybach Lester Bullion Gold Custom Single P90 Wraparound 60s Slim Taper Aged;0;https://www.i-musicnetwork.com/Maybach-Lester-Bullion-Gold-Custom-Single-P90-Wraparound-60s-Slim-Taper-Aged/LTD-000032
WB-000034;Maybach Stradovari Spruce Body UNFINISHED;0;https://www.i-musicnetwork.com/Maybach-Stradovari-Spruce-Body-UNFINISHED/WB-000034
WB-000035;Maybach Stradovari S54 Neck UNFINISHED;0;https://www.i-musicnetwork.com/Maybach-Stradovari-S54-Neck-UNFINISHED/WB-000035
WB-000036;Maybach Stradovari Superly Neck UNFINISHED;0;https://www.i-musicnetwork.com/Maybach-Stradovari-Superly-Neck-UNFINISHED/WB-000036
JT-000055;Jet Guitars JS-400 Sunburst LH;0;https://www.i-musicnetwork.com/Jet-Guitars-JS-400-Sunburst-LH/JT-000055
JT-000056;Jet Guitars JT-300 Sunburst LH;0;https://www.i-musicnetwork.com/Jet-Guitars-JT-300-Sunburst-LH/JT-000056
JT-000057;Jet Guitars JS-400 Olympic White LH;0;https://www.i-musicnetwork.com/Jet-Guitars-JS-400-Olympic-White-LH/JT-000057
MY-000784;Pickguard Sheet 3 ply 50 x 24 cm Black/white/black;0;https://www.i-musicnetwork.com/Pickguard-Sheet-3-ply-50-x-24-cm-Black-white-black/MY-000784
MY-000785;Maybach Lester Black Masterbuilt Floyd Rose;0;https://www.i-musicnetwork.com/Maybach-Lester-Black-Masterbuilt-Floyd-Rose/MY-000785
LTD-000033;Maybach Lester Jr. Single Cut 2xP90 Shoreline Gold Black Guard Heavy Relic;0;https://www.i-musicnetwork.com/Maybach-Lester-Jr.-Single-Cut-2xP90-Shoreline-Gold-Black-Guard-Heavy-Relic/LTD-000033
LTD-000034;Maybach Lester Jr. Single Cut 1xP90 1xPAF Pelham Blue Tortoise Guard Heavy Relic;0;https://www.i-musicnetwork.com/Maybach-Lester-Jr.-Single-Cut-1xP90-1xPAF-Pelham-Blue-Tortoise-Guard-Heavy-Relic/LTD-000034
LTD-000035;Maybach Lester Jr. Double Cut 2-P90 Gold Rush Black Guard Heavy Relic;0;https://www.i-musicnetwork.com/Maybach-Lester-Jr.-Double-Cut-2-P90-Gold-Rush-Black-Guard-Heavy-Relic/LTD-000035
LTD-000036;Maybach Lester Jr. Single Cut 1xP90 1xPAF Black Tortoise Guard Heavy Relic;0;https://www.i-musicnetwork.com/Maybach-Lester-Jr.-Single-Cut-1xP90-1xPAF-Black-Tortoise-Guard-Heavy-Relic/LTD-000036
LTD-MA-000006;Maton EBG 808 Artist Black Satin;0;https://www.i-musicnetwork.com/Maton-EBG-808-Artist-Black-Satin/LTD-MA-000006
MA-000178;Maton EMBW 6 Lefthand;0;https://www.i-musicnetwork.com/Maton-EMBW-6-Lefthand/MA-000178
LA-000003;Larson Heritage Prairie State OM-1 SM Torrefied;0;https://www.i-musicnetwork.com/Larson-Heritage-Prairie-State-OM-1-SM-Torrefied/LA-000003
LA-000004;Larson Heritage Prairie State OM-2 SR Torrefied;0;https://www.i-musicnetwork.com/Larson-Heritage-Prairie-State-OM-2-SR-Torrefied/LA-000004
ST-000287;Stanford CR Fatboy Golden Eye 95 Bigsby B60;0;https://www.i-musicnetwork.com/Stanford-CR-Fatboy-Golden-Eye-95-Bigsby-B60/ST-000287
MY-000813;Maybach Stradovari Superfly HSS Miami Green Heavy Relic;0;https://www.i-musicnetwork.com/Maybach-Stradovari-Superfly-HSS-Miami-Green-Heavy-Relic/MY-000813
MY-000815;Maybach Stradovari Superfly HSS Shoreline Gold Heavy Relic;0;https://www.i-musicnetwork.com/Maybach-Stradovari-Superfly-HSS-Shoreline-Gold-Heavy-Relic/MY-000815
MY-000818;Maybach Stradovari S61 Olympic White Heavy Relic;0;https://www.i-musicnetwork.com/Maybach-Stradovari-S61-Olympic-White-Heavy-Relic/MY-000818
LTD-000040;Maybach Jetwing 60s Slim Taper Blue Burst Metallic Custom Aged;0;https://www.i-musicnetwork.com/Maybach-Jetwing-60s-Slim-Taper-Blue-Burst-Metallic-Custom-Aged/LTD-000040
MY-000820;Maybach Stradovari Superfly HSS Olympic White Heavy Relic;0;https://www.i-musicnetwork.com/Maybach-Stradovari-Superfly-HSS-Olympic-White-Heavy-Relic/MY-000820
MY-000821;Maybach Stradovari S61 Miami Green Heavy Relic;0;https://www.i-musicnetwork.com/Maybach-Stradovari-S61-Miami-Green-Heavy-Relic/MY-000821
MY-000826;Maybach Albatroz '65-2 Dark Wine Red 60s Slim Taper Neck New-Look Lefthand;0;https://www.i-musicnetwork.com/Maybach-Albatroz-65-2-Dark-Wine-Red-60s-Slim-Taper-Neck-New-Look-Lefthand/MY-000826
MY-000827;Maybach Lester 53-3 Black Velvet Custom Bigsby B7 New-Look;0;https://www.i-musicnetwork.com/Maybach-Lester-53-3-Black-Velvet-Custom-Bigsby-B7-New-Look/MY-000827
MY-000828;Maybach Lester Jr '59 Double Cut Sherwood Green Aged;0;https://www.i-musicnetwork.com/Maybach-Lester-Jr-59-Double-Cut-Sherwood-Green-Aged/MY-000828
MY-000829;Maybach Capitol 59 Masterbuilt Black;0;https://www.i-musicnetwork.com/Maybach-Capitol-59-Masterbuilt-Black/MY-000829
MA-000190;Maton Messiah EM100-808 Vintage Amber Burst;0;https://www.i-musicnetwork.com/Maton-Messiah-EM100-808-Vintage-Amber-Burst/MA-000190
MY-000830;Maybach Jetwing Masterbuilt Checkerboard Aged;0;https://www.i-musicnetwork.com/Maybach-Jetwing-Masterbuilt-Checkerboard-Aged/MY-000830
MY-000833;Maybach Jetwing K Vintage White 60 Slim Taper;0;https://www.i-musicnetwork.com/Maybach-Jetwing-K-Vintage-White-60-Slim-Taper/MY-000833
MY-000834;Maybach Lester Olive Drop '57 Custom Slim Taper Aged;0;https://www.i-musicnetwork.com/Maybach-Lester-Olive-Drop-57-Custom-Slim-Taper-Aged/MY-000834
MY-000836;Maybach Albatroz 65-2 Olive Drop 60s Slim Taper Aged;0;https://www.i-musicnetwork.com/Maybach-Albatroz-65-2-Olive-Drop-60s-Slim-Taper-Aged/MY-000836
MY-000837;Maybach Lester Black Velvet '54 Custom Bigsby B7 New Look;0;https://www.i-musicnetwork.com/Maybach-Lester-Black-Velvet-54-Custom-Bigsby-B7-New-Look/MY-000837
MA-000192;Maton Sattel 12-String schwarz;0;https://www.i-musicnetwork.com/Maton-Sattel-12-String-schwarz/MA-000192
MA-000193;Maton Steg;0;https://www.i-musicnetwork.com/Maton-Steg/MA-000193
MY-000840;Maybach Capitol '59 Antique Burst 60 Slim Taper New-Look Lefthand;0;https://www.i-musicnetwork.com/Maybach-Capitol-59-Antique-Burst-60-Slim-Taper-New-Look-Lefthand/MY-000840
MY-000841;Maybach Jetwing M Vintage White Lefthand New Look;0;https://www.i-musicnetwork.com/Maybach-Jetwing-M-Vintage-White-Lefthand-New-Look/MY-000841
MY-000842;Maybach Lester Masterbuilt Checkerboard;0;https://www.i-musicnetwork.com/Maybach-Lester-Masterbuilt-Checkerboard/MY-000842
MY-000843;Maybach Stradovari Superfly HSS Masterbuilt Black Heavy Relic;0;https://www.i-musicnetwork.com/Maybach-Stradovari-Superfly-HSS-Masterbuilt-Black-Heavy-Relic/MY-000843
MY-000848;Maybach Jetwing M Vintage White 60 Slim Taper Lefthand;0;https://www.i-musicnetwork.com/Maybach-Jetwing-M-Vintage-White-60-Slim-Taper-Lefthand/MY-000848
MY-000851;Maybach Da Vinci Masterbuilt Fretted;0;https://www.i-musicnetwork.com/Maybach-Da-Vinci-Masterbuilt-Fretted/MY-000851
MY-000852;Maybach Texonian T54 Masterbuilt Gold;0;https://www.i-musicnetwork.com/Maybach-Texonian-T54-Masterbuilt-Gold/MY-000852
MY-000853;Maybach Capitol 59 Masterbuilt Green Metallic;0;https://www.i-musicnetwork.com/Maybach-Capitol-59-Masterbuilt-Green-Metallic/MY-000853
RF-000001;Maybach Masterbuilt Decals;0;https://www.i-musicnetwork.com/Maybach-Masterbuilt-Decals/RF-000001
MY-000855;Maybach Stradovari Masterbuilt 3-Tone Sunburst Heavy Relic;0;https://www.i-musicnetwork.com/Maybach-Stradovari-Masterbuilt-3-Tone-Sunburst-Heavy-Relic/MY-000855
MY-000856;Maybach Texonian T54 Masterbuilt Candy Apple Red;0;https://www.i-musicnetwork.com/Maybach-Texonian-T54-Masterbuilt-Candy-Apple-Red/MY-000856
MY-000857;Maybach Texonian Masterbuilt Gold Sparkle over Sunburst;0;https://www.i-musicnetwork.com/Maybach-Texonian-Masterbuilt-Gold-Sparkle-over-Sunburst/MY-000857
MY-000858;Maybach Jetwing K 58 Vintage Honey String Thru;0;https://www.i-musicnetwork.com/Maybach-Jetwing-K-58-Vintage-Honey-String-Thru/MY-000858
MY-000859;Maybach Lester Edelweiss '72 Custom Bigsby B7 Aged;0;https://www.i-musicnetwork.com/Maybach-Lester-Edelweiss-72-Custom-Bigsby-B7-Aged/MY-000859
MY-000860;Maybach Capitol 59 Black Bigsby B7 Aged;0;https://www.i-musicnetwork.com/Maybach-Capitol-59-Black-Bigsby-B7-Aged/MY-000860
MY-000861;Maybach Lester Midnight Sunset '59 Bigsby B7 Aged;0;https://www.i-musicnetwork.com/Maybach-Lester-Midnight-Sunset-59-Bigsby-B7-Aged/MY-000861
LA-000005;Larson Tribute Stahl 00-1 SM;0;https://www.i-musicnetwork.com/Larson-Tribute-Stahl-00-1-SM/LA-000005
LA-000009;Larson Masterbuilt Stahl 00 MM;0;https://www.i-musicnetwork.com/Larson-Masterbuilt-Stahl-00-MM/LA-000009
LA-000010;Larson Masterbuilt Stahl 00 S-MR;0;https://www.i-musicnetwork.com/Larson-Masterbuilt-Stahl-00-S-MR/LA-000010
LA-000011;Larson Masterbuilt Grand OM S-EW;0;https://www.i-musicnetwork.com/Larson-Masterbuilt-Grand-OM-S-EW/LA-000011
LA-000012;Larson Masterbuilt Grand OM S-MR;0;https://www.i-musicnetwork.com/Larson-Masterbuilt-Grand-OM-S-MR/LA-000012
MY-000863;Maybach Jetwing M Purple Sparkle 60s Slim Taper;0;https://www.i-musicnetwork.com/Maybach-Jetwing-M-Purple-Sparkle-60s-Slim-Taper/MY-000863
LTD-MA-000155;"Maton ""The Australian"" EA 808 - Satin Burst";0;https://www.i-musicnetwork.com/Maton-The-Australian-EA-808-Satin-Burst/LTD-MA-000155
LTD-MY-000868;Maybach X-Wing '76 K Vintage Honey Custom Shop Ltd. Edition;0;https://www.i-musicnetwork.com/Maybach-X-Wing-76-K-Vintage-Honey-Custom-Shop-Ltd.-Edition/LTD-MY-000868
MY-000871;Maybach X-Wing '76 M Silverburst 60 Slim Taper;0;https://www.i-musicnetwork.com/Maybach-X-Wing-76-M-Silverburst-60-Slim-Taper/MY-000871
MY-000872;Maybach X-Wing '76 M Shoreline Gold 60 Slim Taper;0;https://www.i-musicnetwork.com/Maybach-X-Wing-76-M-Shoreline-Gold-60-Slim-Taper/MY-000872
MY-000873;Maybach X-Wing '76 M Bullion Gold 60 Slim Taper;0;https://www.i-musicnetwork.com/Maybach-X-Wing-76-M-Bullion-Gold-60-Slim-Taper/MY-000873
JT-000095;Jet Guitars JS-300 SFG Sea Foam Green LH;0;https://www.i-musicnetwork.com/Jet-Guitars-JS-300-SFG-Sea-Foam-Green-LH/JT-000095
MY-000874;Maybach Stradovari Masterbuilt Gold Sparkle over Sunburst;0;https://www.i-musicnetwork.com/Maybach-Stradovari-Masterbuilt-Gold-Sparkle-over-Sunburst/MY-000874
JT-000096;Jet Guitars JT-300 AW G Antique White;0;https://www.i-musicnetwork.com/Jet-Guitars-JT-300-AW-G-Antique-White/JT-000096
MY-000875;Maybach Texonian Masterbuilt 2-Tone Sunburst;0;https://www.i-musicnetwork.com/Maybach-Texonian-Masterbuilt-2-Tone-Sunburst/MY-000875
MY-000876;Maybach Texonian T61 Masterbuilt Candy Apple Red;0;https://www.i-musicnetwork.com/Maybach-Texonian-T61-Masterbuilt-Candy-Apple-Red/MY-000876
MY-000877;Maybach Capitol 59 Masterbuilt Pelham Blue Metallic;0;https://www.i-musicnetwork.com/Maybach-Capitol-59-Masterbuilt-Pelham-Blue-Metallic/MY-000877
MY-000878;Maybach Lester Jr Double Cut Special Masterbuilt Arctic White;0;https://www.i-musicnetwork.com/Maybach-Lester-Jr-Double-Cut-Special-Masterbuilt-Arctic-White/MY-000878
MY-000879;Maybach Lester Masterbuilt Charcoal Cherry Burst;0;https://www.i-musicnetwork.com/Maybach-Lester-Masterbuilt-Charcoal-Cherry-Burst/MY-000879
MY-000880;Maybach Little Wing Masterbuilt Arched Top Cutaway Havanna Tobacco;0;https://www.i-musicnetwork.com/Maybach-Little-Wing-Masterbuilt-Arched-Top-Cutaway-Havanna-Tobacco/MY-000880
MY-000885;Maybach Albatroz Masterbuilt Special (2x PAF) Purple Sparkle;0;https://www.i-musicnetwork.com/Maybach-Albatroz-Masterbuilt-Special-2x-PAF-Purple-Sparkle/MY-000885
MY-000886;Maybach Capitol Midnight Sunset 60s Slim Taper Aged;0;https://www.i-musicnetwork.com/Maybach-Capitol-Midnight-Sunset-60s-Slim-Taper-Aged/MY-000886
JT-000097;Jet Guitars JT-300 BTS Blonde LH;0;https://www.i-musicnetwork.com/Jet-Guitars-JT-300-BTS-Blonde-LH/JT-000097
LA-000015;Larson Masterbuilt Grand OM S-BW;0;https://www.i-musicnetwork.com/Larson-Masterbuilt-Grand-OM-S-BW/LA-000015
JT-000098;Jet Guitars JL-500 Custom Black;0;https://www.i-musicnetwork.com/Jet-Guitars-JL-500-Custom-Black/JT-000098
MY-000887;Maybach Stradovari Superfly HSS Black Heavy Relic;0;https://www.i-musicnetwork.com/Maybach-Stradovari-Superfly-HSS-Black-Heavy-Relic/MY-000887
MY-000889;Maybach Albatroz '65-2 TV Yellow 60s Slim Taper Aged Lefthand;0;https://www.i-musicnetwork.com/Maybach-Albatroz-65-2-TV-Yellow-60s-Slim-Taper-Aged-Lefthand/MY-000889
MY-000890;Maybach Texonian Masterbuilt Reverse Silverburst Heavy Relic;0;https://www.i-musicnetwork.com/Maybach-Texonian-Masterbuilt-Reverse-Silverburst-Heavy-Relic/MY-000890
MY-000891;Maybach Stradovari Masterbuilt Black Gold Burst Heavy Relic;0;https://www.i-musicnetwork.com/Maybach-Stradovari-Masterbuilt-Black-Gold-Burst-Heavy-Relic/MY-000891
MY-000892;Maybach Texonian Masterbuilt Surf Green over Sunburst VT2 ND Heavy Relic;0;https://www.i-musicnetwork.com/Maybach-Texonian-Masterbuilt-Surf-Green-over-Sunburst-VT2-ND-Heavy-Relic/MY-000892
MY-000893;Maybach Lester Jr Double Cut Masterbuilt White over Sunburst;0;https://www.i-musicnetwork.com/Maybach-Lester-Jr-Double-Cut-Masterbuilt-White-over-Sunburst/MY-000893
MY-000894;Maybach Texonian Masterbuilt Vintage White Heavy Relic;0;https://www.i-musicnetwork.com/Maybach-Texonian-Masterbuilt-Vintage-White-Heavy-Relic/MY-000894
MY-000895;Maybach Stradovari S61 Masterbuilt Vintage White Stripes;0;https://www.i-musicnetwork.com/Maybach-Stradovari-S61-Masterbuilt-Vintage-White-Stripes/MY-000895
MY-000896;Maybach Albatroz '65-2 Vintage Cream Aged Lefthand;0;https://www.i-musicnetwork.com/Maybach-Albatroz-65-2-Vintage-Cream-Aged-Lefthand/MY-000896
MY-000898;Maybach Stradovari Masterbuilt HSS Psycho Swirl Floyd Rose;0;https://www.i-musicnetwork.com/Maybach-Stradovari-Masterbuilt-HSS-Psycho-Swirl-Floyd-Rose/MY-000898
MY-000899;Maybach Texonian Masterbuilt '80 Neon Graphic;0;https://www.i-musicnetwork.com/Maybach-Texonian-Masterbuilt-80-Neon-Graphic/MY-000899
MY-000900;Maybach Albatroz '65-2 TV Yellow Aged Lefthand;0;https://www.i-musicnetwork.com/Maybach-Albatroz-65-2-TV-Yellow-Aged-Lefthand/MY-000900
MY-000901;Maybach Albatroz '65-2 Gold Rush;0;https://www.i-musicnetwork.com/Maybach-Albatroz-65-2-Gold-Rush/MY-000901
MY-000902;Maybach X-Wing '76 M Vintage White New-Look;0;https://www.i-musicnetwork.com/Maybach-X-Wing-76-M-Vintage-White-New-Look/MY-000902
MY-000903;Maybach Stradovari Masterbuilt Checkerboard;0;https://www.i-musicnetwork.com/Maybach-Stradovari-Masterbuilt-Checkerboard/MY-000903
MY-000904;Maybach Albatroz '65 Dark Purple Sparkle Aged;0;https://www.i-musicnetwork.com/Maybach-Albatroz-65-Dark-Purple-Sparkle-Aged/MY-000904
MY-000905;Maybach Capitol '59 Winered Metallic Bigsby B7 Aged;0;https://www.i-musicnetwork.com/Maybach-Capitol-59-Winered-Metallic-Bigsby-B7-Aged/MY-000905
MY-000906;Maybach X-Wing Gigbag;0;https://www.i-musicnetwork.com/Maybach-X-Wing-Gigbag/MY-000906
MY-000907;Maybach Albatroz 65-3 P90 Frosty Pink New Look NITRO;0;https://www.i-musicnetwork.com/Maybach-Albatroz-65-3-P90-Frosty-Pink-New-Look-NITRO/MY-000907
MY-000909;Maybach Lester Jr Double Cut Special Masterbuilt Antique Walnut;0;https://www.i-musicnetwork.com/Maybach-Lester-Jr-Double-Cut-Special-Masterbuilt-Antique-Walnut/MY-000909
LA-000016;Larson Masterbuilt Stahl 00 MM Black Relic;0;https://www.i-musicnetwork.com/Larson-Masterbuilt-Stahl-00-MM-Black-Relic/LA-000016
LA-000017;Larson Masterbuilt Grand OM S-M Sunburst;0;https://www.i-musicnetwork.com/Larson-Masterbuilt-Grand-OM-S-M-Sunburst/LA-000017
LA-000018;Larson Masterbuilt Grand OM S-M;0;https://www.i-musicnetwork.com/Larson-Masterbuilt-Grand-OM-S-M/LA-000018
LA-000019;Larson Masterbuilt Grand OM S-K;0;https://www.i-musicnetwork.com/Larson-Masterbuilt-Grand-OM-S-K/LA-000019
LA-000020;Larson Masterbuilt Maurer S-K;0;https://www.i-musicnetwork.com/Larson-Masterbuilt-Maurer-S-K/LA-000020
LA-000021;Larson Masterbuilt Stahl 00 S-MR Relic;0;https://www.i-musicnetwork.com/Larson-Masterbuilt-Stahl-00-S-MR-Relic/LA-000021
MY-000912;Maybach Texonian Masterbuilt Punky Radioactive Black;0;https://www.i-musicnetwork.com/Maybach-Texonian-Masterbuilt-Punky-Radioactive-Black/MY-000912
BV-000100;Boveda Promo Pack;0;https://www.i-musicnetwork.com/Boveda-Promo-Pack/BV-000100
PT-000015;Patina Guitars PS-6 SGR R Sherwood Green Relic;0;https://www.i-musicnetwork.com/Patina-Guitars-PS-6-SGR-R-Sherwood-Green-Relic/PT-000015
SP-000044;Spira Guitars S-500 Headless GBR Trans Green;0;https://www.i-musicnetwork.com/Spira-Guitars-S-500-Headless-GBR-Trans-Green/SP-000044
MY-000914;Maybach Capitol '59 Antique Burst Bigsby B7 Aged Lefthand;0;https://www.i-musicnetwork.com/Maybach-Capitol-59-Antique-Burst-Bigsby-B7-Aged-Lefthand/MY-000914
JT-000114;Jet Logo Light 60cm;0;https://www.i-musicnetwork.com/Jet-Logo-Light-60cm/JT-000114
SP-000045;Spira Logo Light 60cm;0;https://www.i-musicnetwork.com/Spira-Logo-Light-60cm/SP-000045
BY-000006;Bigsby B5 LH Alu poliert;0;https://www.i-musicnetwork.com/Bigsby-B5-LH-Alu-poliert/BY-000006
BY-000007;Bigsby B7 LH Alu poliert;0;https://www.i-musicnetwork.com/Bigsby-B7-LH-Alu-poliert/BY-000007
BY-000008;Bigsby B7 Gold plated non painted;0;https://www.i-musicnetwork.com/Bigsby-B7-Gold-plated-non-painted/BY-000008
SP-000054;SPIRA Guitars SR-420 MWH Satin White;0;https://www.i-musicnetwork.com/SPIRA-Guitars-SR-420-MWH-Satin-White/SP-000054
JT-000115;Jet Guitars JPB-300 NBL Blue Metallic;0;https://www.i-musicnetwork.com/Jet-Guitars-JPB-300-NBL-Blue-Metallic/JT-000115
MY-000970;Maybach Lester Caddy Green Custom Slim Taper Aged;0;https://www.i-musicnetwork.com/Maybach-Lester-Caddy-Green-Custom-Slim-Taper-Aged/MY-000970
MY-000971;Maybach Lester Sherwood Green Custom Slim Taper Aged;0;https://www.i-musicnetwork.com/Maybach-Lester-Sherwood-Green-Custom-Slim-Taper-Aged/MY-000971
MY-000973;Maybach Texonian Custom Shop Honeyblade Ltd;0;https://www.i-musicnetwork.com/Maybach-Texonian-Custom-Shop-Honeyblade-Ltd/MY-000973
JT-000116;Jet Guitars JT-350 Relic SB Sunburst;0;https://www.i-musicnetwork.com/Jet-Guitars-JT-350-Relic-SB-Sunburst/JT-000116
LA-000022;Larson Masterbuilt Euphonon S-K;0;https://www.i-musicnetwork.com/Larson-Masterbuilt-Euphonon-S-K/LA-000022
LTD-000039;Maybach Lester Bullion Gold Wraparound 60s Slim Taper Aged;0;https://www.i-musicnetwork.com/Maybach-Lester-Bullion-Gold-Wraparound-60s-Slim-Taper-Aged/LTD-000039
MY-000974;Maybach X-Wing '76 K Vintage Honey Lefthand;0;https://www.i-musicnetwork.com/Maybach-X-Wing-76-K-Vintage-Honey-Lefthand/MY-000974
MY-0000974;Maybach Texonian Custom Shop Honeyblade 52-2 Ltd;0;https://www.i-musicnetwork.com/Maybach-Texonian-Custom-Shop-Honeyblade-52-2-Ltd/MY-0000974
JT-000117;JET Guitars JS-30 Elite Ash;0;https://www.i-musicnetwork.com/JET-Guitars-JS-30-Elite-Ash/JT-000117
MY-000977;Maybach Capitol 60s Slim Taper Black Aged;0;https://www.i-musicnetwork.com/Maybach-Capitol-60s-Slim-Taper-Black-Aged/MY-000977
MY-000978;Maybach Lester Midnight Sunset 60s Slim Taper New-Look Lefthand;0;https://www.i-musicnetwork.com/Maybach-Lester-Midnight-Sunset-60s-Slim-Taper-New-Look-Lefthand/MY-000978
JT-000118;JET Guitars JS-300 Vega SL Silver;0;https://www.i-musicnetwork.com/JET-Guitars-JS-300-Vega-SL-Silver/JT-000118
JT-000119;JET Guitars JS-300 Vega SG Sherwood Green;0;https://www.i-musicnetwork.com/JET-Guitars-JS-300-Vega-SG-Sherwood-Green/JT-000119
JT-000120;JET Guitars JS-400 Vega SL Silver;0;https://www.i-musicnetwork.com/JET-Guitars-JS-400-Vega-SL-Silver/JT-000120
JT-000121;JET Guitars JS-400 Vega SG Sherwood Green;0;https://www.i-musicnetwork.com/JET-Guitars-JS-400-Vega-SG-Sherwood-Green/JT-000121
MY-000980;Maybach X-Wing '76 K Vintage Honey New Look;0;https://www.i-musicnetwork.com/Maybach-X-Wing-76-K-Vintage-Honey-New-Look/MY-000980
JT-000122;JET Guitars PS-300 BK Pickguard SSS;0;https://www.i-musicnetwork.com/JET-Guitars-PS-300-BK-Pickguard-SSS/JT-000122
JT-000123;JET Guitars PS-300 TS Pickguard SSS;0;https://www.i-musicnetwork.com/JET-Guitars-PS-300-TS-Pickguard-SSS/JT-000123
JT-000124;JET Guitars PS-300 WH Pickguard SSS;0;https://www.i-musicnetwork.com/JET-Guitars-PS-300-WH-Pickguard-SSS/JT-000124
JT-000125;JET Guitars PS-400 BK Pickguard HSS;0;https://www.i-musicnetwork.com/JET-Guitars-PS-400-BK-Pickguard-HSS/JT-000125
JT-000126;JET Guitars PS-400 WH Pickguard HSS;0;https://www.i-musicnetwork.com/JET-Guitars-PS-400-WH-Pickguard-HSS/JT-000126
JT-000127;JET Guitars PS-400 TS Pickguard HSS;0;https://www.i-musicnetwork.com/JET-Guitars-PS-400-TS-Pickguard-HSS/JT-000127
JT-000129;JET Guitars PT-300 BK Pickguard SS;0;https://www.i-musicnetwork.com/JET-Guitars-PT-300-BK-Pickguard-SS/JT-000129
JT-000128;JET Guitars PT-300 WH Pickguard SS;0;https://www.i-musicnetwork.com/JET-Guitars-PT-300-WH-Pickguard-SS/JT-000128
JT-000130;JET Guitars JG-30 GY, Guitar Gigbag Grey;0;https://www.i-musicnetwork.com/JET-Guitars-JG-30-GY-Guitar-Gigbag-Grey/JT-000130
MA-000205;Maton Mini Stegeinlage;0;https://www.i-musicnetwork.com/Maton-Mini-Stegeinlage/MA-000205
MY-000982;Maybach Stradovari S54 Shoreline Gold Aged;0;https://www.i-musicnetwork.com/Maybach-Stradovari-S54-Shoreline-Gold-Aged/MY-000982
LTD-000041;Maybach Albatroz '65-2 Batwing Black Aged;0;https://www.i-musicnetwork.com/Maybach-Albatroz-65-2-Batwing-Black-Aged/LTD-000041
LA-000006;Larson Tribute Stahl 00-2 SR;0;https://www.i-musicnetwork.com/Larson-Tribute-Stahl-00-2-SR/LA-000006
LA-000007;Larson Tribute Stahl 00-3 SK;0;https://www.i-musicnetwork.com/Larson-Tribute-Stahl-00-3-SK/LA-000007
LA-000008;Larson Tribute Euphonon 000-1 SM;0;https://www.i-musicnetwork.com/Larson-Tribute-Euphonon-000-1-SM/LA-000008
LA-000047;Larson Tribute Euphonon 000-2 SR;0;https://www.i-musicnetwork.com/Larson-Tribute-Euphonon-000-2-SR/LA-000047
LA-000048;Larson Tribute Euphonon 000-3 SK;0;https://www.i-musicnetwork.com/Larson-Tribute-Euphonon-000-3-SK/LA-000048
LA-000049;Larson Tribute Maurer Concert-1 SK;0;https://www.i-musicnetwork.com/Larson-Tribute-Maurer-Concert-1-SK/LA-000049
LA-000050;Larson Tribute Maurer Concert-2 SR;0;https://www.i-musicnetwork.com/Larson-Tribute-Maurer-Concert-2-SR/LA-000050
LA-000051;Larson Tribute Stahl 00-4 MM;0;https://www.i-musicnetwork.com/Larson-Tribute-Stahl-00-4-MM/LA-000051
MY-000984;Maybach Lester Masterbuilt Mr Copper;0;https://www.i-musicnetwork.com/Maybach-Lester-Masterbuilt-Mr-Copper/MY-000984
MY-000985;Maybach Lester Masterbuilt Gold over Sunburst;0;https://www.i-musicnetwork.com/Maybach-Lester-Masterbuilt-Gold-over-Sunburst/MY-000985
PT-000023;Patina Guitars PS-3 SL Silver Metallic;0;https://www.i-musicnetwork.com/Patina-Guitars-PS-3-SL-Silver-Metallic/PT-000023
PT-000024;Patina Guitars PS-3 FRD Fiesta Red;0;https://www.i-musicnetwork.com/Patina-Guitars-PS-3-FRD-Fiesta-Red/PT-000024
PT-000025;Patina Guitars PS-4 SL Silver Metallic;0;https://www.i-musicnetwork.com/Patina-Guitars-PS-4-SL-Silver-Metallic/PT-000025
PT-000026;Patina Guitars PS-4 FRD Fiesta Red;0;https://www.i-musicnetwork.com/Patina-Guitars-PS-4-FRD-Fiesta-Red/PT-000026
PT-000027;Patina Guitars PJ-3 CAR Candy Apple Red;0;https://www.i-musicnetwork.com/Patina-Guitars-PJ-3-CAR-Candy-Apple-Red/PT-000027
PT-000028;Patina Guitars PJ-3 PP Purple;0;https://www.i-musicnetwork.com/Patina-Guitars-PJ-3-PP-Purple/PT-000028
PT-000029;Patina Guitars PJ-6 OX B R Oxblood Relic;0;https://www.i-musicnetwork.com/Patina-Guitars-PJ-6-OX-B-R-Oxblood-Relic/PT-000029
PT-000030;Patina Guitars PJ-6 SGR R Sherwood Green Relic;0;https://www.i-musicnetwork.com/Patina-Guitars-PJ-6-SGR-R-Sherwood-Green-Relic/PT-000030
ST-000292;Stanford CR Thinline 30 Olive Drop;0;https://www.i-musicnetwork.com/Stanford-CR-Thinline-30-Olive-Drop/ST-000292
ST-000293;Stanford CR Thinline 30 Onyx Black;0;https://www.i-musicnetwork.com/Stanford-CR-Thinline-30-Onyx-Black/ST-000293
PT-000031;Patina Guitars PPB-3 FRD Fiesta Red;0;https://www.i-musicnetwork.com/Patina-Guitars-PPB-3-FRD-Fiesta-Red/PT-000031
PT-000032;Patina Guitars PPB-3 CRC Charcoal;0;https://www.i-musicnetwork.com/Patina-Guitars-PPB-3-CRC-Charcoal/PT-000032
PT-000033;Patina Guitars PPJB-3 OW Olympic White;0;https://www.i-musicnetwork.com/Patina-Guitars-PPJB-3-OW-Olympic-White/PT-000033
PT-000034;Patina Guitars PPJB-3 LPB Lake Placid Blue;0;https://www.i-musicnetwork.com/Patina-Guitars-PPJB-3-LPB-Lake-Placid-Blue/PT-000034
SP-000061;SPIRA Guitars S-600 ABL Stained Blue;0;https://www.i-musicnetwork.com/SPIRA-Guitars-S-600-ABL-Stained-Blue/SP-000061
SP-000062;SPIRA Guitars S-600 APP Stained Purple;0;https://www.i-musicnetwork.com/SPIRA-Guitars-S-600-APP-Stained-Purple/SP-000062
SP-000063;SPIRA Guitars S-600 AGY Stained Dark Grey;0;https://www.i-musicnetwork.com/SPIRA-Guitars-S-600-AGY-Stained-Dark-Grey/SP-000063
SP-000064;SPIRA Guitars S-607 AGR Stained Green;0;https://www.i-musicnetwork.com/SPIRA-Guitars-S-607-AGR-Stained-Green/SP-000064
MY-000868;Maybach X-Wing '76 K Vintage Honey;0;https://www.i-musicnetwork.com/Maybach-X-Wing-76-K-Vintage-Honey/MY-000868
MY-000869;Maybach X-Wing '76 M Black Velvet;0;https://www.i-musicnetwork.com/Maybach-X-Wing-76-M-Black-Velvet/MY-000869
MY-000683;Maybach Marilyn FM Antique Violin Aged;0;https://www.i-musicnetwork.com/Maybach-Marilyn-FM-Antique-Violin-Aged/MY-000683
2ndH.SP001;SPIRA Guitars V-400 MBK B-Stock;0;https://www.i-musicnetwork.com/SPIRA-Guitars-V-400-MBK-B-Stock/2ndH.SP001
2ndH.SP002;SPIRA Guitars T-400 B-Ware / Social Media;0;https://www.i-musicnetwork.com/SPIRA-Guitars-T-400-B-Ware-Social-Media/2ndH.SP002
2ndH.SP003;SPIRA Guitars V-500 TPP B-Ware > Social M;0;https://www.i-musicnetwork.com/SPIRA-Guitars-V-500-TPP-B-Ware-Social-M/2ndH.SP003
2ndH.JET031;Jet Guitars JS-400 VYW Vintage Yellow;0;https://www.i-musicnetwork.com/Jet-Guitars-JS-400-VYW-Vintage-Yellow/2ndH.JET031
2ndH.SP005;SPIRA Guitars T-420 PP B-Stock;0;https://www.i-musicnetwork.com/SPIRA-Guitars-T-420-PP-B-Stock/2ndH.SP005
MY-000983;Maybach Albatroz '65-2 P90 Pelham Blue Aged;0;https://www.i-musicnetwork.com/Maybach-Albatroz-65-2-P90-Pelham-Blue-Aged/MY-000983
MY-000986;Maybach Jetwing K Vintage Honey 60 Slim Taper;0;https://www.i-musicnetwork.com/Maybach-Jetwing-K-Vintage-Honey-60-Slim-Taper/MY-000986
MY-000987;Maybach Jetwing M Black Velvet 60 Slim Taper;0;https://www.i-musicnetwork.com/Maybach-Jetwing-M-Black-Velvet-60-Slim-Taper/MY-000987
MY-000679;Maybach Capitol 59 Olive Drop Aged;0;https://www.i-musicnetwork.com/Maybach-Capitol-59-Olive-Drop-Aged/MY-000679
LE-000008;Leewald Metal Body Stager Duotone Vintage;0;https://www.i-musicnetwork.com/Leewald-Metal-Body-Stager-Duotone-Vintage/LE-000008
LA-000100;Larson Case Euphonon 000;0;https://www.i-musicnetwork.com/Larson-Case-Euphonon-000/LA-000100
LA-000101;Larson Case Maurer Concert;0;https://www.i-musicnetwork.com/Larson-Case-Maurer-Concert/LA-000101
LA-000001;Larson Heritage Prairie State OM-1 SM;0;https://www.i-musicnetwork.com/Larson-Heritage-Prairie-State-OM-1-SM/LA-000001
LA-000002;Larson Heritage Prairie State OM-2 SR;0;https://www.i-musicnetwork.com/Larson-Heritage-Prairie-State-OM-2-SR/LA-000002
LA-000103;Larson Case Stahl 00;0;https://www.i-musicnetwork.com/Larson-Case-Stahl-00/LA-000103
MA-000080;Maton Case Dreadnought DeLuxe;0;https://www.i-musicnetwork.com/Maton-Case-Dreadnought-DeLuxe/MA-000080
MA-000019;Maton Case MINI Deluxe;0;https://www.i-musicnetwork.com/Maton-Case-MINI-Deluxe/MA-000019
MA-000059;Maton Messiah EM100C 12 String;0;https://www.i-musicnetwork.com/Maton-Messiah-EM100C-12-String/MA-000059
PA-000008;Paramount Koffer Vintage Style O / Tricone / Triolian;0;https://www.i-musicnetwork.com/Paramount-Koffer-Vintage-Style-O-Tricone-Triolian/PA-000008
SC-000001;StageClix SC-Belt Pack;0;https://www.i-musicnetwork.com/StageClix-SC-Belt-Pack/SC-000001
SC-000002;StageClix SC-Jack VL3;0;https://www.i-musicnetwork.com/StageClix-SC-Jack-VL3/SC-000002
SC-000003;Stageclix Transmitter Jack;0;https://www.i-musicnetwork.com/Stageclix-Transmitter-Jack/SC-000003
SC-000004;Stageclix Transmitter Belt Pack;0;https://www.i-musicnetwork.com/Stageclix-Transmitter-Belt-Pack/SC-000004
SC-000005;Stageclix Pmm22;0;https://www.i-musicnetwork.com/Stageclix-Pmm22/SC-000005
SC-000006;Stageclix Avl630;0;https://www.i-musicnetwork.com/Stageclix-Avl630/SC-000006
SC-000007;Stageclix Tcm361;0;https://www.i-musicnetwork.com/Stageclix-Tcm361/SC-000007
SC-000008;Stageclix Extension cable;0;https://www.i-musicnetwork.com/Stageclix-Extension-cable/SC-000008
SC-000009;Stageclix Antenne für Jack;0;https://www.i-musicnetwork.com/Stageclix-Antenne-fuer-Jack/SC-000009
SC-000010;Stageclix Akku für Belt Pack;0;https://www.i-musicnetwork.com/Stageclix-Akku-fuer-Belt-Pack/SC-000010
SC-000011;Stageclix Akku für Jack;0;https://www.i-musicnetwork.com/Stageclix-Akku-fuer-Jack/SC-000011
SC-000012;Stageclix AVL 633;0;https://www.i-musicnetwork.com/Stageclix-AVL-633/SC-000012
SC-000013;Stageclix cable for PACK;0;https://www.i-musicnetwork.com/Stageclix-cable-for-PACK/SC-000013
MY-000020;Maybach Lester Midnight Sunset '59 New-Look;0;https://www.i-musicnetwork.com/Maybach-Lester-Midnight-Sunset-59-New-Look/MY-000020
MY-000021;Maybach Stradovari S54 2-Tone Sunburst New-Look;0;https://www.i-musicnetwork.com/Maybach-Stradovari-S54-2-Tone-Sunburst-New-Look/MY-000021
MY-000023;Maybach Texonian T54 Butterscotch Blackguard New-Look;0;https://www.i-musicnetwork.com/Maybach-Texonian-T54-Butterscotch-Blackguard-New-Look/MY-000023
MY-000024;Maybach Texonian T54 Vintage Cream New-Look;0;https://www.i-musicnetwork.com/Maybach-Texonian-T54-Vintage-Cream-New-Look/MY-000024
MY-000025;Maybach Stradovari S61 Caddy Blue New-Look;0;https://www.i-musicnetwork.com/Maybach-Stradovari-S61-Caddy-Blue-New-Look/MY-000025
MY-000027;Maybach Texonian T54 Caddy Blue New-Look;0;https://www.i-musicnetwork.com/Maybach-Texonian-T54-Caddy-Blue-New-Look/MY-000027
MY-000028;Maybach Texonian T54 Miami Green New-Look;0;https://www.i-musicnetwork.com/Maybach-Texonian-T54-Miami-Green-New-Look/MY-000028
MY-000035;Maybach Texonian T61 Vintage Cream New-Look;0;https://www.i-musicnetwork.com/Maybach-Texonian-T61-Vintage-Cream-New-Look/MY-000035
MY-000036;Maybach Texonian T61 Caddy Blue New-Look;0;https://www.i-musicnetwork.com/Maybach-Texonian-T61-Caddy-Blue-New-Look/MY-000036
MY-000037;Maybach Texonian T61 Miami Green New-Look;0;https://www.i-musicnetwork.com/Maybach-Texonian-T61-Miami-Green-New-Look/MY-000037
MY-000039;Maybach Texonian T54 2-Tone Sunburst New-Look;0;https://www.i-musicnetwork.com/Maybach-Texonian-T54-2-Tone-Sunburst-New-Look/MY-000039
MY-000041;Maybach Texonian T61 3-Tone Sunburst New-Look;0;https://www.i-musicnetwork.com/Maybach-Texonian-T61-3-Tone-Sunburst-New-Look/MY-000041
MY-000067;Maybach Capitol '59 Antique Burst New-Look;0;https://www.i-musicnetwork.com/Maybach-Capitol-59-Antique-Burst-New-Look/MY-000067
NA-000002;Nautilus Spectral (only Preamp);0;https://www.i-musicnetwork.com/Nautilus-Spectral-only-Preamp/NA-000002
NA-000003;Nautilus Spectral (only Pickup);0;https://www.i-musicnetwork.com/Nautilus-Spectral-only-Pickup/NA-000003
NA-000005;Nautilus Deep Blue (only Preamp + Mic);0;https://www.i-musicnetwork.com/Nautilus-Deep-Blue-only-Preamp-Mic/NA-000005
NA-000006;Nautilus Deep Blue (only Pickup);0;https://www.i-musicnetwork.com/Nautilus-Deep-Blue-only-Pickup/NA-000006
NA-000007;Nautilus Schachtel;0;https://www.i-musicnetwork.com/Nautilus-Schachtel/NA-000007
NA-000008;Nautilus Schachtel Innenleben - Deep Blue ( Schaumstoffeinlage );0;https://www.i-musicnetwork.com/Nautilus-Schachtel-Innenleben-Deep-Blue-Schaumstoffeinlage/NA-000008
NA-000009;Nautilus Schachtel Innenleben - Spectral ( Schaumstoffeinlage );0;https://www.i-musicnetwork.com/Nautilus-Schachtel-Innenleben-Spectral-Schaumstoffeinlage/NA-000009
400208;Paratuss Magic Pickguard Trans. PPG 214;0;https://www.i-musicnetwork.com/Paratuss-Magic-Pickguard-Trans.-PPG-214/400208
MY-000059;Maybach Lester Midnight Sunset '59 Lefthand Aged;0;https://www.i-musicnetwork.com/Maybach-Lester-Midnight-Sunset-59-Lefthand-Aged/MY-000059
MY-000062;Maybach Lester Gold Rush '57 New-Look Lefthand;0;https://www.i-musicnetwork.com/Maybach-Lester-Gold-Rush-57-New-Look-Lefthand/MY-000062
MY-000063;Maybach Texonian T54 Caddy Blue New-Look Lefthand;0;https://www.i-musicnetwork.com/Maybach-Texonian-T54-Caddy-Blue-New-Look-Lefthand/MY-000063
MY-000073;Maybach Albatroz '65 Dark Wine Red Aged Lefthand;0;https://www.i-musicnetwork.com/Maybach-Albatroz-65-Dark-Wine-Red-Aged-Lefthand/MY-000073
MY-000049;Maybach Lester Gold Rush P90 Lefthand Aged;0;https://www.i-musicnetwork.com/Maybach-Lester-Gold-Rush-P90-Lefthand-Aged/MY-000049
NA-000012;Nautilus Posydon (only preamp);0;https://www.i-musicnetwork.com/Nautilus-Posydon-only-preamp/NA-000012
NA-000013;Nautilus Posydon PF-21 (only pickup);0;https://www.i-musicnetwork.com/Nautilus-Posydon-PF-21-only-pickup/NA-000013
NA-000014;Nautilus Posydon (only mic);0;https://www.i-musicnetwork.com/Nautilus-Posydon-only-mic/NA-000014
MY-000120;Maybach Albatroz '65 TV Yellow Aged Lefthand;0;https://www.i-musicnetwork.com/Maybach-Albatroz-65-TV-Yellow-Aged-Lefthand/MY-000120
ST-000141;Stanford Case Parlor;0;https://www.i-musicnetwork.com/Stanford-Case-Parlor/ST-000141
MY-000136;Maybach Lester Dirty Lemon 60s Slim Taper Aged;0;https://www.i-musicnetwork.com/Maybach-Lester-Dirty-Lemon-60s-Slim-Taper-Aged/MY-000136
MY-000150;Maybach Lester Midnight Sunset 60s Slim Taper New-Look;0;https://www.i-musicnetwork.com/Maybach-Lester-Midnight-Sunset-60s-Slim-Taper-New-Look/MY-000150
VZ-000004;Van Zandt Strat True Vintage;0;https://www.i-musicnetwork.com/Van-Zandt-Strat-True-Vintage/VZ-000004
VZ-000006;Van Zandt Blues Model Strat-Set;0;https://www.i-musicnetwork.com/Van-Zandt-Blues-Model-Strat-Set/VZ-000006
MY-000158;Maybach Capitol '59 Antique Burst Aged Lefthand;0;https://www.i-musicnetwork.com/Maybach-Capitol-59-Antique-Burst-Aged-Lefthand/MY-000158
MY-000159;Maybach Texonian T61 Vintage Cream Aged Lefthand;0;https://www.i-musicnetwork.com/Maybach-Texonian-T61-Vintage-Cream-Aged-Lefthand/MY-000159
NA-000010;Nautilus Deep Blue (only Mic);0;https://www.i-musicnetwork.com/Nautilus-Deep-Blue-only-Mic/NA-000010
MY-000161;Maybach Texonian T54 Caddy Blue Aged Lefthand;0;https://www.i-musicnetwork.com/Maybach-Texonian-T54-Caddy-Blue-Aged-Lefthand/MY-000161
MY-000164;Maybach Vintage-Wiring Upgrade;0;https://www.i-musicnetwork.com/Maybach-Vintage-Wiring-Upgrade/MY-000164
SB-000012;Stromberg Montreux Trans Honey / Aged Nickel (Flame Maple Top);0;https://www.i-musicnetwork.com/Stromberg-Montreux-Trans-Honey-Aged-Nickel-Flame-Maple-Top/SB-000012
MY-000172;Maybach Lester Midnight Sunset '59 New-Look Lefthand;0;https://www.i-musicnetwork.com/Maybach-Lester-Midnight-Sunset-59-New-Look-Lefthand/MY-000172
ST-000203;Stanford Mechanik Radiotone Serie (schwarze Flügel,Basssaiten);0;https://www.i-musicnetwork.com/Stanford-Mechanik-Radiotone-Serie-schwarze-Fluegel-Basssaiten/ST-000203
ST-000204;Stanford Mechanik Radiotone Serie (schwarze Flügel,Diskantsaiten);0;https://www.i-musicnetwork.com/Stanford-Mechanik-Radiotone-Serie-schwarze-Fluegel-Diskantsaiten/ST-000204
ST-000215;Stanford Mechanik Crossroad Serie (Kluson,Diskantsaiten);0;https://www.i-musicnetwork.com/Stanford-Mechanik-Crossroad-Serie-Kluson-Diskantsaiten/ST-000215
ST-000216;Stanford Mechanik Crossroad Serie (Kluson,Basssaiten);0;https://www.i-musicnetwork.com/Stanford-Mechanik-Crossroad-Serie-Kluson-Basssaiten/ST-000216
MY-000175;CTS Pot, A250K Split-Shaft;0;https://www.i-musicnetwork.com/CTS-Pot-A250K-Split-Shaft/MY-000175
MY-000176;CTS Pot, B250K- Split-Shaft;0;https://www.i-musicnetwork.com/CTS-Pot-B250K-Split-Shaft/MY-000176
MY-000178;Maybach Teleman Jack Plate, nickel,aged;0;https://www.i-musicnetwork.com/Maybach-Teleman-Jack-Plate-nickel-aged/MY-000178
MY-000180;CTS Pot 250k Solid Shaft Short;0;https://www.i-musicnetwork.com/CTS-Pot-250k-Solid-Shaft-Short/MY-000180
MA-000105;Maton Mechanik groß, Gold (Grover,Basssaiten);0;https://www.i-musicnetwork.com/Maton-Mechanik-gross-Gold-Grover-Basssaiten/MA-000105
MA-000106;Maton Mechanik groß, Gold (Grover,Diskantsaiten);0;https://www.i-musicnetwork.com/Maton-Mechanik-gross-Gold-Grover-Diskantsaiten/MA-000106
MA-000107;Maton Mechanik klein, Gold (Grover,Diskantsaiten);0;https://www.i-musicnetwork.com/Maton-Mechanik-klein-Gold-Grover-Diskantsaiten/MA-000107
MA-000108;Maton Mechanik klein, Gold (Grover,Basssaiten);0;https://www.i-musicnetwork.com/Maton-Mechanik-klein-Gold-Grover-Basssaiten/MA-000108
MA-000109;Maton Mechanik groß, Nickel (Grover,Basssaiten);0;https://www.i-musicnetwork.com/Maton-Mechanik-gross-Nickel-Grover-Basssaiten/MA-000109
MA-000110;Maton Mechanik groß, Nickel (Grover,Diskantsaiten);0;https://www.i-musicnetwork.com/Maton-Mechanik-gross-Nickel-Grover-Diskantsaiten/MA-000110
MA-000111;Maton Mechanik klein, Nickel (Grover,Diskantsaiten);0;https://www.i-musicnetwork.com/Maton-Mechanik-klein-Nickel-Grover-Diskantsaiten/MA-000111
MA-000112;Maton Mechanik klein, Nickel (Grover,Basssaiten);0;https://www.i-musicnetwork.com/Maton-Mechanik-klein-Nickel-Grover-Basssaiten/MA-000112
MY-000181;Maybach Mechanik für Teleman/Stradovari (E6, tiefes E);0;https://www.i-musicnetwork.com/Maybach-Mechanik-fuer-Teleman-Stradovari-E6-tiefes-E/MY-000181
MY-000183;Maybach Mechanik für Teleman/Stradovari (A5-B2);0;https://www.i-musicnetwork.com/Maybach-Mechanik-fuer-Teleman-Stradovari-A5-B2/MY-000183
MY-000186;Pickup-Cover für Singlecoil Gitarren (Cream,New Look);0;https://www.i-musicnetwork.com/Pickup-Cover-fuer-Singlecoil-Gitarren-Cream-New-Look/MY-000186
MY-000189;Maybach Mechanik für Lester/Albatroz (Set, New Look) Kluson;0;https://www.i-musicnetwork.com/Maybach-Mechanik-fuer-Lester-Albatroz-Set-New-Look-Kluson/MY-000189
MY-000191;Maybach Lester Potiknopf (braun, aged) knob;0;https://www.i-musicnetwork.com/Maybach-Lester-Potiknopf-braun-aged-knob/MY-000191
MY-000192;Maybach Stradovari Volume-Knopf (weiß, aged);0;https://www.i-musicnetwork.com/Maybach-Stradovari-Volume-Knopf-weiss-aged/MY-000192
MY-000193;Maybach Stradovari Tone-Knopf (weiß, aged);0;https://www.i-musicnetwork.com/Maybach-Stradovari-Tone-Knopf-weiss-aged/MY-000193
MY-000194;Maybach Volume/Tone-Knopf für Teleman (Nickel, New Look);0;https://www.i-musicnetwork.com/Maybach-Volume-Tone-Knopf-fuer-Teleman-Nickel-New-Look/MY-000194
MY-000195;Maybach Albatroz Wraparound Bridge (tune-o-matic, aged);0;https://www.i-musicnetwork.com/Maybach-Albatroz-Wraparound-Bridge-tune-o-matic-aged/MY-000195
MY-000198;Maybach Lester Pickup-Rahmen (Set,aged);0;https://www.i-musicnetwork.com/Maybach-Lester-Pickup-Rahmen-Set-aged/MY-000198
MY-000199;Maybach Lester Pickup-Rahmen (Bridge, aged);0;https://www.i-musicnetwork.com/Maybach-Lester-Pickup-Rahmen-Bridge-aged/MY-000199
MY-000200;Maybach Lester Pickup-Rahmen (Neck, aged);0;https://www.i-musicnetwork.com/Maybach-Lester-Pickup-Rahmen-Neck-aged/MY-000200
MY-000201;Maybach Lester Pickguard Cream, aged;0;https://www.i-musicnetwork.com/Maybach-Lester-Pickguard-Cream-aged/MY-000201
MY-000202;Maybach Lester Stoptail, aged;0;https://www.i-musicnetwork.com/Maybach-Lester-Stoptail-aged/MY-000202
MY-000203;Maybach Stradovari/Teleman Knochensattel;0;https://www.i-musicnetwork.com/Maybach-Stradovari-Teleman-Knochensattel/MY-000203
MY-000204;Maybach Lester Knochensattel;0;https://www.i-musicnetwork.com/Maybach-Lester-Knochensattel/MY-000204
MY-000205;Maybach Jack Plate Aged für Lester;0;https://www.i-musicnetwork.com/Maybach-Jack-Plate-Aged-fuer-Lester/MY-000205
MY-000207;CTS Pot, A500K- Split-Shaft;0;https://www.i-musicnetwork.com/CTS-Pot-A500K-Split-Shaft/MY-000207
MY-000211;Maybach Lester Rhythm/Treble Ring, Creme;0;https://www.i-musicnetwork.com/Maybach-Lester-Rhythm-Treble-Ring-Creme/MY-000211
MY-000212;Maybach Lester Rhythm/Treble Ring, Black;0;https://www.i-musicnetwork.com/Maybach-Lester-Rhythm-Treble-Ring-Black/MY-000212
MY-000213;Maybach Teleman Bridge aged;0;https://www.i-musicnetwork.com/Maybach-Teleman-Bridge-aged/MY-000213
MY-000215;Maybach Buchse/Jack;0;https://www.i-musicnetwork.com/Maybach-Buchse-Jack/MY-000215
MY-000218;Maybach Lester Trussrod Cover;0;https://www.i-musicnetwork.com/Maybach-Lester-Trussrod-Cover/MY-000218
MY-000219;Maybach Teleman T-Tune Bridge Set;0;https://www.i-musicnetwork.com/Maybach-Teleman-T-Tune-Bridge-Set/MY-000219
MY-000220;Maybach Teleman T-Tune Bridge New Look Lefthand;0;https://www.i-musicnetwork.com/Maybach-Teleman-T-Tune-Bridge-New-Look-Lefthand/MY-000220
MY-000221;Maybach Teleman T-Tune Saddle (E6,A5);0;https://www.i-musicnetwork.com/Maybach-Teleman-T-Tune-Saddle-E6-A5/MY-000221
MY-000222;Maybach Teleman T-Tune standard Saddle;0;https://www.i-musicnetwork.com/Maybach-Teleman-T-Tune-standard-Saddle/MY-000222
MY-000223;Maybach Teleman T-Tune Saddle (E6,A5) Lefthand;0;https://www.i-musicnetwork.com/Maybach-Teleman-T-Tune-Saddle-E6-A5-Lefthand/MY-000223
MY-000224;Maybach Teleman T-Tune Inbus;0;https://www.i-musicnetwork.com/Maybach-Teleman-T-Tune-Inbus/MY-000224
MY-000225;Maybach Teleman T-Tune Befestigungsschraube;0;https://www.i-musicnetwork.com/Maybach-Teleman-T-Tune-Befestigungsschraube/MY-000225
MY-000226;Maybach Teleman T-Tune Saddle-Schraube;0;https://www.i-musicnetwork.com/Maybach-Teleman-T-Tune-Saddle-Schraube/MY-000226
MY-000227;Maybach Teleman T-Tune Feder;0;https://www.i-musicnetwork.com/Maybach-Teleman-T-Tune-Feder/MY-000227
MY-000228;Maybach Teleman T-Tune Madenschraube 3/8;0;https://www.i-musicnetwork.com/Maybach-Teleman-T-Tune-Madenschraube-3-8/MY-000228
MY-000229;Maybach Teleman T-Tune Madenschraube 5/16;0;https://www.i-musicnetwork.com/Maybach-Teleman-T-Tune-Madenschraube-5-16/MY-000229
MY-000230;Maybach Teleman T-Tune Madenschraube 7/16;0;https://www.i-musicnetwork.com/Maybach-Teleman-T-Tune-Madenschraube-7-16/MY-000230
GS-000001;Global Style Fiberglass Classical Case / Black;0;https://www.i-musicnetwork.com/Global-Style-Fiberglass-Classical-Case-Black/GS-000001
MA-000124;Maton Stoptail;0;https://www.i-musicnetwork.com/Maton-Stoptail/MA-000124
MA-000125;Maton Tune-O-Matic Bridge;0;https://www.i-musicnetwork.com/Maton-Tune-O-Matic-Bridge/MA-000125
MA-000126;Maton Pickguard für MS500 white;0;https://www.i-musicnetwork.com/Maton-Pickguard-fuer-MS500-white/MA-000126
MA-000127;Maton Pickguard für MS500 black;0;https://www.i-musicnetwork.com/Maton-Pickguard-fuer-MS500-black/MA-000127
MA-000128;Maton Pickguard für MS503 black;0;https://www.i-musicnetwork.com/Maton-Pickguard-fuer-MS503-black/MA-000128
MA-000129;Maton Pickguard für MS503 white;0;https://www.i-musicnetwork.com/Maton-Pickguard-fuer-MS503-white/MA-000129
MA-000136;Maton MBN1 Neck;0;https://www.i-musicnetwork.com/Maton-MBN1-Neck/MA-000136
MA-000137;Maton MBB2 Bridge;0;https://www.i-musicnetwork.com/Maton-MBB2-Bridge/MA-000137
MA-000138;Maton MHN0 Neck;0;https://www.i-musicnetwork.com/Maton-MHN0-Neck/MA-000138
MA-000139;Maton MVSC Pickup;0;https://www.i-musicnetwork.com/Maton-MVSC-Pickup/MA-000139
MA-000140;Maton MVHB Pickup;0;https://www.i-musicnetwork.com/Maton-MVHB-Pickup/MA-000140
MY-000232;Maybach Stradovari S61 Olympic White Aged Lefthand;0;https://www.i-musicnetwork.com/Maybach-Stradovari-S61-Olympic-White-Aged-Lefthand/MY-000232
MY-000241;Maybach Lester Wild Cherry 60s Slim Taper Lefthand Aged;0;https://www.i-musicnetwork.com/Maybach-Lester-Wild-Cherry-60s-Slim-Taper-Lefthand-Aged/MY-000241
LA-000125;Larson Custom Shop The Grand;0;https://www.i-musicnetwork.com/Larson-Custom-Shop-The-Grand/LA-000125
MO-000002;Monty's Guitars P90 Bridge;0;https://www.i-musicnetwork.com/Monty-s-Guitars-P90-Bridge/MO-000002
MY-000236;Maybach Lester Earl Grey '59 New-Look;0;https://www.i-musicnetwork.com/Maybach-Lester-Earl-Grey-59-New-Look/MY-000236
MY-000242;Maybach Texonian T61 Red Rooster Custom Aged Lefthand;0;https://www.i-musicnetwork.com/Maybach-Texonian-T61-Red-Rooster-Custom-Aged-Lefthand/MY-000242
MY-000245;Maybach Stradovari S61 Masterbuilt Gold over green Paisley;0;https://www.i-musicnetwork.com/Maybach-Stradovari-S61-Masterbuilt-Gold-over-green-Paisley/MY-000245
MA-000151;Maton Buchse;0;https://www.i-musicnetwork.com/Maton-Buchse/MA-000151
MA-000152;Maton Piezo;0;https://www.i-musicnetwork.com/Maton-Piezo/MA-000152
MY-000249;Maybach Logo M.o.P;0;https://www.i-musicnetwork.com/Maybach-Logo-M.o.P/MY-000249
MA-000156;The Music That Maton Made;0;https://www.i-musicnetwork.com/The-Music-That-Maton-Made/MA-000156
MO-000003;Monty's Guitars P.A.F. Aged Nickel Neck;0;https://www.i-musicnetwork.com/Monty-s-Guitars-P.A.F.-Aged-Nickel-Neck/MO-000003
MO-000004;Monty's Guitars P.A.F. Aged Nickel Bridge;0;https://www.i-musicnetwork.com/Monty-s-Guitars-P.A.F.-Aged-Nickel-Bridge/MO-000004
CM-000001-warranty;Chord & Major Tonal Earphones - World 5'14 - WARRANTY EARPHONE;0;https://www.i-musicnetwork.com/Chord-Major-Tonal-Earphones-World-5-14-WARRANTY-EARPHONE/CM-000001-warranty
CM-000002-warranty;Chord & Major Tonal Earphones - Ballad 6'13 - WARRANTY EARPHONE;0;https://www.i-musicnetwork.com/Chord-Major-Tonal-Earphones-Ballad-6-13-WARRANTY-EARPHONE/CM-000002-warranty
CM-000003-warranty;Chord & Major Tonal Earphones - Jazz 7'13 - WARRANTY EARPHONE;0;https://www.i-musicnetwork.com/Chord-Major-Tonal-Earphones-Jazz-7-13-WARRANTY-EARPHONE/CM-000003-warranty
CM-000004-warranty;Chord & Major Tonal Earphones - Rock 8'13 - WARRANTY EARPHONE;0;https://www.i-musicnetwork.com/Chord-Major-Tonal-Earphones-Rock-8-13-WARRANTY-EARPHONE/CM-000004-warranty
CM-000005-warranty;Chord & Major Tonal Earphones - Classical 9'13 - WARRANTY EARPHONE;0;https://www.i-musicnetwork.com/Chord-Major-Tonal-Earphones-Classical-9-13-WARRANTY-EARPHONE/CM-000005-warranty
CM-000006-warranty;Chord & Major Tonal Earphones - Electronic 01'16 - WARRANTY EARPHONE;0;https://www.i-musicnetwork.com/Chord-Major-Tonal-Earphones-Electronic-01-16-WARRANTY-EARPHONE/CM-000006-warranty
MY-000254;Maybach Tele Bridge Custom;0;https://www.i-musicnetwork.com/Maybach-Tele-Bridge-Custom/MY-000254
MY-000255;Thinline Pickguard 3-Ply Mint;0;https://www.i-musicnetwork.com/Thinline-Pickguard-3-Ply-Mint/MY-000255
MY-000256;Thinline Pickguard 3-Ply Cream Pearloid;0;https://www.i-musicnetwork.com/Thinline-Pickguard-3-Ply-Cream-Pearloid/MY-000256
MY-000257;Thinline Pickguard 3-Ply Tortoise;0;https://www.i-musicnetwork.com/Thinline-Pickguard-3-Ply-Tortoise/MY-000257
MY-000260;Stradovari Pickguard 3-Ply Mint;0;https://www.i-musicnetwork.com/Stradovari-Pickguard-3-Ply-Mint/MY-000260
MY-000264;Stradovari Pickguard 3-Ply White Pearloid;0;https://www.i-musicnetwork.com/Stradovari-Pickguard-3-Ply-White-Pearloid/MY-000264
MY-000267;Maybach T-Tune Short Bridge Set;0;https://www.i-musicnetwork.com/Maybach-T-Tune-Short-Bridge-Set/MY-000267
MY-000268;Maybach Lester Wild Cherry '59 New-Look;0;https://www.i-musicnetwork.com/Maybach-Lester-Wild-Cherry-59-New-Look/MY-000268
NA-000017;Nautilus Posydon Potiknöpfe (Ebenholz mit Marker);0;https://www.i-musicnetwork.com/Nautilus-Posydon-Potiknoepfe-Ebenholz-mit-Marker/NA-000017
MY-000282;Maybach Little Wing Flat Top Cutaway Midnight Sunset Aged;0;https://www.i-musicnetwork.com/Maybach-Little-Wing-Flat-Top-Cutaway-Midnight-Sunset-Aged/MY-000282
MY-000283;Maybach Little Wing Flat Top Cutaway (2x PAF) Havana Tobacco Aged;0;https://www.i-musicnetwork.com/Maybach-Little-Wing-Flat-Top-Cutaway-2x-PAF-Havana-Tobacco-Aged/MY-000283
MY-000285;Maybach Little Wing Flat Top Cutaway (2x PAF) Dirty Lemon Aged;0;https://www.i-musicnetwork.com/Maybach-Little-Wing-Flat-Top-Cutaway-2x-PAF-Dirty-Lemon-Aged/MY-000285
MY-000291;Maybach Little Wing Arched Top Cutaway Havana Tobacco Aged;0;https://www.i-musicnetwork.com/Maybach-Little-Wing-Arched-Top-Cutaway-Havana-Tobacco-Aged/MY-000291
MY-000292;Maybach Little Wing Arched Top Cutaway Earl Grey Aged;0;https://www.i-musicnetwork.com/Maybach-Little-Wing-Arched-Top-Cutaway-Earl-Grey-Aged/MY-000292
MY-000293;Maybach Little Wing Arched Top Cutaway Dirty Lemon Aged;0;https://www.i-musicnetwork.com/Maybach-Little-Wing-Arched-Top-Cutaway-Dirty-Lemon-Aged/MY-000293
NA-000018;Nautilus Posydon Potiknöpfe (Schlangenholz mit Marker);0;https://www.i-musicnetwork.com/Nautilus-Posydon-Potiknoepfe-Schlangenholz-mit-Marker/NA-000018
MZ-000044;Martinez MP-14 MH Mahagoni;0;https://www.i-musicnetwork.com/Martinez-MP-14-MH-Mahagoni/MZ-000044
MY-000294;Maybach Lester Midnight Sunset 60s Slim Taper Lefthand Aged;0;https://www.i-musicnetwork.com/Maybach-Lester-Midnight-Sunset-60s-Slim-Taper-Lefthand-Aged/MY-000294
MY-000296;Maybach Little Wing Flat Top Cutaway P90 Midnight Sunset Aged;0;https://www.i-musicnetwork.com/Maybach-Little-Wing-Flat-Top-Cutaway-P90-Midnight-Sunset-Aged/MY-000296
MY-000297;Maybach Lester Havana Tobacco 58 New-Look Lefthand;0;https://www.i-musicnetwork.com/Maybach-Lester-Havana-Tobacco-58-New-Look-Lefthand/MY-000297
PL-000010;Bone Nut/Sattel 45x8x5;0;https://www.i-musicnetwork.com/Bone-Nut-Sattel-45x8x5/PL-000010
PL-000012;Bone Nut/Sattel 55,9x10,8x4,8;0;https://www.i-musicnetwork.com/Bone-Nut-Sattel-55-9x10-8x4-8/PL-000012
PL-000013;Bone Nut/Sattel 52x9x6;0;https://www.i-musicnetwork.com/Bone-Nut-Sattel-52x9x6/PL-000013
MY-000298;Maybach Knob Black Aged Albatroz / Lester Poti Knopf;0;https://www.i-musicnetwork.com/Maybach-Knob-Black-Aged-Albatroz-Lester-Poti-Knopf/MY-000298
MY-000299;Maybach Texonian T54 Vintage Cream Aged Lefthand;0;https://www.i-musicnetwork.com/Maybach-Texonian-T54-Vintage-Cream-Aged-Lefthand/MY-000299
MY-000300;Maybach Knob Black Aged Albatroz / Lester Jr. / Black Velvet / Edelw.;0;https://www.i-musicnetwork.com/Maybach-Knob-Black-Aged-Albatroz-Lester-Jr.-Black-Velvet-Edelw./MY-000300
MY-000302;Maybach Lester Edelweiss '72 Custom Lefthand Aged;0;https://www.i-musicnetwork.com/Maybach-Lester-Edelweiss-72-Custom-Lefthand-Aged/MY-000302
MY-000304;Maybach Lester Wild Saffron Custom Shop '60 Slim Taper New-Look;0;https://www.i-musicnetwork.com/Maybach-Lester-Wild-Saffron-Custom-Shop-60-Slim-Taper-New-Look/MY-000304
MY-000312;Maybach Albatroz '65-2 Winered 60s Slim Taper Aged;0;https://www.i-musicnetwork.com/Maybach-Albatroz-65-2-Winered-60s-Slim-Taper-Aged/MY-000312
MY-000317;Maybach Texonian T52-2 Caddy Blue-Keith;0;https://www.i-musicnetwork.com/Maybach-Texonian-T52-2-Caddy-Blue-Keith/MY-000317
MY-000318;Maybach Texonian T54 Candy Apple Red Aged;0;https://www.i-musicnetwork.com/Maybach-Texonian-T54-Candy-Apple-Red-Aged/MY-000318
MY-000332;Maybach Lester Black Velvet '54 Custom Bigsby B7 New Look;0;https://www.i-musicnetwork.com/Maybach-Lester-Black-Velvet-54-Custom-Bigsby-B7-New-Look/MY-000332
MY-000336;Maybach Da Vinci Bass Fretless;0;https://www.i-musicnetwork.com/Maybach-Da-Vinci-Bass-Fretless/MY-000336
MY-000337;Maybach Lester Ice Tea Faded '59 Aged Lefthand;0;https://www.i-musicnetwork.com/Maybach-Lester-Ice-Tea-Faded-59-Aged-Lefthand/MY-000337
MY-000340;Kondensator NOS PIO 0.05 -20% für Single-Coils;0;https://www.i-musicnetwork.com/Kondensator-NOS-PIO-0.05-20-fuer-Single-Coils/MY-000340
MY-000341;Kondensator NOS PIO 0.022 für Humbucker;0;https://www.i-musicnetwork.com/Kondensator-NOS-PIO-0.022-fuer-Humbucker/MY-000341
MY-000342;Maybach Lester Ice Tea Faded 60s Slim Taper New-Look;0;https://www.i-musicnetwork.com/Maybach-Lester-Ice-Tea-Faded-60s-Slim-Taper-New-Look/MY-000342
MY-000343;Maybach Lester Midnight Sunset P90 Aged Lefthand;0;https://www.i-musicnetwork.com/Maybach-Lester-Midnight-Sunset-P90-Aged-Lefthand/MY-000343
MY-000344;Maybach Lester Black Velvet '54 Custom New-Look;0;https://www.i-musicnetwork.com/Maybach-Lester-Black-Velvet-54-Custom-New-Look/MY-000344
MY-000345;Maybach Lester Black Velvet '57 Custom 60s Slim Taper Aged Lefthand;0;https://www.i-musicnetwork.com/Maybach-Lester-Black-Velvet-57-Custom-60s-Slim-Taper-Aged-Lefthand/MY-000345
MY-000347;Maybach Lester Midnight Sunset '59 Custom Shop Aged;0;https://www.i-musicnetwork.com/Maybach-Lester-Midnight-Sunset-59-Custom-Shop-Aged/MY-000347
MY-000348;Maybach Lester Pelham Blue P90 New-Look;0;https://www.i-musicnetwork.com/Maybach-Lester-Pelham-Blue-P90-New-Look/MY-000348
MY-000351;Maybach Masterbuilt Convair Tangerine Sparkle;0;https://www.i-musicnetwork.com/Maybach-Masterbuilt-Convair-Tangerine-Sparkle/MY-000351
MY-000352;Maybach Volume/Tone-Knopf für Teleman (Nickel, Aged);0;https://www.i-musicnetwork.com/Maybach-Volume-Tone-Knopf-fuer-Teleman-Nickel-Aged/MY-000352
MY-000353;Maybach Albatroz '65-2 Black Aged;0;https://www.i-musicnetwork.com/Maybach-Albatroz-65-2-Black-Aged/MY-000353
MY-000372;Maybach Lester Ice Tea Faded Custom Shop Aged;0;https://www.i-musicnetwork.com/Maybach-Lester-Ice-Tea-Faded-Custom-Shop-Aged/MY-000372
MY-000373;Maybach Lester Earl Grey '60 Slim Taper Aged Lefthand;0;https://www.i-musicnetwork.com/Maybach-Lester-Earl-Grey-60-Slim-Taper-Aged-Lefthand/MY-000373
MY-000374;Stradovari Pickguard 3-Ply Black Aged;0;https://www.i-musicnetwork.com/Stradovari-Pickguard-3-Ply-Black-Aged/MY-000374
MY-000375;Maybach Lester Earl Grey '59 Aged Lefthand;0;https://www.i-musicnetwork.com/Maybach-Lester-Earl-Grey-59-Aged-Lefthand/MY-000375
MY-000377;Maybach Texonian Pickguard Cream 3-Ply New-Look;0;https://www.i-musicnetwork.com/Maybach-Texonian-Pickguard-Cream-3-Ply-New-Look/MY-000377
MY-000379;Maybach Texonian Pickguard Black Bakelit Aged;0;https://www.i-musicnetwork.com/Maybach-Texonian-Pickguard-Black-Bakelit-Aged/MY-000379
MY-000380;Maybach Tune-o-matic Bridge incl. Nashville Adapter Nickel Aged;0;https://www.i-musicnetwork.com/Maybach-Tune-o-matic-Bridge-incl.-Nashville-Adapter-Nickel-Aged/MY-000380
MY-000381;Maybach Texonian Pickguard Cream 3-Ply Aged;0;https://www.i-musicnetwork.com/Maybach-Texonian-Pickguard-Cream-3-Ply-Aged/MY-000381
MY-000382;Maybach Texonian Pickguard White Bakelite Aged;0;https://www.i-musicnetwork.com/Maybach-Texonian-Pickguard-White-Bakelite-Aged/MY-000382
MY-000383;Maybach Texonian Pickguard White 3-Ply New-Look;0;https://www.i-musicnetwork.com/Maybach-Texonian-Pickguard-White-3-Ply-New-Look/MY-000383
VZ-000005;Van Zandt Vintage Plus Strat Set;0;https://www.i-musicnetwork.com/Van-Zandt-Vintage-Plus-Strat-Set/VZ-000005
MY-000386;Maybach Lester Jr. / Albatroz Wraparound Bridge (lightning) aged;0;https://www.i-musicnetwork.com/Maybach-Lester-Jr.-Albatroz-Wraparound-Bridge-lightning-aged/MY-000386
MY-000388;Maybach Motone J Vintage Cream Aged;0;https://www.i-musicnetwork.com/Maybach-Motone-J-Vintage-Cream-Aged/MY-000388
MY-000390;Maybach Motone J Vintage Blonde Aged;0;https://www.i-musicnetwork.com/Maybach-Motone-J-Vintage-Blonde-Aged/MY-000390
MY-000391;Maybach Motone J Shoreline Gold Metallic Aged;0;https://www.i-musicnetwork.com/Maybach-Motone-J-Shoreline-Gold-Metallic-Aged/MY-000391
MY-000395;Maybach Motone J Candy Apple Red Metallic Aged;0;https://www.i-musicnetwork.com/Maybach-Motone-J-Candy-Apple-Red-Metallic-Aged/MY-000395
MY-000398;Maybach Motone J Sea Foam Green Aged;0;https://www.i-musicnetwork.com/Maybach-Motone-J-Sea-Foam-Green-Aged/MY-000398
MY-000402;Maybach Motone P Fiesta Red Aged;0;https://www.i-musicnetwork.com/Maybach-Motone-P-Fiesta-Red-Aged/MY-000402
MY-000403;Maybach Motone P Dakota Red Aged;0;https://www.i-musicnetwork.com/Maybach-Motone-P-Dakota-Red-Aged/MY-000403
MY-000405;Maybach Motone P Sonic Blue Aged;0;https://www.i-musicnetwork.com/Maybach-Motone-P-Sonic-Blue-Aged/MY-000405
MY-000406;Maybach Motone P Vintage Blonde Aged;0;https://www.i-musicnetwork.com/Maybach-Motone-P-Vintage-Blonde-Aged/MY-000406
MY-000408;Maybach Motone P Sherwood Green Metallic Aged;0;https://www.i-musicnetwork.com/Maybach-Motone-P-Sherwood-Green-Metallic-Aged/MY-000408
MY-000411;Maybach Lester Ice Tea Faded P90 60s Slim Taper Aged;0;https://www.i-musicnetwork.com/Maybach-Lester-Ice-Tea-Faded-P90-60s-Slim-Taper-Aged/MY-000411
MY-000422;Maybach Lester Jr '59 Double Cut Wine Red New-Look;0;https://www.i-musicnetwork.com/Maybach-Lester-Jr-59-Double-Cut-Wine-Red-New-Look/MY-000422
MY-000412;Maybach Marilyn FM Midnight Sunset New-Look Lefthand;0;https://www.i-musicnetwork.com/Maybach-Marilyn-FM-Midnight-Sunset-New-Look-Lefthand/MY-000412
MY-000421;Maybach Lester Jr '56 Special Single Cut Antique Walnut New-Look;0;https://www.i-musicnetwork.com/Maybach-Lester-Jr-56-Special-Single-Cut-Antique-Walnut-New-Look/MY-000421
MY-000418;Maybach Texonian T52-2 Butterscotch Blackguard-Keith New-Look;0;https://www.i-musicnetwork.com/Maybach-Texonian-T52-2-Butterscotch-Blackguard-Keith-New-Look/MY-000418
MY-000415;Maybach Convair CS Special '59 New-Look Lefthand;0;https://www.i-musicnetwork.com/Maybach-Convair-CS-Special-59-New-Look-Lefthand/MY-000415
MY-000416;Maybach Texonian T61 Red Rooster Custom New-Look;0;https://www.i-musicnetwork.com/Maybach-Texonian-T61-Red-Rooster-Custom-New-Look/MY-000416
MY-000420;Maybach Lester Wild Saffron Custom Shop P90 New-Look Lefthand;0;https://www.i-musicnetwork.com/Maybach-Lester-Wild-Saffron-Custom-Shop-P90-New-Look-Lefthand/MY-000420
MY-000425;Maybach Little Wing Arched Top Cutaway Midnight Sunset Lefthand Aged;0;https://www.i-musicnetwork.com/Maybach-Little-Wing-Arched-Top-Cutaway-Midnight-Sunset-Lefthand-Aged/MY-000425
MY-000426;Maybach Little Wing Flat Top Cutaway Midnight Sunset Lefthand Aged;0;https://www.i-musicnetwork.com/Maybach-Little-Wing-Flat-Top-Cutaway-Midnight-Sunset-Lefthand-Aged/MY-000426
MY-000429;Maybach Engraved Alu Parts for Savage Rose;0;https://www.i-musicnetwork.com/Maybach-Engraved-Alu-Parts-for-Savage-Rose/MY-000429
MY-000430;Maybach Stradovari S54 Bleached Banana Aged;0;https://www.i-musicnetwork.com/Maybach-Stradovari-S54-Bleached-Banana-Aged/MY-000430
MY-000431;Maybach Stradovari S61 Frosty Pink Aged;0;https://www.i-musicnetwork.com/Maybach-Stradovari-S61-Frosty-Pink-Aged/MY-000431
AM-000004;Amber Spirit of 59 Gold Aged Bridge;0;https://www.i-musicnetwork.com/Amber-Spirit-of-59-Gold-Aged-Bridge/AM-000004
AM-000005;Amber 61 Special Set;0;https://www.i-musicnetwork.com/Amber-61-Special-Set/AM-000005
AM-000006;Amber Twangtone Set;0;https://www.i-musicnetwork.com/Amber-Twangtone-Set/AM-000006
AM-000007;Amber Twangtone Bridge;0;https://www.i-musicnetwork.com/Amber-Twangtone-Bridge/AM-000007
MY-000433;Maybach Capacitor 0,047mk 400B;0;https://www.i-musicnetwork.com/Maybach-Capacitor-0-047mk-400B/MY-000433
MY-000434;Maybach Capacitor 0,022uF 630V;0;https://www.i-musicnetwork.com/Maybach-Capacitor-0-022uF-630V/MY-000434
MY-000435;Maybach Capacitor 0,022uF 630V;0;https://www.i-musicnetwork.com/Maybach-Capacitor-0-022uF-630V/MY-000435
MY-000436;Maybach Capacitor 0,05uF 500V;0;https://www.i-musicnetwork.com/Maybach-Capacitor-0-05uF-500V/MY-000436
MY-000437;Maybach Capacitor 0,022mkF 200V;0;https://www.i-musicnetwork.com/Maybach-Capacitor-0-022mkF-200V/MY-000437
MY-000438;Maybach Lester Jr '56 Single Cut Winered New-Look;0;https://www.i-musicnetwork.com/Maybach-Lester-Jr-56-Single-Cut-Winered-New-Look/MY-000438
MY-000439;Maybach Lester Edelweiss '72 Custom P90 Aged;0;https://www.i-musicnetwork.com/Maybach-Lester-Edelweiss-72-Custom-P90-Aged/MY-000439
MY-000443;Maybach Lester Wild Cherry 60s Slim Taper Lefthand New-Look;0;https://www.i-musicnetwork.com/Maybach-Lester-Wild-Cherry-60s-Slim-Taper-Lefthand-New-Look/MY-000443
MA-000166;Maton Buchsenkabel;0;https://www.i-musicnetwork.com/Maton-Buchsenkabel/MA-000166
WB-000027;Maybach Stradovari Swamp Ash Body UNFINISHED;0;https://www.i-musicnetwork.com/Maybach-Stradovari-Swamp-Ash-Body-UNFINISHED/WB-000027
WB-000030;Maybach Stradovari S61 Neck UNFINISHED;0;https://www.i-musicnetwork.com/Maybach-Stradovari-S61-Neck-UNFINISHED/WB-000030
WB-000015;Maybach Teleman Body UNFINISHED;0;https://www.i-musicnetwork.com/Maybach-Teleman-Body-UNFINISHED/WB-000015
WB-000033;Maybach Teleman T54 FLAMED Neck UNFINISHED;0;https://www.i-musicnetwork.com/Maybach-Teleman-T54-FLAMED-Neck-UNFINISHED/WB-000033
WB-000001;Maybach Lester UNFINISHED / Neck+Body;0;https://www.i-musicnetwork.com/Maybach-Lester-UNFINISHED-Neck-Body/WB-000001
WB-000003;Maybach Convair UNFINISHED / Neck+Body;0;https://www.i-musicnetwork.com/Maybach-Convair-UNFINISHED-Neck-Body/WB-000003
MY-000451;Maybach Teleman Control Plate Aged;0;https://www.i-musicnetwork.com/Maybach-Teleman-Control-Plate-Aged/MY-000451
MY-000457;Maybach Lester Back Cover Set;0;https://www.i-musicnetwork.com/Maybach-Lester-Back-Cover-Set/MY-000457
MY-000458;Maybach Stradovari Pickup Cover Set Aged;0;https://www.i-musicnetwork.com/Maybach-Stradovari-Pickup-Cover-Set-Aged/MY-000458
MY-000460;Maybach Stradovari jack plate Aged;0;https://www.i-musicnetwork.com/Maybach-Stradovari-jack-plate-Aged/MY-000460
MY-000461;Maybach Stradovari Superfly Pickguard Aged;0;https://www.i-musicnetwork.com/Maybach-Stradovari-Superfly-Pickguard-Aged/MY-000461
MY-000462;Maybach Stradovari Switch tip;0;https://www.i-musicnetwork.com/Maybach-Stradovari-Switch-tip/MY-000462
MY-000463;Maybach Capitol Pickguard;0;https://www.i-musicnetwork.com/Maybach-Capitol-Pickguard/MY-000463
MY-000464;Maybach Jazpole Black Creamguard Single PU B5;0;https://www.i-musicnetwork.com/Maybach-Jazpole-Black-Creamguard-Single-PU-B5/MY-000464
MY-000465;Maybach Texonian Masterbuilt Miss Bumblebee;0;https://www.i-musicnetwork.com/Maybach-Texonian-Masterbuilt-Miss-Bumblebee/MY-000465
MY-000467;Maybach Lester Pelham Blue New-Look;0;https://www.i-musicnetwork.com/Maybach-Lester-Pelham-Blue-New-Look/MY-000467
MY-000469;Maybach Texonian T61 Custom Lake Placid Blue New-Look;0;https://www.i-musicnetwork.com/Maybach-Texonian-T61-Custom-Lake-Placid-Blue-New-Look/MY-000469
MY-000470;Maybach Stradovari S61 3-Tone Sunburst Aged Lefthand;0;https://www.i-musicnetwork.com/Maybach-Stradovari-S61-3-Tone-Sunburst-Aged-Lefthand/MY-000470
MY-000472;Maybach Lester Gold Rush P90 60s Slim Taper Aged;0;https://www.i-musicnetwork.com/Maybach-Lester-Gold-Rush-P90-60s-Slim-Taper-Aged/MY-000472
MY-000474;Maybach Lester Black Velvet '54 Custom Lefthand New-Look;0;https://www.i-musicnetwork.com/Maybach-Lester-Black-Velvet-54-Custom-Lefthand-New-Look/MY-000474
MY-000476;Maybach Lester Jr '59 Double Cut Special Wine Red Aged;0;https://www.i-musicnetwork.com/Maybach-Lester-Jr-59-Double-Cut-Special-Wine-Red-Aged/MY-000476
MY-000479;Maybach Lester Masterbuilt Rhinegold;0;https://www.i-musicnetwork.com/Maybach-Lester-Masterbuilt-Rhinegold/MY-000479
MY-000480;Maybach Lester Masterbuilt Rhinegold Burst;0;https://www.i-musicnetwork.com/Maybach-Lester-Masterbuilt-Rhinegold-Burst/MY-000480
MY-000482;Maybach Texonian Masterbuilt Alpinist;0;https://www.i-musicnetwork.com/Maybach-Texonian-Masterbuilt-Alpinist/MY-000482
MY-000486;Maybach Texonian Masterbuilt Turquoise Sparkle Heavy Relic;0;https://www.i-musicnetwork.com/Maybach-Texonian-Masterbuilt-Turquoise-Sparkle-Heavy-Relic/MY-000486
MY-000488;Maybach Custom Half Bridge für Teleman;0;https://www.i-musicnetwork.com/Maybach-Custom-Half-Bridge-fuer-Teleman/MY-000488
MY-000489;Bumblebee Paper in Oil Cap 0.022uF;0;https://www.i-musicnetwork.com/Bumblebee-Paper-in-Oil-Cap-0.022uF/MY-000489
MY-000493;Maybach Zeppelin Custom Shop Münze;0;https://www.i-musicnetwork.com/Maybach-Zeppelin-Custom-Shop-Muenze/MY-000493
MY-000491;Maybach Motone P Black Aged;1;https://www.i-musicnetwork.com/Maybach-Motone-P-Black-Aged/MY-000491
MY-000409;Maybach Motone P Candy Apple Red Metallic Aged;1;https://www.i-musicnetwork.com/Maybach-Motone-P-Candy-Apple-Red-Metallic-Aged/MY-000409
MY-000410;Maybach Motone P Lake Placid Blue Metallic Aged;1;https://www.i-musicnetwork.com/Maybach-Motone-P-Lake-Placid-Blue-Metallic-Aged/MY-000410
MY-000404;Maybach Motone P Sea Foam Green Aged;1;https://www.i-musicnetwork.com/Maybach-Motone-P-Sea-Foam-Green-Aged/MY-000404
MY-000017;Maybach Lester Black Velvet '57 Custom New-Look;1;https://www.i-musicnetwork.com/Maybach-Lester-Black-Velvet-57-Custom-New-Look/MY-000017
MY-000339;Maybach Lester Black Velvet '57 Custom Slim Taper New-Look;0;https://www.i-musicnetwork.com/Maybach-Lester-Black-Velvet-57-Custom-Slim-Taper-New-Look/MY-000339
MY-000475;Maybach Lester Caddy Green Metallic 60s Slim Taper Aged;0;https://www.i-musicnetwork.com/Maybach-Lester-Caddy-Green-Metallic-60s-Slim-Taper-Aged/MY-000475
MY-000652;Maybach Luxus-Case (Jetwing);1;https://www.i-musicnetwork.com/Maybach-Luxus-Case-Jetwing/MY-000652
JT-000071;Jet Guitars JS-501 Stygian Satin Black;1;https://www.i-musicnetwork.com/Jet-Guitars-JS-501-Stygian-Satin-Black/JT-000071
MY-000335;Maybach Da Vinci Bass Fretted;0;https://www.i-musicnetwork.com/Maybach-Da-Vinci-Bass-Fretted/MY-000335
MY-000492;Maybach Stradovari S61 Dakota Red Aged;0;https://www.i-musicnetwork.com/Maybach-Stradovari-S61-Dakota-Red-Aged/MY-000492
MY-000022;Maybach Stradovari S61 3-Tone Sunburst New-Look;0;https://www.i-musicnetwork.com/Maybach-Stradovari-S61-3-Tone-Sunburst-New-Look/MY-000022
MY-000275;Maybach Stradovari Superfly HSS Nicotine;0;https://www.i-musicnetwork.com/Maybach-Stradovari-Superfly-HSS-Nicotine/MY-000275
JT-000058;Jet Guitars JJ-350 Baritone Moonburst;1;https://www.i-musicnetwork.com/Jet-Guitars-JJ-350-Baritone-Moonburst/JT-000058
JT-000070;Jet Guitars Elite JS-45 Fireburst;1;https://www.i-musicnetwork.com/Jet-Guitars-Elite-JS-45-Fireburst/JT-000070
JT-000069;Jet Guitars Elite JS-40 Metallic Burst;0;https://www.i-musicnetwork.com/Jet-Guitars-Elite-JS-40-Metallic-Burst/JT-000069
JT-000068;Jet Guitars JS-400 HT Red;1;https://www.i-musicnetwork.com/Jet-Guitars-JS-400-HT-Red/JT-000068
JT-000067;Jet Guitars JS-400 HT Blue;1;https://www.i-musicnetwork.com/Jet-Guitars-JS-400-HT-Blue/JT-000067
JT-000066;Jet Guitars JS-400 HT Black;1;https://www.i-musicnetwork.com/Jet-Guitars-JS-400-HT-Black/JT-000066
JT-000065;Jet Guitars JS-480 WR G Wine Red Gold;0;https://www.i-musicnetwork.com/Jet-Guitars-JS-480-WR-G-Wine-Red-Gold/JT-000065
JT-000064;Jet Guitars JS-480 Violet Gold;1;https://www.i-musicnetwork.com/Jet-Guitars-JS-480-Violet-Gold/JT-000064
JT-000063;Jet Guitars JS-480 Black Gold;1;https://www.i-musicnetwork.com/Jet-Guitars-JS-480-Black-Gold/JT-000063
JT-000062;Jet Guitars JS-380 RD G Red Gold;1;https://www.i-musicnetwork.com/Jet-Guitars-JS-380-RD-G-Red-Gold/JT-000062
JT-000059;Jet Guitars JS-380 Black Gold;0;https://www.i-musicnetwork.com/Jet-Guitars-JS-380-Black-Gold/JT-000059
JT-000061;Jet Guitars JS-380 OW G Olympic White Gold;1;https://www.i-musicnetwork.com/Jet-Guitars-JS-380-OW-G-Olympic-White-Gold/JT-000061
MY-000761;Maybach Albatroz '65-2 Frosty Pink New-Look;0;https://www.i-musicnetwork.com/Maybach-Albatroz-65-2-Frosty-Pink-New-Look/MY-000761
MY-000717;Maybach Albatroz '65 Gold Sparkle 60s Slim Taper Aged;1;https://www.i-musicnetwork.com/Maybach-Albatroz-65-Gold-Sparkle-60s-Slim-Taper-Aged/MY-000717
JT-000072;Jet Guitars JPB-300 SG R Bass Green;1;https://www.i-musicnetwork.com/Jet-Guitars-JPB-300-SG-R-Bass-Green/JT-000072
SP-000020;SPIRA Guitars L-400 MWH Satin White;1;https://www.i-musicnetwork.com/SPIRA-Guitars-L-400-MWH-Satin-White/SP-000020
SP-000018;SPIRA Guitars T-450 TDB Transparent Blue;1;https://www.i-musicnetwork.com/SPIRA-Guitars-T-450-TDB-Transparent-Blue/SP-000018
SP-000017;SPIRA Guitars S-457 TPP Transparent Purple;1;https://www.i-musicnetwork.com/SPIRA-Guitars-S-457-TPP-Transparent-Purple/SP-000017
SP-000016;SPIRA Guitars S-457 TRD Transparent Red;1;https://www.i-musicnetwork.com/SPIRA-Guitars-S-457-TRD-Transparent-Red/SP-000016
SP-000015;SPIRA Guitars S-450 TPP Transparent Purple;1;https://www.i-musicnetwork.com/SPIRA-Guitars-S-450-TPP-Transparent-Purple/SP-000015
SP-000014;SPIRA Guitars S-450 TGR Transparent Green;1;https://www.i-musicnetwork.com/SPIRA-Guitars-S-450-TGR-Transparent-Green/SP-000014
SP-000013;SPIRA Guitars S-450 TRD Transparent Red;0;https://www.i-musicnetwork.com/SPIRA-Guitars-S-450-TRD-Transparent-Red/SP-000013
SP-000012;SPIRA Guitars T-407 MBK Satin Black;1;https://www.i-musicnetwork.com/SPIRA-Guitars-T-407-MBK-Satin-Black/SP-000012
SP-000011;SPIRA Guitars T-400 MWR Satin Wine Red;1;https://www.i-musicnetwork.com/SPIRA-Guitars-T-400-MWR-Satin-Wine-Red/SP-000011
SP-000010;SPIRA Guitars T-400 MWH Satin White;1;https://www.i-musicnetwork.com/SPIRA-Guitars-T-400-MWH-Satin-White/SP-000010
SP-000009;SPIRA Guitars T-400 MBK Satin Black;1;https://www.i-musicnetwork.com/SPIRA-Guitars-T-400-MBK-Satin-Black/SP-000009
SP-000008;SPIRA Guitars S-407 MWH Satin White;1;https://www.i-musicnetwork.com/SPIRA-Guitars-S-407-MWH-Satin-White/SP-000008
SP-000006;SPIRA Guitars S-407 MBK Satin Black;1;https://www.i-musicnetwork.com/SPIRA-Guitars-S-407-MBK-Satin-Black/SP-000006
SP-000005;SPIRA Guitars S-400 MBL Satin Blue;1;https://www.i-musicnetwork.com/SPIRA-Guitars-S-400-MBL-Satin-Blue/SP-000005
SP-000007;SPIRA Guitars S-407 MWR Satin Wine Red;1;https://www.i-musicnetwork.com/SPIRA-Guitars-S-407-MWR-Satin-Wine-Red/SP-000007
SP-000002;SPIRA Guitars S-400 MGR Satin Dark Green;1;https://www.i-musicnetwork.com/SPIRA-Guitars-S-400-MGR-Satin-Dark-Green/SP-000002
SP-000004;SPIRA Guitars S-400 MWH Satin White;0;https://www.i-musicnetwork.com/SPIRA-Guitars-S-400-MWH-Satin-White/SP-000004
SP-000003;SPIRA Guitars S-400 MWR Satin Wine Red;1;https://www.i-musicnetwork.com/SPIRA-Guitars-S-400-MWR-Satin-Wine-Red/SP-000003
SP-000001;SPIRA Guitars S-400 MBK Satin Black;1;https://www.i-musicnetwork.com/SPIRA-Guitars-S-400-MBK-Satin-Black/SP-000001
SP-000021;SPIRA Guitars S-500 QAB Trans Aqua Blue;1;https://www.i-musicnetwork.com/SPIRA-Guitars-S-500-QAB-Trans-Aqua-Blue/SP-000021
SP-000022;SPIRA Guitars S-500 QFB Fireburst;1;https://www.i-musicnetwork.com/SPIRA-Guitars-S-500-QFB-Fireburst/SP-000022
SP-000023;SPIRA Guitars S-500 QGY E Transparent Grey;1;https://www.i-musicnetwork.com/SPIRA-Guitars-S-500-QGY-E-Transparent-Grey/SP-000023
SP-000024;SPIRA Guitars S-507 QFB Fireburst;1;https://www.i-musicnetwork.com/SPIRA-Guitars-S-507-QFB-Fireburst/SP-000024
SP-000025;SPIRA Guitars S-507 QGY E Transparent Grey;1;https://www.i-musicnetwork.com/SPIRA-Guitars-S-507-QGY-E-Transparent-Grey/SP-000025
JT-000073;Jet Guitars Elite JS-45 Indigo Gray;1;https://www.i-musicnetwork.com/Jet-Guitars-Elite-JS-45-Indigo-Gray/JT-000073
JT-000074;Jet Guitars Elite JT-30 Gold;1;https://www.i-musicnetwork.com/Jet-Guitars-Elite-JT-30-Gold/JT-000074
JT-000075;Jet Guitars JS-507 Stygian Satin Black;1;https://www.i-musicnetwork.com/Jet-Guitars-JS-507-Stygian-Satin-Black/JT-000075
JT-000076;Jet Guitars JS-300 Mini Shell Pink;1;https://www.i-musicnetwork.com/Jet-Guitars-JS-300-Mini-Shell-Pink/JT-000076
MY-000814;Maybach Stradovari Superfly HSS 2-Tone Sunburst Heavy Relic;0;https://www.i-musicnetwork.com/Maybach-Stradovari-Superfly-HSS-2-Tone-Sunburst-Heavy-Relic/MY-000814
BV-000001;Boveda Large Starter Set - 49%RH für Akustikgitarre, Bass, Cello, Kontrabass;1;https://www.i-musicnetwork.com/Boveda-Large-Starter-Set-49-RH-fuer-Akustikgitarre-Bass-Cello-Kontrabass/BV-000001
BV-000002;Boveda Small Starter Set - 49%RH für Violine, Viola, Uke, Mandoline, Klarinette;1;https://www.i-musicnetwork.com/Boveda-Small-Starter-Set-49-RH-fuer-Violine-Viola-Uke-Mandoline-Klarinette/BV-000002
BV-000003;Boveda Large Starter Kit - 49% RH High Absorbency - Gitarren und Bässen, Cello und Kontrabass;1;https://www.i-musicnetwork.com/Boveda-Large-Starter-Kit-49-RH-High-Absorbency-Gitarren-und-Baessen-Cello-und-Kontrabass/BV-000003
BV-000004;Boveda Small Starter Kit - 49% RH High Absorbency - 1 pc. für Ukulele, Violine & Viola, Mandoline;1;https://www.i-musicnetwork.com/Boveda-Small-Starter-Kit-49-RH-High-Absorbency-1-pc.-fuer-Ukulele-Violine-Viola-Mandoline/BV-000004
BV-000019;Boveda Stofftasche für bis zu zwei Boveda Size 70 - 1 pc.;1;https://www.i-musicnetwork.com/Boveda-Stofftasche-fuer-bis-zu-zwei-Boveda-Size-70-1-pc./BV-000019
BV-000020;Boveda Mini Stofftasche für ein Boveda Size 8 - 1 pc.;1;https://www.i-musicnetwork.com/Boveda-Mini-Stofftasche-fuer-ein-Boveda-Size-8-1-pc./BV-000020
BV-000021;Boveda Stofftasche für bis zu vier Boveda Size 70 - Mastercase 1 pc.;0;https://www.i-musicnetwork.com/Boveda-Stofftasche-fuer-bis-zu-vier-Boveda-Size-70-Mastercase-1-pc./BV-000021
BV-000005;Boveda Directional Humidity Starter Kit für Musikinstrumente - 1 pc.;1;https://www.i-musicnetwork.com/Boveda-Directional-Humidity-Starter-Kit-fuer-Musikinstrumente-1-pc./BV-000005
BV-000006;Boveda Size 70 4-Pack, 49% RH - 1 pc.;1;https://www.i-musicnetwork.com/Boveda-Size-70-4-Pack-49-RH-1-pc./BV-000006
BV-000007;Boveda Size 40 4-Pack, 49% RH High Absorbency in wiederverschließbarer Tüte;1;https://www.i-musicnetwork.com/Boveda-Size-40-4-Pack-49-RH-High-Absorbency-in-wiederverschliessbarer-Tuete/BV-000007
BV-000008;Boveda Size 60 4-Pack, 72% RH - 1 pc.;0;https://www.i-musicnetwork.com/Boveda-Size-60-4-Pack-72-RH-1-pc./BV-000008
BV-000009;Boveda Size 70, 49% RH, 1 Packung mit 12 Stück, einzeln verpackt;1;https://www.i-musicnetwork.com/Boveda-Size-70-49-RH-1-Packung-mit-12-Stueck-einzeln-verpackt/BV-000009
BV-000010;Boveda Size 40, 49% RH High Absorbency, 1 Packung mit 12 Stück, einzeln verpackt;1;https://www.i-musicnetwork.com/Boveda-Size-40-49-RH-High-Absorbency-1-Packung-mit-12-Stueck-einzeln-verpackt/BV-000010
BV-000011;Boveda Size 70 20-Pack Brick, 49% RH - 1 pc.;1;https://www.i-musicnetwork.com/Boveda-Size-70-20-Pack-Brick-49-RH-1-pc./BV-000011
BV-000012;Boveda High Absorbency Size 40 - 49% HA im wiederverschließbaren Beutel;0;https://www.i-musicnetwork.com/Boveda-High-Absorbency-Size-40-49-HA-im-wiederverschliessbaren-Beutel/BV-000012
BV-000015;Boveda Size 8, 10-Pack 72% RH - 1 pc.;1;https://www.i-musicnetwork.com/Boveda-Size-8-10-Pack-72-RH-1-pc./BV-000015
BV-000016;Boveda Size 8, 10-Pack 84% RH - 1 pc.;1;https://www.i-musicnetwork.com/Boveda-Size-8-10-Pack-84-RH-1-pc./BV-000016
BV-000017;Boveda Size 8 72% RH, für Holzblasinstrumente - 1 pc.;1;https://www.i-musicnetwork.com/Boveda-Size-8-72-RH-fuer-Holzblasinstrumente-1-pc./BV-000017
BV-000018;Boveda Size 8 84% RH, für Holzblasinstrumente - 1 pc.;0;https://www.i-musicnetwork.com/Boveda-Size-8-84-RH-fuer-Holzblasinstrumente-1-pc./BV-000018
MY-000824;Maybach Stradovari Superfly HSS Nicotine Heavy Relic;0;https://www.i-musicnetwork.com/Maybach-Stradovari-Superfly-HSS-Nicotine-Heavy-Relic/MY-000824
JT-000077;Jet Guitars JS-600 TPP Transparent Purple;1;https://www.i-musicnetwork.com/Jet-Guitars-JS-600-TPP-Transparent-Purple/JT-000077
JT-000078;Jet Guitars JS-600 TGR Transparent Green;1;https://www.i-musicnetwork.com/Jet-Guitars-JS-600-TGR-Transparent-Green/JT-000078
JT-000079;Jet Guitars JS-500 MBK Matt Black;1;https://www.i-musicnetwork.com/Jet-Guitars-JS-500-MBK-Matt-Black/JT-000079
JT-000080;Jet Guitars JS-500 MGR Matt Green;1;https://www.i-musicnetwork.com/Jet-Guitars-JS-500-MGR-Matt-Green/JT-000080
MY-000286;Maybach Little Wing Arched Top Non Cutaway Midnight Sunset Aged;0;https://www.i-musicnetwork.com/Maybach-Little-Wing-Arched-Top-Non-Cutaway-Midnight-Sunset-Aged/MY-000286
MY-000281;Maybach Little Wing Flat Top Non Cutaway P90 Dirty Lemon Aged;1;https://www.i-musicnetwork.com/Maybach-Little-Wing-Flat-Top-Non-Cutaway-P90-Dirty-Lemon-Aged/MY-000281
MY-000384;Maybach Little Wing Flat Top Non Cutaway Midnight Sunset Aged;1;https://www.i-musicnetwork.com/Maybach-Little-Wing-Flat-Top-Non-Cutaway-Midnight-Sunset-Aged/MY-000384
JT-000081;Jet Guitars JS-300 Mini Black;0;https://www.i-musicnetwork.com/Jet-Guitars-JS-300-Mini-Black/JT-000081
JT-000082;Jet Guitars JS-300 Mini Sea Foam Green;1;https://www.i-musicnetwork.com/Jet-Guitars-JS-300-Mini-Sea-Foam-Green/JT-000082
JT-000083;Jet Guitars JS-300 Mini Red;0;https://www.i-musicnetwork.com/Jet-Guitars-JS-300-Mini-Red/JT-000083
JT-000085;Jet Guitars JS-1000 Vulcano;1;https://www.i-musicnetwork.com/Jet-Guitars-JS-1000-Vulcano/JT-000085
JT-000086;Jet Guitars JS-300 Sunburst SB LH;0;https://www.i-musicnetwork.com/Jet-Guitars-JS-300-Sunburst-SB-LH/JT-000086
JT-000087;Jet Guitars Elite JS-50 Art;1;https://www.i-musicnetwork.com/Jet-Guitars-Elite-JS-50-Art/JT-000087
MY-000399;Maybach Motone J Sonic Blue Aged;0;https://www.i-musicnetwork.com/Maybach-Motone-J-Sonic-Blue-Aged/MY-000399
MY-000838;Maybach Jetwing K Vintage Honey New Look;0;https://www.i-musicnetwork.com/Maybach-Jetwing-K-Vintage-Honey-New-Look/MY-000838
MY-000839;Maybach Jetwing M Vintage White New-Look;0;https://www.i-musicnetwork.com/Maybach-Jetwing-M-Vintage-White-New-Look/MY-000839
ST-000279;Stanford CR Fleetwood Bullion Gold B7 Bigsby;1;https://www.i-musicnetwork.com/Stanford-CR-Fleetwood-Bullion-Gold-B7-Bigsby/ST-000279
MY-000252;Maybach Albatroz '65-2 Winered New-Look;0;https://www.i-musicnetwork.com/Maybach-Albatroz-65-2-Winered-New-Look/MY-000252
2ndH.0856;Martinez ES 08S Blanca Halsstab blockiert;1;https://www.i-musicnetwork.com/Martinez-ES-08S-Blanca-Halsstab-blockiert/2ndH.0856
2ndH.0920;Slide Metal;1;https://www.i-musicnetwork.com/Slide-Metal/2ndH.0920
2ndH.1005;Gitarrenpick / Plektrum aus Kunstharz Neu;1;https://www.i-musicnetwork.com/Gitarrenpick-Plektrum-aus-Kunstharz-Neu/2ndH.1005
2ndH.1006;Gitarrenpick / Plektrum aus Kunstharz Gypsy Jazz Weiß Neu;1;https://www.i-musicnetwork.com/Gitarrenpick-Plektrum-aus-Kunstharz-Gypsy-Jazz-Weiss-Neu/2ndH.1006
ST-000283;Stanford CR Fleetwood Bullion Gold;1;https://www.i-musicnetwork.com/Stanford-CR-Fleetwood-Bullion-Gold/ST-000283
ST-000280;Stanford CR Fleetwood Onyx Black B7 Bigsby;1;https://www.i-musicnetwork.com/Stanford-CR-Fleetwood-Onyx-Black-B7-Bigsby/ST-000280
ST-000284;Stanford CR Fleetwood Onyx Black;1;https://www.i-musicnetwork.com/Stanford-CR-Fleetwood-Onyx-Black/ST-000284
ST-000282;Stanford CR Fleetwood Amber Burst;1;https://www.i-musicnetwork.com/Stanford-CR-Fleetwood-Amber-Burst/ST-000282
ST-000281;Stanford CR Fleetwood Amber Burst B7 Bigsby;0;https://www.i-musicnetwork.com/Stanford-CR-Fleetwood-Amber-Burst-B7-Bigsby/ST-000281
MY-000846;Maybach Marilyn FM Havana Tobacco Aged;0;https://www.i-musicnetwork.com/Maybach-Marilyn-FM-Havana-Tobacco-Aged/MY-000846
2ndH.0302;Gitarren Buch  Hand Made Hand Played von Robert Shaw;1;https://www.i-musicnetwork.com/Gitarren-Buch-Hand-Made-Hand-Played-von-Robert-Shaw/2ndH.0302
2ndH.03854;Leder Gitarrengurt Renegade;1;https://www.i-musicnetwork.com/Leder-Gitarrengurt-Renegade/2ndH.03854
MY-000847;Maybach Lester Gold Burst Custom '59 Aged;0;https://www.i-musicnetwork.com/Maybach-Lester-Gold-Burst-Custom-59-Aged/MY-000847
MY-000396;Maybach Motone J Lake Placid Blue Metallic Aged;1;https://www.i-musicnetwork.com/Maybach-Motone-J-Lake-Placid-Blue-Metallic-Aged/MY-000396
MY-000389;Maybach Motone J Fiesta Red Aged;1;https://www.i-musicnetwork.com/Maybach-Motone-J-Fiesta-Red-Aged/MY-000389
MY-000630;Maybach Texonian Cabronita 2 Black Aged;0;https://www.i-musicnetwork.com/Maybach-Texonian-Cabronita-2-Black-Aged/MY-000630
MY-000547;Maybach Texonian Cabronita Nicotine Aged;0;https://www.i-musicnetwork.com/Maybach-Texonian-Cabronita-Nicotine-Aged/MY-000547
MY-000546;Maybach Texonian Cabronita Fiesta Red Aged;1;https://www.i-musicnetwork.com/Maybach-Texonian-Cabronita-Fiesta-Red-Aged/MY-000546
MY-000626;Maybach Texonian Cabronita 2 Nicotine Aged;0;https://www.i-musicnetwork.com/Maybach-Texonian-Cabronita-2-Nicotine-Aged/MY-000626
MY-000628;Maybach Texonian Cabronita 2 Fiesta Red Aged;0;https://www.i-musicnetwork.com/Maybach-Texonian-Cabronita-2-Fiesta-Red-Aged/MY-000628
2ndH.0317;Pickguard für ST-Style E-Gitarre made in Japan White;1;https://www.i-musicnetwork.com/Pickguard-fuer-ST-Style-E-Gitarre-made-in-Japan-White/2ndH.0317
2ndH.0323;Pickguard für ST-Style E-Gitarre made in Japan Cream;1;https://www.i-musicnetwork.com/Pickguard-fuer-ST-Style-E-Gitarre-made-in-Japan-Cream/2ndH.0323
2ndH.0927;Stanford G 65 ECW Grand Auditorium Westerngitarre ( blockierter Halsstab );1;https://www.i-musicnetwork.com/Stanford-G-65-ECW-Grand-Auditorium-Westerngitarre-blockierter-Halsstab/2ndH.0927
2ndH.1026;Slide Keramik;1;https://www.i-musicnetwork.com/Slide-Keramik/2ndH.1026
MA-000179;Maton Troubadour Dreadnought;0;https://www.i-musicnetwork.com/Maton-Troubadour-Dreadnought/MA-000179
MA-000180;Maton Troubadour Traditional;0;https://www.i-musicnetwork.com/Maton-Troubadour-Traditional/MA-000180
MA-000181;Maton Troubadour Mini EMTB-6;0;https://www.i-musicnetwork.com/Maton-Troubadour-Mini-EMTB-6/MA-000181
MY-000325;Maybach Texonian T54 2-tone SB Aged Custom Shop;0;https://www.i-musicnetwork.com/Maybach-Texonian-T54-2-tone-SB-Aged-Custom-Shop/MY-000325
MY-000319;Maybach Texonian T54 Shoreline Gold Aged;0;https://www.i-musicnetwork.com/Maybach-Texonian-T54-Shoreline-Gold-Aged/MY-000319
MY-000766;Maybach Jetwing M Firemist Gold;0;https://www.i-musicnetwork.com/Maybach-Jetwing-M-Firemist-Gold/MY-000766
MY-000765;Maybach Jetwing M Pelham Blue Slim Taper;0;https://www.i-musicnetwork.com/Maybach-Jetwing-M-Pelham-Blue-Slim-Taper/MY-000765
MA-000185;Maton Masterbuilt Classic;1;https://www.i-musicnetwork.com/Maton-Masterbuilt-Classic/MA-000185
MA-000182;Maton Masterbuilt TE Personal;0;https://www.i-musicnetwork.com/Maton-Masterbuilt-TE-Personal/MA-000182
MA-000184;Maton Masterbuilt Dreadnought;0;https://www.i-musicnetwork.com/Maton-Masterbuilt-Dreadnought/MA-000184
MA-000194;Maton EBG 808 C Artist;1;https://www.i-musicnetwork.com/Maton-EBG-808-C-Artist/MA-000194
MY-000850;Maybach Albatroz '65 Dark Wine Red New-Look;0;https://www.i-musicnetwork.com/Maybach-Albatroz-65-Dark-Wine-Red-New-Look/MY-000850
MY-000713;Maybach Lester Bullion Gold (Mini-HB) 60s Slim Taper Aged;0;https://www.i-musicnetwork.com/Maybach-Lester-Bullion-Gold-Mini-HB-60s-Slim-Taper-Aged/MY-000713
SP-000026;SPIRA Guitars V-420 AWH;1;https://www.i-musicnetwork.com/SPIRA-Guitars-V-420-AWH/SP-000026
SP-000027;SPIRA Guitars V-400 MBK Satin Black;1;https://www.i-musicnetwork.com/SPIRA-Guitars-V-400-MBK-Satin-Black/SP-000027
SP-000028;SPIRA Guitars V-400 MGR Satin Green;1;https://www.i-musicnetwork.com/SPIRA-Guitars-V-400-MGR-Satin-Green/SP-000028
SP-000029;SPIRA Guitars V-500 TPP E Transparent Purple;1;https://www.i-musicnetwork.com/SPIRA-Guitars-V-500-TPP-E-Transparent-Purple/SP-000029
SP-000030;SPIRA Guitars X-500 TBK E;1;https://www.i-musicnetwork.com/SPIRA-Guitars-X-500-TBK-E/SP-000030
SP-000031;SPIRA Guitars X-400 MBK Satin Black;1;https://www.i-musicnetwork.com/SPIRA-Guitars-X-400-MBK-Satin-Black/SP-000031
SP-000032;SPIRA Guitars X-400 MGR Satin Green;1;https://www.i-musicnetwork.com/SPIRA-Guitars-X-400-MGR-Satin-Green/SP-000032
SP-000033;SPIRA Guitars X-400 MWH Satin White;0;https://www.i-musicnetwork.com/SPIRA-Guitars-X-400-MWH-Satin-White/SP-000033
SP-000065;SPIRA Guitars S-607 ABK Stained Black;0;https://www.i-musicnetwork.com/SPIRA-Guitars-S-607-ABK-Stained-Black/SP-000065
MY-000988;Maybach X-Wing '76 M Olympic White;0;https://www.i-musicnetwork.com/Maybach-X-Wing-76-M-Olympic-White/MY-000988
LTD-000042;Maybach Lester Jr. Single Cut Special GT Pelham Blue;0;https://www.i-musicnetwork.com/Maybach-Lester-Jr.-Single-Cut-Special-GT-Pelham-Blue/LTD-000042
LTD-000043;Maybach Lester Jr. Single Cut Special GT Vintage White;0;https://www.i-musicnetwork.com/Maybach-Lester-Jr.-Single-Cut-Special-GT-Vintage-White/LTD-000043
LTD-000044;Maybach Lester Jr. Single Cut Special GT Mercury Silver;0;https://www.i-musicnetwork.com/Maybach-Lester-Jr.-Single-Cut-Special-GT-Mercury-Silver/LTD-000044
SP-000034;SPIRA Guitars S-420 CHM;1;https://www.i-musicnetwork.com/SPIRA-Guitars-S-420-CHM/SP-000034
SP-000035;SPIRA Guitars S-420 AWH;1;https://www.i-musicnetwork.com/SPIRA-Guitars-S-420-AWH/SP-000035
SP-000036;SPIRA Guitars S-420 BK;1;https://www.i-musicnetwork.com/SPIRA-Guitars-S-420-BK/SP-000036
SP-000037;SPIRA Guitars T-420 PP;1;https://www.i-musicnetwork.com/SPIRA-Guitars-T-420-PP/SP-000037
SP-000038;SPIRA Guitars T-400 Baritone MBK Satin Black;1;https://www.i-musicnetwork.com/SPIRA-Guitars-T-400-Baritone-MBK-Satin-Black/SP-000038
MY-000854;Maybach Albatroz '65 Vintage Cream 60s Slim Taper Aged;0;https://www.i-musicnetwork.com/Maybach-Albatroz-65-Vintage-Cream-60s-Slim-Taper-Aged/MY-000854
2ndH.ST003;Stanford Nova Roadjack - B-Stock;1;https://www.i-musicnetwork.com/Stanford-Nova-Roadjack-B-Stock/2ndH.ST003
2ndH.MA007;Maton EBG 808 C Signature Michael Fix - B-Stock;1;https://www.i-musicnetwork.com/Maton-EBG-808-C-Signature-Michael-Fix-B-Stock/2ndH.MA007
2ndH.MZ002;Martinez ES-14S - B-Ware;1;https://www.i-musicnetwork.com/Martinez-ES-14S-B-Ware/2ndH.MZ002
2ndH.MY01025;MAYBACH Stradovari ST-Style Vega Trem! B-Stock;1;https://www.i-musicnetwork.com/MAYBACH-Stradovari-ST-Style-Vega-Trem-B-Stock/2ndH.MY01025
MA-000196;Maton S60;0;https://www.i-musicnetwork.com/Maton-S60/MA-000196
MA-000197;Maton S60 Lefthand;0;https://www.i-musicnetwork.com/Maton-S60-Lefthand/MA-000197
MA-000195;Maton S70;0;https://www.i-musicnetwork.com/Maton-S70/MA-000195
MY-000845;Maybach Albatroz '65-2 Dark Purple Sparkle Aged;0;https://www.i-musicnetwork.com/Maybach-Albatroz-65-2-Dark-Purple-Sparkle-Aged/MY-000845
2ndH.MZ004;Martinez Monaco S - B-Stock;1;https://www.i-musicnetwork.com/Martinez-Monaco-S-B-Stock/2ndH.MZ004
MY-000273;Maybach Texonian T66-2 Red Rooster Aged Custom Shop;0;https://www.i-musicnetwork.com/Maybach-Texonian-T66-2-Red-Rooster-Aged-Custom-Shop/MY-000273
MY-000753;Maybach Capitol 59 Earl Grey Aged;1;https://www.i-musicnetwork.com/Maybach-Capitol-59-Earl-Grey-Aged/MY-000753
MY-000586;Maybach Capitol Earl Grey 60s Slim Taper Aged;0;https://www.i-musicnetwork.com/Maybach-Capitol-Earl-Grey-60s-Slim-Taper-Aged/MY-000586
2ndH.MA010;Maton Feedback Buster 95mm  B-Ware;1;https://www.i-musicnetwork.com/Maton-Feedback-Buster-95mm-B-Ware/2ndH.MA010
BV-000014;Boveda Size 8, 10-Pack 49% RH - 1 pc.;1;https://www.i-musicnetwork.com/Boveda-Size-8-10-Pack-49-RH-1-pc./BV-000014
ST-000288;Stanford CR Fatboy Pelham Blue 95;1;https://www.i-musicnetwork.com/Stanford-CR-Fatboy-Pelham-Blue-95/ST-000288
ST-000289;Stanford CR Fatboy Pelham Blue 95 Bigsby B60;0;https://www.i-musicnetwork.com/Stanford-CR-Fatboy-Pelham-Blue-95-Bigsby-B60/ST-000289
ST-000290;Stanford CR Fatboy Candy Apple Red 95;0;https://www.i-musicnetwork.com/Stanford-CR-Fatboy-Candy-Apple-Red-95/ST-000290
ST-000291;Stanford CR Fatboy Candy Apple Red 95 Bigsby B60;0;https://www.i-musicnetwork.com/Stanford-CR-Fatboy-Candy-Apple-Red-95-Bigsby-B60/ST-000291
2ndH.ST008;Stanford Radiotone Studio 49 D ECW -B-Ware;1;https://www.i-musicnetwork.com/Stanford-Radiotone-Studio-49-D-ECW-B-Ware/2ndH.ST008
2ndH.ST099P;Stanford 46-G2-CM-ECW - Prototyp;1;https://www.i-musicnetwork.com/Stanford-46-G2-CM-ECW-Prototyp/2ndH.ST099P
2ndH.ST010;Stanford 46-D1-SM-ECW B-Ware;1;https://www.i-musicnetwork.com/Stanford-46-D1-SM-ECW-B-Ware/2ndH.ST010
MY-000750;Maybach Convair CS '60 Pelham Blue Slim Taper Aged;0;https://www.i-musicnetwork.com/Maybach-Convair-CS-60-Pelham-Blue-Slim-Taper-Aged/MY-000750
MY-000749;Maybach Convair CS '59 Pelham Blue Aged;0;https://www.i-musicnetwork.com/Maybach-Convair-CS-59-Pelham-Blue-Aged/MY-000749
MY-000752;Maybach Convair CS '60 Tangerine Metallic Slim Taper Aged;0;https://www.i-musicnetwork.com/Maybach-Convair-CS-60-Tangerine-Metallic-Slim-Taper-Aged/MY-000752
MY-000751;Maybach Convair CS '59 Tangerine Metallic  Aged;0;https://www.i-musicnetwork.com/Maybach-Convair-CS-59-Tangerine-Metallic-Aged/MY-000751
MY-000748;Maybach Convair CS '60 Bullion Gold Slim Taper Aged;0;https://www.i-musicnetwork.com/Maybach-Convair-CS-60-Bullion-Gold-Slim-Taper-Aged/MY-000748
MY-000747;Maybach Convair CS  '59 Bullion Gold Aged;0;https://www.i-musicnetwork.com/Maybach-Convair-CS-59-Bullion-Gold-Aged/MY-000747
MY-000798;Maybach Lester Gold Rush Bigsby B7 60s Slim Taper Aged;0;https://www.i-musicnetwork.com/Maybach-Lester-Gold-Rush-Bigsby-B7-60s-Slim-Taper-Aged/MY-000798
MA-000198;Maton EBG 808 TE Sunburst;0;https://www.i-musicnetwork.com/Maton-EBG-808-TE-Sunburst/MA-000198
MA-000199;Maton EBG 808 C TE Sunburst;0;https://www.i-musicnetwork.com/Maton-EBG-808-C-TE-Sunburst/MA-000199
JT-000094;Jet Guitars JB-300 Travel Bass PK Pink;1;https://www.i-musicnetwork.com/Jet-Guitars-JB-300-Travel-Bass-PK-Pink/JT-000094
JT-000093;Jet Guitars JB-300 Travel Bass OW Olympic White;1;https://www.i-musicnetwork.com/Jet-Guitars-JB-300-Travel-Bass-OW-Olympic-White/JT-000093
JT-000092;Jet Guitars JB-300 Travel Bass SFG Sea Foam Green;1;https://www.i-musicnetwork.com/Jet-Guitars-JB-300-Travel-Bass-SFG-Sea-Foam-Green/JT-000092
JT-000088;Jet Guitars JJB-300 LPB Bass Lake Placid Blue;1;https://www.i-musicnetwork.com/Jet-Guitars-JJB-300-LPB-Bass-Lake-Placid-Blue/JT-000088
JT-000089;Jet Guitars JJB-300 BK Bass Black;0;https://www.i-musicnetwork.com/Jet-Guitars-JJB-300-BK-Bass-Black/JT-000089
JT-000090;Jet Guitars JJB-300 SFG Bass Sea Foam Green;1;https://www.i-musicnetwork.com/Jet-Guitars-JJB-300-SFG-Bass-Sea-Foam-Green/JT-000090
JT-000091;Jet Guitars JJB-300 VYW Bass Vintage Yellow;0;https://www.i-musicnetwork.com/Jet-Guitars-JJB-300-VYW-Bass-Vintage-Yellow/JT-000091
JT-000108;Jet Guitars JS-400 BKR H Black;1;https://www.i-musicnetwork.com/Jet-Guitars-JS-400-BKR-H-Black/JT-000108
JT-000109;Jet Guitars JS-300 PLM R Purple;1;https://www.i-musicnetwork.com/Jet-Guitars-JS-300-PLM-R-Purple/JT-000109
JT-000105;Jet Guitars JT-300 CAR P90 Candy Apple Red;0;https://www.i-musicnetwork.com/Jet-Guitars-JT-300-CAR-P90-Candy-Apple-Red/JT-000105
JT-000107;Jet Guitars JS-450 BLB Blue Burst;1;https://www.i-musicnetwork.com/Jet-Guitars-JS-450-BLB-Blue-Burst/JT-000107
JT-000101;Jet Guitars JJ-300 P90 BK Black;1;https://www.i-musicnetwork.com/Jet-Guitars-JJ-300-P90-BK-Black/JT-000101
JT-000099;Jet Guitars JJ-300 P90 OW Olympic White;1;https://www.i-musicnetwork.com/Jet-Guitars-JJ-300-P90-OW-Olympic-White/JT-000099
JT-000100;Jet Guitars JJ-300 P90 SFG Sea Foam Green;1;https://www.i-musicnetwork.com/Jet-Guitars-JJ-300-P90-SFG-Sea-Foam-Green/JT-000100
JT-000104;Jet Guitars JJ-350 BGT Black;1;https://www.i-musicnetwork.com/Jet-Guitars-JJ-350-BGT-Black/JT-000104
MY-000897;Maybach Lester Caddy Green '59 Metallic Aged;0;https://www.i-musicnetwork.com/Maybach-Lester-Caddy-Green-59-Metallic-Aged/MY-000897
2ndH.GOSD91;"Gotoh SD 91 Guitar Tuner Aged ""MAYBACH""";1;https://www.i-musicnetwork.com/Gotoh-SD-91-Guitar-Tuner-Aged-MAYBACH/2ndH.GOSD91
2ndH.GOSD90Gold;"Gotoh SD 90 Guitar Tuner GOLD ""MAYBACH"" LP-Style";1;https://www.i-musicnetwork.com/Gotoh-SD-90-Guitar-Tuner-GOLD-MAYBACH-LP-Style/2ndH.GOSD90Gold
2ndH.GOSD90Nickel;"Gotoh SD 90 Guitar Tuner Nickel Aged ""MAYBACH""";1;https://www.i-musicnetwork.com/Gotoh-SD-90-Guitar-Tuner-Nickel-Aged-MAYBACH/2ndH.GOSD90Nickel
MY-000883;Maybach Texonian T61 CS Special Cosmic Wine Aged;0;https://www.i-musicnetwork.com/Maybach-Texonian-T61-CS-Special-Cosmic-Wine-Aged/MY-000883
MY-000884;Maybach Texonian T61 CS Special Moondust Aged;0;https://www.i-musicnetwork.com/Maybach-Texonian-T61-CS-Special-Moondust-Aged/MY-000884
MY-000882;Maybach Texonian T61 CS Special Wild Papaya Aged;0;https://www.i-musicnetwork.com/Maybach-Texonian-T61-CS-Special-Wild-Papaya-Aged/MY-000882
MY-000881;Maybach Texonian T61 CS Special Dark Wasabi Aged;0;https://www.i-musicnetwork.com/Maybach-Texonian-T61-CS-Special-Dark-Wasabi-Aged/MY-000881
2ndH.LA001;Larson Grand Concert 2 NCY - B-Stock Western Gitarre;1;https://www.i-musicnetwork.com/Larson-Grand-Concert-2-NCY-B-Stock-Western-Gitarre/2ndH.LA001
2ndH.LA002;Larson Grand Concert 2 NCY - B-Stock Western Gitarre;1;https://www.i-musicnetwork.com/Larson-Grand-Concert-2-NCY-B-Stock-Western-Gitarre/2ndH.LA002
JT-000102;Jet Guitars JT-300 PLM R Purple;0;https://www.i-musicnetwork.com/Jet-Guitars-JT-300-PLM-R-Purple/JT-000102
JT-000106;Jet Guitars JT-350 BKM H Black Metallic;0;https://www.i-musicnetwork.com/Jet-Guitars-JT-350-BKM-H-Black-Metallic/JT-000106
JT-000103;Jet Guitars JS-400 PLM R Purple;1;https://www.i-musicnetwork.com/Jet-Guitars-JS-400-PLM-R-Purple/JT-000103
2ndH.JET019;Jet Guitars JS-700 RD B-Stock;1;https://www.i-musicnetwork.com/Jet-Guitars-JS-700-RD-B-Stock/2ndH.JET019
JT-000111;Jet Guitars JS-800 BKW HS Black;1;https://www.i-musicnetwork.com/Jet-Guitars-JS-800-BKW-HS-Black/JT-000111
JT-000110;Jet Guitars JS-800 DBW HH Deep Blue Metallic;1;https://www.i-musicnetwork.com/Jet-Guitars-JS-800-DBW-HH-Deep-Blue-Metallic/JT-000110
SP-000039;SPIRA Guitars V-400 MSL Metallic Silver;1;https://www.i-musicnetwork.com/SPIRA-Guitars-V-400-MSL-Metallic-Silver/SP-000039
MY-000864;Maybach Jetwing M Silverburst 60s Slim Taper;0;https://www.i-musicnetwork.com/Maybach-Jetwing-M-Silverburst-60s-Slim-Taper/MY-000864
MY-000865;Maybach Jetwing M Gold Burst 60s Slim Taper;0;https://www.i-musicnetwork.com/Maybach-Jetwing-M-Gold-Burst-60s-Slim-Taper/MY-000865
MY-000376;Maybach Texonian T52-2 Black-Keith;0;https://www.i-musicnetwork.com/Maybach-Texonian-T52-2-Black-Keith/MY-000376
MY-000862;Maybach Jetwing M Caddy Green Metallic 60s Slim Taper;0;https://www.i-musicnetwork.com/Maybach-Jetwing-M-Caddy-Green-Metallic-60s-Slim-Taper/MY-000862
JT-000005;Jet Guitars JS-300 BL Blue;0;https://www.i-musicnetwork.com/Jet-Guitars-JS-300-BL-Blue/JT-000005
SP-000040;SPIRA Guitars B-400 MGR Satin Green;1;https://www.i-musicnetwork.com/SPIRA-Guitars-B-400-MGR-Satin-Green/SP-000040
MY-000615;Maybach Capitol 59 Antique Walnut Aged;0;https://www.i-musicnetwork.com/Maybach-Capitol-59-Antique-Walnut-Aged/MY-000615
MY-000561;Maybach Lester Bullion Gold 60s Slim Taper Aged;0;https://www.i-musicnetwork.com/Maybach-Lester-Bullion-Gold-60s-Slim-Taper-Aged/MY-000561
ST-000286;Stanford CR Horizon Black Satin;1;https://www.i-musicnetwork.com/Stanford-CR-Horizon-Black-Satin/ST-000286
ST-000285;Stanford CR Horizon Natur;1;https://www.i-musicnetwork.com/Stanford-CR-Horizon-Natur/ST-000285
JT-000050;Jet Guitars SL-50 Guitar Strap Brown;1;https://www.i-musicnetwork.com/Jet-Guitars-SL-50-Guitar-Strap-Brown/JT-000050
JT-000049;Jet Guitars SL-50 Guitar Strap Black;1;https://www.i-musicnetwork.com/Jet-Guitars-SL-50-Guitar-Strap-Black/JT-000049
JT-000051;Jet Guitars SL-50 Guitar Strap Suede Camel;1;https://www.i-musicnetwork.com/Jet-Guitars-SL-50-Guitar-Strap-Suede-Camel/JT-000051
JT-000052;Jet Guitars BL-50 Bass Strap Black;1;https://www.i-musicnetwork.com/Jet-Guitars-BL-50-Bass-Strap-Black/JT-000052
JT-000054;Jet Guitars BL-50 Bass Strap Suede Camel;0;https://www.i-musicnetwork.com/Jet-Guitars-BL-50-Bass-Strap-Suede-Camel/JT-000054
JT-000053;Jet Guitars BL-50 Bass Strap Brown;1;https://www.i-musicnetwork.com/Jet-Guitars-BL-50-Bass-Strap-Brown/JT-000053
SP-000041;SPIRA Guitars B-400 MBK Satin Black;1;https://www.i-musicnetwork.com/SPIRA-Guitars-B-400-MBK-Satin-Black/SP-000041
SP-000043;Spira Guitars S-1007;0;https://www.i-musicnetwork.com/Spira-Guitars-S-1007/SP-000043
SP-000042;Spira Guitars S-1000;0;https://www.i-musicnetwork.com/Spira-Guitars-S-1000/SP-000042
2ndH.MA016;Maton EBG 808 C Nashville B-Stock;1;https://www.i-musicnetwork.com/Maton-EBG-808-C-Nashville-B-Stock/2ndH.MA016
PT-000001;Patina Guitars PS-3 BK Black;1;https://www.i-musicnetwork.com/Patina-Guitars-PS-3-BK-Black/PT-000001
PT-000002;Patina Guitars PS-3 OW Olympic White;1;https://www.i-musicnetwork.com/Patina-Guitars-PS-3-OW-Olympic-White/PT-000002
PT-000003;Patina Guitars PS-3 LPB Lake Placid Blue;1;https://www.i-musicnetwork.com/Patina-Guitars-PS-3-LPB-Lake-Placid-Blue/PT-000003
PT-000004;Patina Guitars PS-3 SGR Sherwood Green;1;https://www.i-musicnetwork.com/Patina-Guitars-PS-3-SGR-Sherwood-Green/PT-000004
PT-000005;Patina Guitars PS-4 BK Black;1;https://www.i-musicnetwork.com/Patina-Guitars-PS-4-BK-Black/PT-000005
PT-000006;Patina Guitars PS-4 OW Olympic White;1;https://www.i-musicnetwork.com/Patina-Guitars-PS-4-OW-Olympic-White/PT-000006
PT-000007;Patina Guitars PS-4 LPB Lake Placid Blue;1;https://www.i-musicnetwork.com/Patina-Guitars-PS-4-LPB-Lake-Placid-Blue/PT-000007
PT-000008;Patina Guitars PS-4 SGR Sherwood Green;1;https://www.i-musicnetwork.com/Patina-Guitars-PS-4-SGR-Sherwood-Green/PT-000008
PT-000009;Patina Guitars PT-3 BK Black;1;https://www.i-musicnetwork.com/Patina-Guitars-PT-3-BK-Black/PT-000009
PT-000010;Patina Guitars PT-3 SGR Sherwood Green;1;https://www.i-musicnetwork.com/Patina-Guitars-PT-3-SGR-Sherwood-Green/PT-000010
PT-000011;Patina Guitars PT-3 SB Sunburst;1;https://www.i-musicnetwork.com/Patina-Guitars-PT-3-SB-Sunburst/PT-000011
PT-000012;Patina Guitars PS-6 OW R Olympic White Relic;1;https://www.i-musicnetwork.com/Patina-Guitars-PS-6-OW-R-Olympic-White-Relic/PT-000012
PT-000013;Patina Guitars PS-6 LPB R Lake Placid Blue Relic;1;https://www.i-musicnetwork.com/Patina-Guitars-PS-6-LPB-R-Lake-Placid-Blue-Relic/PT-000013
PT-000014;Patina Guitars PS-6 PP R Purple Relic;1;https://www.i-musicnetwork.com/Patina-Guitars-PS-6-PP-R-Purple-Relic/PT-000014
PT-000016;Patina Guitars PS-7 OW R Olympic White Relic;1;https://www.i-musicnetwork.com/Patina-Guitars-PS-7-OW-R-Olympic-White-Relic/PT-000016
PT-000017;Patina Guitars PS-7 LPB R Lake Placid Blue Relic;1;https://www.i-musicnetwork.com/Patina-Guitars-PS-7-LPB-R-Lake-Placid-Blue-Relic/PT-000017
PT-000018;Patina Guitars PS-7 PP R Purple Relic;1;https://www.i-musicnetwork.com/Patina-Guitars-PS-7-PP-R-Purple-Relic/PT-000018
PT-000019;Patina Guitars PS-7 SGR R Sherwood Green Relic;1;https://www.i-musicnetwork.com/Patina-Guitars-PS-7-SGR-R-Sherwood-Green-Relic/PT-000019
PT-000020;Patina Guitars PT-6 OW R Olympic White Relic;1;https://www.i-musicnetwork.com/Patina-Guitars-PT-6-OW-R-Olympic-White-Relic/PT-000020
PT-000021;Patina Guitars PT-6 SFG R Sea Foam Green Relic;1;https://www.i-musicnetwork.com/Patina-Guitars-PT-6-SFG-R-Sea-Foam-Green-Relic/PT-000021
PT-000022;Patina Guitars PT-6 SGR R Sherwood Green Relic;0;https://www.i-musicnetwork.com/Patina-Guitars-PT-6-SGR-R-Sherwood-Green-Relic/PT-000022
2ndH.MA017;Maton Messiah EM100C B-Stock;0;https://www.i-musicnetwork.com/Maton-Messiah-EM100C-B-Stock/2ndH.MA017
2ndH.BB01;Blue Bell Straps Premium Gitarrengurt;0;https://www.i-musicnetwork.com/Blue-Bell-Straps-Premium-Gitarrengurt/2ndH.BB01
MY-000969;Maybach Lester Deep Sunrise Custom Shop New Look;0;https://www.i-musicnetwork.com/Maybach-Lester-Deep-Sunrise-Custom-Shop-New-Look/MY-000969
2ndH.6666;Mayson Limited Rosewood mit Spectral Nautilus Pickup System - B-Ware;0;https://www.i-musicnetwork.com/Mayson-Limited-Rosewood-mit-Spectral-Nautilus-Pickup-System-B-Ware/2ndH.6666
2ndH.MA018;Maton EBG 808 TE - B-Stock;0;https://www.i-musicnetwork.com/Maton-EBG-808-TE-B-Stock/2ndH.MA018
MY-000866;Maybach Jetwing M Shoreline Gold;0;https://www.i-musicnetwork.com/Maybach-Jetwing-M-Shoreline-Gold/MY-000866
MY-000867;Maybach Jetwing M Aztec Gold 60s Slim Taper;0;https://www.i-musicnetwork.com/Maybach-Jetwing-M-Aztec-Gold-60s-Slim-Taper/MY-000867
JT-000112;Jet Guitars JJB-305 DBL Deep Blue;0;https://www.i-musicnetwork.com/Jet-Guitars-JJB-305-DBL-Deep-Blue/JT-000112
JT-000113;Jet Guitars JPB-305 CRC Charcoal;0;https://www.i-musicnetwork.com/Jet-Guitars-JPB-305-CRC-Charcoal/JT-000113
SP-000058;SPIRA Guitars S-400 Headless MGR Satin Green;0;https://www.i-musicnetwork.com/SPIRA-Guitars-S-400-Headless-MGR-Satin-Green/SP-000058
SP-000057;SPIRA Guitars V-407 MBK Satin Black;0;https://www.i-musicnetwork.com/SPIRA-Guitars-V-407-MBK-Satin-Black/SP-000057
SP-000056;SPIRA Guitars V-407 MGR Satin Green;0;https://www.i-musicnetwork.com/SPIRA-Guitars-V-407-MGR-Satin-Green/SP-000056
SP-000055;SPIRA Guitars X-407 MBK Satin Black;0;https://www.i-musicnetwork.com/SPIRA-Guitars-X-407-MBK-Satin-Black/SP-000055
SP-000059;SPIRA Guitars S-400 Headless MPB Satin Blue;0;https://www.i-musicnetwork.com/SPIRA-Guitars-S-400-Headless-MPB-Satin-Blue/SP-000059
SP-000053;SPIRA Guitars SR-400 MBK Satin Black;0;https://www.i-musicnetwork.com/SPIRA-Guitars-SR-400-MBK-Satin-Black/SP-000053
SP-000052;SPIRA Guitars J-400 MBK Baritone Satin Black;0;https://www.i-musicnetwork.com/SPIRA-Guitars-J-400-MBK-Baritone-Satin-Black/SP-000052
SP-000050;SPIRA Guitars J-400 MBK Satin Black;0;https://www.i-musicnetwork.com/SPIRA-Guitars-J-400-MBK-Satin-Black/SP-000050
SP-000049;SPIRA Guitars J-400 MGR Satin Green;0;https://www.i-musicnetwork.com/SPIRA-Guitars-J-400-MGR-Satin-Green/SP-000049
2ndH.MA019;Maton EBG 808 C TE B-Stock;0;https://www.i-musicnetwork.com/Maton-EBG-808-C-TE-B-Stock/2ndH.MA019
MY-000981;Maybach Capitol Antique Burst 60s Slim Taper Aged;0;https://www.i-musicnetwork.com/Maybach-Capitol-Antique-Burst-60s-Slim-Taper-Aged/MY-000981
2ndH.JET029;Jet Guitars JS-600 TPP B-Stock!;0;https://www.i-musicnetwork.com/Jet-Guitars-JS-600-TPP-B-Stock/2ndH.JET029
SP-000046;SPIRA Guitars S-400 MBK LH Satin Black;0;https://www.i-musicnetwork.com/SPIRA-Guitars-S-400-MBK-LH-Satin-Black/SP-000046
SP-000047;SPIRA Guitars S-400 MGR LH Satin Dark Green;0;https://www.i-musicnetwork.com/SPIRA-Guitars-S-400-MGR-LH-Satin-Dark-Green/SP-000047
SP-000048;SPIRA Guitars S-407 MBK LH Satin Black;0;https://www.i-musicnetwork.com/SPIRA-Guitars-S-407-MBK-LH-Satin-Black/SP-000048
SP-000060;SPIRA Guitars S-400 Headless MPP Satin Purple;0;https://www.i-musicnetwork.com/SPIRA-Guitars-S-400-Headless-MPP-Satin-Purple/SP-000060
MA-000207;Maton RM-6;0;https://www.i-musicnetwork.com/Maton-RM-6/MA-000207
MA-000200;Maton RM-DNC;0;https://www.i-musicnetwork.com/Maton-RM-DNC/MA-000200
MA-000203;Maton Masterbuilt TE Personal Jumbo;0;https://www.i-musicnetwork.com/Maton-Masterbuilt-TE-Personal-Jumbo/MA-000203
MA-000202;Maton Troubadour Jumbo;0;https://www.i-musicnetwork.com/Maton-Troubadour-Jumbo/MA-000202
MA-000201;Maton RM 808;0;https://www.i-musicnetwork.com/Maton-RM-808/MA-000201
MY-000870;Maybach X-Wing '76 M Vintage White;0;https://www.i-musicnetwork.com/Maybach-X-Wing-76-M-Vintage-White/MY-000870
MY-000010;Maybach Stradovari S61 Caddy Blue Aged;0;https://www.i-musicnetwork.com/Maybach-Stradovari-S61-Caddy-Blue-Aged/MY-000010
MY-000011;Maybach Stradovari S61 Olympic White Aged;0;https://www.i-musicnetwork.com/Maybach-Stradovari-S61-Olympic-White-Aged/MY-000011
MY-000014;Maybach Texonian T54 Caddy Blue Aged;1;https://www.i-musicnetwork.com/Maybach-Texonian-T54-Caddy-Blue-Aged/MY-000014
MY-000015;Maybach Texonian T54 Miami Green Aged;0;https://www.i-musicnetwork.com/Maybach-Texonian-T54-Miami-Green-Aged/MY-000015
MY-000016;Maybach Texonian T54 Wine Red Metallic Aged;0;https://www.i-musicnetwork.com/Maybach-Texonian-T54-Wine-Red-Metallic-Aged/MY-000016
MY-000018;Maybach Lester Gold Rush '57 New-Look;0;https://www.i-musicnetwork.com/Maybach-Lester-Gold-Rush-57-New-Look/MY-000018
MY-000019;Maybach Lester Cherry Lane '58 New-Look;0;https://www.i-musicnetwork.com/Maybach-Lester-Cherry-Lane-58-New-Look/MY-000019
MY-000026;Maybach Stradovari S61 Olympic White New-Look;0;https://www.i-musicnetwork.com/Maybach-Stradovari-S61-Olympic-White-New-Look/MY-000026
MY-000029;Maybach Texonian T54 Wine Red Metallic New-Look;0;https://www.i-musicnetwork.com/Maybach-Texonian-T54-Wine-Red-Metallic-New-Look/MY-000029
MY-000030;Maybach Texonian T61 Wine Red Metallic Aged;0;https://www.i-musicnetwork.com/Maybach-Texonian-T61-Wine-Red-Metallic-Aged/MY-000030
MY-000031;Maybach Texonian T61 Vintage Cream Aged;0;https://www.i-musicnetwork.com/Maybach-Texonian-T61-Vintage-Cream-Aged/MY-000031
MY-000032;Maybach Texonian T61 Caddy Blue Aged;0;https://www.i-musicnetwork.com/Maybach-Texonian-T61-Caddy-Blue-Aged/MY-000032
MY-000033;Maybach Texonian T61 Miami Green Aged;0;https://www.i-musicnetwork.com/Maybach-Texonian-T61-Miami-Green-Aged/MY-000033
MY-000034;Maybach Texonian T61 Wine Red Metallic New-Look;0;https://www.i-musicnetwork.com/Maybach-Texonian-T61-Wine-Red-Metallic-New-Look/MY-000034
MY-000038;Maybach Texonian T54 2-Tone Sunburst Aged;0;https://www.i-musicnetwork.com/Maybach-Texonian-T54-2-Tone-Sunburst-Aged/MY-000038
MY-000040;Maybach Texonian T61 3-Tone Sunburst Aged;0;https://www.i-musicnetwork.com/Maybach-Texonian-T61-3-Tone-Sunburst-Aged/MY-000040
MY-000044;Maybach Lester Gold Rush P90 Aged;0;https://www.i-musicnetwork.com/Maybach-Lester-Gold-Rush-P90-Aged/MY-000044
MY-000045;Maybach Lester Gold Rush P90 New-Look;0;https://www.i-musicnetwork.com/Maybach-Lester-Gold-Rush-P90-New-Look/MY-000045
MY-000064;Maybach Capitol 59 Wild Cherry Aged;0;https://www.i-musicnetwork.com/Maybach-Capitol-59-Wild-Cherry-Aged/MY-000064
MY-000065;Maybach Capitol 59 Wild Cherry New-Look;0;https://www.i-musicnetwork.com/Maybach-Capitol-59-Wild-Cherry-New-Look/MY-000065
MY-000066;Maybach Capitol '59 Antique Burst Aged;0;https://www.i-musicnetwork.com/Maybach-Capitol-59-Antique-Burst-Aged/MY-000066
MY-000068;Maybach Lester Havana Tobacco '58 Aged;0;https://www.i-musicnetwork.com/Maybach-Lester-Havana-Tobacco-58-Aged/MY-000068
MY-000069;Maybach Lester Wild Cherry '59 Aged;0;https://www.i-musicnetwork.com/Maybach-Lester-Wild-Cherry-59-Aged/MY-000069
MY-000070;Maybach Lester Honey Pie '59 Aged;1;https://www.i-musicnetwork.com/Maybach-Lester-Honey-Pie-59-Aged/MY-000070
MY-000072;Maybach Albatroz '65 Dark Wine Red Aged;0;https://www.i-musicnetwork.com/Maybach-Albatroz-65-Dark-Wine-Red-Aged/MY-000072
MY-000074;Maybach Stradovari S61 Black White Guard Aged;0;https://www.i-musicnetwork.com/Maybach-Stradovari-S61-Black-White-Guard-Aged/MY-000074
MY-000075;Maybach Albatroz '65 TV Yellow Aged;0;https://www.i-musicnetwork.com/Maybach-Albatroz-65-TV-Yellow-Aged/MY-000075
MY-000076;Maybach Lester Pelham Blue P90 Aged;0;https://www.i-musicnetwork.com/Maybach-Lester-Pelham-Blue-P90-Aged/MY-000076
MY-000077;Maybach Lester Earl Grey 60s Slim Taper Aged;1;https://www.i-musicnetwork.com/Maybach-Lester-Earl-Grey-60s-Slim-Taper-Aged/MY-000077
MY-000078;Maybach Lester Havana Tobacco '58 New-Look;0;https://www.i-musicnetwork.com/Maybach-Lester-Havana-Tobacco-58-New-Look/MY-000078
300700;Tonabnehmer Einbau Akustikgitarre;1;https://www.i-musicnetwork.com/Tonabnehmer-Einbau-Akustikgitarre/300700
NA-000001;Nautilus Spectral;1;https://www.i-musicnetwork.com/Nautilus-Spectral/NA-000001
NA-000004;Nautilus Deep Blue;1;https://www.i-musicnetwork.com/Nautilus-Deep-Blue/NA-000004
MY-000060;Maybach Stradovari S54 2-Tone Sunburst Lefthand;0;https://www.i-musicnetwork.com/Maybach-Stradovari-S54-2-Tone-Sunburst-Lefthand/MY-000060
MY-000071;Maybach Lester Honey Pie 60s Slim Taper Aged;0;https://www.i-musicnetwork.com/Maybach-Lester-Honey-Pie-60s-Slim-Taper-Aged/MY-000071
MA-000081;Maton Feedback Buster 90mm ( MINI );1;https://www.i-musicnetwork.com/Maton-Feedback-Buster-90mm-MINI/MA-000081
MY-000053;Maybach Texonian T54 Butterscotch Blackguard Aged Lefthand;0;https://www.i-musicnetwork.com/Maybach-Texonian-T54-Butterscotch-Blackguard-Aged-Lefthand/MY-000053
MY-000054;Maybach Texonian T61 Custom 3-Tone Sunburst Aged Lefthand;0;https://www.i-musicnetwork.com/Maybach-Texonian-T61-Custom-3-Tone-Sunburst-Aged-Lefthand/MY-000054
MY-000055;Maybach Lester Edelweiss '72 Custom Aged;0;https://www.i-musicnetwork.com/Maybach-Lester-Edelweiss-72-Custom-Aged/MY-000055
MY-000079;Maybach Albatroz '65 Vintage Cream Aged;0;https://www.i-musicnetwork.com/Maybach-Albatroz-65-Vintage-Cream-Aged/MY-000079
MY-000056;Maybach Premiumgurt Braun;1;https://www.i-musicnetwork.com/Maybach-Premiumgurt-Braun/MY-000056
MY-000080;Maybach T-Shirt Grey Lester Size S;1;https://www.i-musicnetwork.com/Maybach-T-Shirt-Grey-Lester-Size-S/MY-000080
MY-000084;Maybach T-Shirt Grey Lester Size XXL;0;https://www.i-musicnetwork.com/Maybach-T-Shirt-Grey-Lester-Size-XXL/MY-000084
MY-000085;Maybach Lester Wild Saffron Custom Shop Aged;0;https://www.i-musicnetwork.com/Maybach-Lester-Wild-Saffron-Custom-Shop-Aged/MY-000085
MY-000086;Maybach Albatroz '65-2 Dark Wine Red;0;https://www.i-musicnetwork.com/Maybach-Albatroz-65-2-Dark-Wine-Red/MY-000086
MY-000087;Maybach Texonian T61 Red Rooster Custom Aged;0;https://www.i-musicnetwork.com/Maybach-Texonian-T61-Red-Rooster-Custom-Aged/MY-000087
MY-000088;Maybach Lester Earl Grey '59 Aged;0;https://www.i-musicnetwork.com/Maybach-Lester-Earl-Grey-59-Aged/MY-000088
MY-000092;Maybach Jazpole 63 Caddy Green Metallic Aged;0;https://www.i-musicnetwork.com/Maybach-Jazpole-63-Caddy-Green-Metallic-Aged/MY-000092
MY-000109;Maybach Lester Honey Pie '59 New-Look;0;https://www.i-musicnetwork.com/Maybach-Lester-Honey-Pie-59-New-Look/MY-000109
MY-000110;Maybach Texonian T52-2 Butterscotch Blackguard-Keith;0;https://www.i-musicnetwork.com/Maybach-Texonian-T52-2-Butterscotch-Blackguard-Keith/MY-000110
MY-000111;Maybach Albatroz '65-2 TV Yellow Aged;0;https://www.i-musicnetwork.com/Maybach-Albatroz-65-2-TV-Yellow-Aged/MY-000111
NA-000016;Nautilus Posydon;1;https://www.i-musicnetwork.com/Nautilus-Posydon/NA-000016
MY-000112;Maybach Lester Midnight Sunset 60s Slim Taper Aged;1;https://www.i-musicnetwork.com/Maybach-Lester-Midnight-Sunset-60s-Slim-Taper-Aged/MY-000112
MY-000113;Maybach Lester Cherry Lane 60s Slim Taper Aged;0;https://www.i-musicnetwork.com/Maybach-Lester-Cherry-Lane-60s-Slim-Taper-Aged/MY-000113
MY-000115;Maybach Albatroz '65-2 P90 TV Yellow Aged;0;https://www.i-musicnetwork.com/Maybach-Albatroz-65-2-P90-TV-Yellow-Aged/MY-000115
MY-000116;Maybach Albatroz '65-2 P90 Winered Aged;0;https://www.i-musicnetwork.com/Maybach-Albatroz-65-2-P90-Winered-Aged/MY-000116
MA-000098;Maton EBG 808 Nashville;1;https://www.i-musicnetwork.com/Maton-EBG-808-Nashville/MA-000098
MA-000099;Maton EBG 808 C Nashville;0;https://www.i-musicnetwork.com/Maton-EBG-808-C-Nashville/MA-000099
MY-000117;Maybach Luxus-Case (Jazpole);0;https://www.i-musicnetwork.com/Maybach-Luxus-Case-Jazpole/MY-000117
MY-000121;Maybach Stradovari S54 Black white guard Aged;0;https://www.i-musicnetwork.com/Maybach-Stradovari-S54-Black-white-guard-Aged/MY-000121
MY-000122;Maybach Capitol '59 Natural Vintage Amber aged;0;https://www.i-musicnetwork.com/Maybach-Capitol-59-Natural-Vintage-Amber-aged/MY-000122
MY-000123;Maybach Luxus-Case (Capitol);1;https://www.i-musicnetwork.com/Maybach-Luxus-Case-Capitol/MY-000123
MY-000124;Maybach Lester Black Velvet '54 Custom Aged;0;https://www.i-musicnetwork.com/Maybach-Lester-Black-Velvet-54-Custom-Aged/MY-000124
MA-000101;Maton EBW 70 C;0;https://www.i-musicnetwork.com/Maton-EBW-70-C/MA-000101
MA-000102;Maton EBW 808;0;https://www.i-musicnetwork.com/Maton-EBW-808/MA-000102
MY-000127;Maybach Lester Black Velvet '57 Custom Slim Taper Aged;0;https://www.i-musicnetwork.com/Maybach-Lester-Black-Velvet-57-Custom-Slim-Taper-Aged/MY-000127
MY-000133;Maybach Texonian T61 Custom Lake Placid Blue Aged;0;https://www.i-musicnetwork.com/Maybach-Texonian-T61-Custom-Lake-Placid-Blue-Aged/MY-000133
MY-000134;Maybach Texonian T61 Custom 3-Tone Sunburst Aged;0;https://www.i-musicnetwork.com/Maybach-Texonian-T61-Custom-3-Tone-Sunburst-Aged/MY-000134
MY-000135;Maybach Lester Dirty Lemon '59 Aged;0;https://www.i-musicnetwork.com/Maybach-Lester-Dirty-Lemon-59-Aged/MY-000135
MY-000144;Maybach Texonian T61 Custom Black Aged;0;https://www.i-musicnetwork.com/Maybach-Texonian-T61-Custom-Black-Aged/MY-000144
VZ-000001;Van Zandt True Vintage Bridge;1;https://www.i-musicnetwork.com/Van-Zandt-True-Vintage-Bridge/VZ-000001
VZ-000002;Van Zandt True Vintage Neck + Cover;0;https://www.i-musicnetwork.com/Van-Zandt-True-Vintage-Neck-Cover/VZ-000002
VZ-000003;Van Zandt True Vintage Neck ohne Cover2;0;https://www.i-musicnetwork.com/Van-Zandt-True-Vintage-Neck-ohne-Cover2/VZ-000003
LE-000022;Leewald Metal Body Tricone Style 1 Vintage Duotone;0;https://www.i-musicnetwork.com/Leewald-Metal-Body-Tricone-Style-1-Vintage-Duotone/LE-000022
LE-000023;Leewald Tricone Style 3 Lilly of the Valley;0;https://www.i-musicnetwork.com/Leewald-Tricone-Style-3-Lilly-of-the-Valley/LE-000023
LE-000024;Leewald Woodbody Single Cone Delta Lady Duotone;0;https://www.i-musicnetwork.com/Leewald-Woodbody-Single-Cone-Delta-Lady-Duotone/LE-000024
MY-000153;Maybach Lester Wild Saffron Custom Shop 60s Slim Taper Aged;1;https://www.i-musicnetwork.com/Maybach-Lester-Wild-Saffron-Custom-Shop-60s-Slim-Taper-Aged/MY-000153
MZ-000001;Martinez ES-04C;0;https://www.i-musicnetwork.com/Martinez-ES-04C/MZ-000001
MZ-000002;Martinez ES-06C;1;https://www.i-musicnetwork.com/Martinez-ES-06C/MZ-000002
MZ-000003;Martinez ES-08S;1;https://www.i-musicnetwork.com/Martinez-ES-08S/MZ-000003
MZ-000004;Martinez ES-10C;1;https://www.i-musicnetwork.com/Martinez-ES-10C/MZ-000004
MZ-000005;Martinez ES-10S;1;https://www.i-musicnetwork.com/Martinez-ES-10S/MZ-000005
MZ-000006;Martinez ES-12C;0;https://www.i-musicnetwork.com/Martinez-ES-12C/MZ-000006
MZ-000007;Martinez ES-12S;0;https://www.i-musicnetwork.com/Martinez-ES-12S/MZ-000007
MZ-000008;Martinez ES-14C;0;https://www.i-musicnetwork.com/Martinez-ES-14C/MZ-000008
MZ-000009;Martinez ES-14S;0;https://www.i-musicnetwork.com/Martinez-ES-14S/MZ-000009
MZ-000015;Martinez ES-04C / 62.8;1;https://www.i-musicnetwork.com/Martinez-ES-04C-62.8/MZ-000015
MZ-000014;Martinez ES-04C / 61.5;0;https://www.i-musicnetwork.com/Martinez-ES-04C-61.5/MZ-000014
MZ-000013;Martinez ES-04C / 58;1;https://www.i-musicnetwork.com/Martinez-ES-04C-58/MZ-000013
MZ-000012;Martinez ES-09S;1;https://www.i-musicnetwork.com/Martinez-ES-09S/MZ-000012
MZ-000016;Martinez ES-06S;1;https://www.i-musicnetwork.com/Martinez-ES-06S/MZ-000016
MY-000157;Maybach Stradovari S54 Olympic White Aged;0;https://www.i-musicnetwork.com/Maybach-Stradovari-S54-Olympic-White-Aged/MY-000157
MA-000103;Maton AP 5 Original;1;https://www.i-musicnetwork.com/Maton-AP-5-Original/MA-000103
MY-000160;Maybach Lester Wild Cherry 60s Slim Taper Aged;0;https://www.i-musicnetwork.com/Maybach-Lester-Wild-Cherry-60s-Slim-Taper-Aged/MY-000160
MY-000162;Maybach Luxus-Case (Albatroz);1;https://www.i-musicnetwork.com/Maybach-Luxus-Case-Albatroz/MY-000162
MY-000163;Maybach Mikrofaser Tuch;1;https://www.i-musicnetwork.com/Maybach-Mikrofaser-Tuch/MY-000163
MY-000165;Maybach Luxus-Case (Lester Jr + Little Wing);1;https://www.i-musicnetwork.com/Maybach-Luxus-Case-Lester-Jr-Little-Wing/MY-000165
MZ-000021;Martinez Torres 1859;0;https://www.i-musicnetwork.com/Martinez-Torres-1859/MZ-000021
MZ-000022;Martinez DF 69S Retro Classic;1;https://www.i-musicnetwork.com/Martinez-DF-69S-Retro-Classic/MZ-000022
MY-000197;Maybach Lester Ice Tea Faded '59 Aged;0;https://www.i-musicnetwork.com/Maybach-Lester-Ice-Tea-Faded-59-Aged/MY-000197
MY-000173;Maybach Lester Black Velvet '54 Custom Bigsby B7 Aged;0;https://www.i-musicnetwork.com/Maybach-Lester-Black-Velvet-54-Custom-Bigsby-B7-Aged/MY-000173
MY-000174;Maybach Lester Ice Tea Faded 60s Slim Taper Aged;0;https://www.i-musicnetwork.com/Maybach-Lester-Ice-Tea-Faded-60s-Slim-Taper-Aged/MY-000174
MZ-000024;Martinez DF 69S Retro (Thermodecke);1;https://www.i-musicnetwork.com/Martinez-DF-69S-Retro-Thermodecke/MZ-000024
MY-000187;Maybach Volume Knob (Cream, New Look);1;https://www.i-musicnetwork.com/Maybach-Volume-Knob-Cream-New-Look/MY-000187
MY-000188;Tone Knob / Ton-Knopf Strat (Cream, New-Look);1;https://www.i-musicnetwork.com/Tone-Knob-Ton-Knopf-Strat-Cream-New-Look/MY-000188
MY-000190;Maybach Lester Black Velvet '54 Custom Bigsby B7 60s Slim Taper Aged;0;https://www.i-musicnetwork.com/Maybach-Lester-Black-Velvet-54-Custom-Bigsby-B7-60s-Slim-Taper-Aged/MY-000190
MA-000114;Maton Stegeinlage schwarz;1;https://www.i-musicnetwork.com/Maton-Stegeinlage-schwarz/MA-000114
MA-000115;Maton Sattel schwarz;1;https://www.i-musicnetwork.com/Maton-Sattel-schwarz/MA-000115
MA-000116;Maton Knochensattel;1;https://www.i-musicnetwork.com/Maton-Knochensattel/MA-000116
MA-000117;Maton Stegeinlage Knochen;1;https://www.i-musicnetwork.com/Maton-Stegeinlage-Knochen/MA-000117
MA-000119;Maton Bridge Pins;1;https://www.i-musicnetwork.com/Maton-Bridge-Pins/MA-000119
MA-000121;Maton Mikrofon für AP 5 Pro;1;https://www.i-musicnetwork.com/Maton-Mikrofon-fuer-AP-5-Pro/MA-000121
MA-000123;Maton Piezo-Kontakte;1;https://www.i-musicnetwork.com/Maton-Piezo-Kontakte/MA-000123
MA-000130;Maton Pickguard für 808 black;0;https://www.i-musicnetwork.com/Maton-Pickguard-fuer-808-black/MA-000130
MA-000131;Maton Pickguard für 808 tortoiseshell;0;https://www.i-musicnetwork.com/Maton-Pickguard-fuer-808-tortoiseshell/MA-000131
MA-000132;Maton Pickguard für 808 tortoiseshell Lefthand;0;https://www.i-musicnetwork.com/Maton-Pickguard-fuer-808-tortoiseshell-Lefthand/MA-000132
MA-000133;Maton Pickguard für 808 black Lefthand;1;https://www.i-musicnetwork.com/Maton-Pickguard-fuer-808-black-Lefthand/MA-000133
MA-000134;Maton Pickguard für Mini Maton black Lefthand;1;https://www.i-musicnetwork.com/Maton-Pickguard-fuer-Mini-Maton-black-Lefthand/MA-000134
MA-000135;Maton Pickguard für Mini Maton tortoiseshell Lefthand;1;https://www.i-musicnetwork.com/Maton-Pickguard-fuer-Mini-Maton-tortoiseshell-Lefthand/MA-000135
MA-000141;Maton EMBW 6;1;https://www.i-musicnetwork.com/Maton-EMBW-6/MA-000141
MA-000147;Maton T-Shirt 'Maton' XL;0;https://www.i-musicnetwork.com/Maton-T-Shirt-Maton-XL/MA-000147
MA-000148;Maton T-Shirt 'Headstock' L;0;https://www.i-musicnetwork.com/Maton-T-Shirt-Headstock-L/MA-000148
MA-000149;Maton T-Shirt 'Headstock' XL;0;https://www.i-musicnetwork.com/Maton-T-Shirt-Headstock-XL/MA-000149
MY-000235;Maybach Lester Midnight Sunset P90 Aged;0;https://www.i-musicnetwork.com/Maybach-Lester-Midnight-Sunset-P90-Aged/MY-000235
MZ-000025;Martinez ES-09S Blanca (ECW);0;https://www.i-musicnetwork.com/Martinez-ES-09S-Blanca-ECW/MZ-000025
MZ-000026;Martinez ES-08S Blanca (ECW);0;https://www.i-musicnetwork.com/Martinez-ES-08S-Blanca-ECW/MZ-000026
MY-000237;Maybach Stradovari S54 Caddy Blue Aged;0;https://www.i-musicnetwork.com/Maybach-Stradovari-S54-Caddy-Blue-Aged/MY-000237
MY-000238;Maybach Convair CS '59 Onyx Black Aged;0;https://www.i-musicnetwork.com/Maybach-Convair-CS-59-Onyx-Black-Aged/MY-000238
MY-000239;Maybach Convair CS '60 Onyx Black Slim Taper Aged;0;https://www.i-musicnetwork.com/Maybach-Convair-CS-60-Onyx-Black-Slim-Taper-Aged/MY-000239
MY-000244;Maybach Albatroz '65-2 P90 Black Aged;0;https://www.i-musicnetwork.com/Maybach-Albatroz-65-2-P90-Black-Aged/MY-000244
MY-000250;Maybach Albatroz '65 Black Aged;0;https://www.i-musicnetwork.com/Maybach-Albatroz-65-Black-Aged/MY-000250
MA-000154;Maton EBW 808 C;1;https://www.i-musicnetwork.com/Maton-EBW-808-C/MA-000154
CM-000001;Chord & Major Tonal Earphones - World 5'14;1;https://www.i-musicnetwork.com/Chord-Major-Tonal-Earphones-World-5-14/CM-000001
CM-000002;Chord & Major Tonal Earphones - Ballad 6'13;1;https://www.i-musicnetwork.com/Chord-Major-Tonal-Earphones-Ballad-6-13/CM-000002
CM-000006;Chord & Major Tonal Earphones - Electronic 01'16;1;https://www.i-musicnetwork.com/Chord-Major-Tonal-Earphones-Electronic-01-16/CM-000006
BY-000001;Bigsby B5 Vibrato;1;https://www.i-musicnetwork.com/Bigsby-B5-Vibrato/BY-000001
BY-000002;Bigsby B7 Vibrato;1;https://www.i-musicnetwork.com/Bigsby-B7-Vibrato/BY-000002
BY-000003;Bigsby B16B Vibrato;1;https://www.i-musicnetwork.com/Bigsby-B16B-Vibrato/BY-000003
BY-000004;Bigsby Tele Plate;0;https://www.i-musicnetwork.com/Bigsby-Tele-Plate/BY-000004
BY-000005;Bigsby Tele Bridge;1;https://www.i-musicnetwork.com/Bigsby-Tele-Bridge/BY-000005
ST-000083;Stanford Deja Vu Series D-Bird Natural;1;https://www.i-musicnetwork.com/Stanford-Deja-Vu-Series-D-Bird-Natural/ST-000083
ST-000137;Stanford Case OM Style;0;https://www.i-musicnetwork.com/Stanford-Case-OM-Style/ST-000137
ST-000007;Stanford SW 48 OM SR ECW;0;https://www.i-musicnetwork.com/Stanford-SW-48-OM-SR-ECW/ST-000007
ST-000009;Stanford Premiumgurt Schwarz;1;https://www.i-musicnetwork.com/Stanford-Premiumgurt-Schwarz/ST-000009
ST-000061;Stanford Radiotone Studio 49 D;0;https://www.i-musicnetwork.com/Stanford-Radiotone-Studio-49-D/ST-000061
ST-000062;Stanford Radiotone Studio 49 D ECW;1;https://www.i-musicnetwork.com/Stanford-Radiotone-Studio-49-D-ECW/ST-000062
ST-000063;Stanford Radiotone Studio 49 G;0;https://www.i-musicnetwork.com/Stanford-Radiotone-Studio-49-G/ST-000063
ST-000064;Stanford Radiotone Studio 49 G ECW;0;https://www.i-musicnetwork.com/Stanford-Radiotone-Studio-49-G-ECW/ST-000064
ST-000065;Stanford Tuner LTS-22;1;https://www.i-musicnetwork.com/Stanford-Tuner-LTS-22/ST-000065
ST-000076;Stanford Tuner LTS-23;1;https://www.i-musicnetwork.com/Stanford-Tuner-LTS-23/ST-000076
ST-000079;Stanford Feedback Buster;1;https://www.i-musicnetwork.com/Stanford-Feedback-Buster/ST-000079
ST-000130;Stanford 46-D1-SM-ECW;0;https://www.i-musicnetwork.com/Stanford-46-D1-SM-ECW/ST-000130
ST-000129;Stanford 46-D2-CM-ECW;1;https://www.i-musicnetwork.com/Stanford-46-D2-CM-ECW/ST-000129
ST-000128;Stanford 46-D3-SO-ECW;1;https://www.i-musicnetwork.com/Stanford-46-D3-SO-ECW/ST-000128
ST-000127;Stanford 46-D4-CO-ECW;0;https://www.i-musicnetwork.com/Stanford-46-D4-CO-ECW/ST-000127
ST-000123;Stanford 46-G1-SM-ECW;0;https://www.i-musicnetwork.com/Stanford-46-G1-SM-ECW/ST-000123
ST-000122;Stanford 46-G2-CM-ECW;0;https://www.i-musicnetwork.com/Stanford-46-G2-CM-ECW/ST-000122
ST-000121;Stanford 46-G3-SO-ECW;1;https://www.i-musicnetwork.com/Stanford-46-G3-SO-ECW/ST-000121
ST-000120;Stanford 46-G4-CO-ECW;1;https://www.i-musicnetwork.com/Stanford-46-G4-CO-ECW/ST-000120
ST-000107;Stanford Mikrofaser Tuch;1;https://www.i-musicnetwork.com/Stanford-Mikrofaser-Tuch/ST-000107
ST-000106;Stanford D-Bird Pickguard;1;https://www.i-musicnetwork.com/Stanford-D-Bird-Pickguard/ST-000106
ST-000142;Stanford Radiotone Studio 65 D Natural;0;https://www.i-musicnetwork.com/Stanford-Radiotone-Studio-65-D-Natural/ST-000142
ST-000143;Stanford Radiotone Studio 65 G ECW Natural;1;https://www.i-musicnetwork.com/Stanford-Radiotone-Studio-65-G-ECW-Natural/ST-000143
ST-000144;Stanford Radiotone Studio 65 OM Natural;1;https://www.i-musicnetwork.com/Stanford-Radiotone-Studio-65-OM-Natural/ST-000144
ST-000145;Stanford Radiotone Studio 66 D Antique Top;1;https://www.i-musicnetwork.com/Stanford-Radiotone-Studio-66-D-Antique-Top/ST-000145
ST-000146;Stanford Radiotone Studio 66 G ECW Antique Top;1;https://www.i-musicnetwork.com/Stanford-Radiotone-Studio-66-G-ECW-Antique-Top/ST-000146
ST-000147;Stanford Radiotone Studio 66 OM Antique Top;0;https://www.i-musicnetwork.com/Stanford-Radiotone-Studio-66-OM-Antique-Top/ST-000147
ST-000150;Stanford CR Fatboy 75 Antique Violin;0;https://www.i-musicnetwork.com/Stanford-CR-Fatboy-75-Antique-Violin/ST-000150
ST-000151;Stanford CR Thinline 35 Antique Violin;1;https://www.i-musicnetwork.com/Stanford-CR-Thinline-35-Antique-Violin/ST-000151
ST-000152;Stanford CR Fatboy 75-2 Antique Violin;1;https://www.i-musicnetwork.com/Stanford-CR-Fatboy-75-2-Antique-Violin/ST-000152
ST-000153;Stanford CR Thinline 30 Sunburst;0;https://www.i-musicnetwork.com/Stanford-CR-Thinline-30-Sunburst/ST-000153
ST-000156;Stanford CR Vanguard Antique Violin;0;https://www.i-musicnetwork.com/Stanford-CR-Vanguard-Antique-Violin/ST-000156
ST-000166;Stanford CR Thinline 35 Wild Cherry;1;https://www.i-musicnetwork.com/Stanford-CR-Thinline-35-Wild-Cherry/ST-000166
ST-000167;Stanford Nova Companion D;1;https://www.i-musicnetwork.com/Stanford-Nova-Companion-D/ST-000167
ST-000168;Stanford Nova Companion GA;1;https://www.i-musicnetwork.com/Stanford-Nova-Companion-GA/ST-000168
ST-000169;Stanford Radiotone Roots GA-MM-CW;0;https://www.i-musicnetwork.com/Stanford-Radiotone-Roots-GA-MM-CW/ST-000169
ST-000170;Stanford 10 x 10 Picks inkl. Mango-Holzbox;1;https://www.i-musicnetwork.com/Stanford-10-x-10-Picks-inkl.-Mango-Holzbox/ST-000170
ST-000171;Stanford Guitar Pick Gripmaster Brown Resin;1;https://www.i-musicnetwork.com/Stanford-Guitar-Pick-Gripmaster-Brown-Resin/ST-000171
ST-000172;Stanford Guitar Pick Stoned White Black Resin;1;https://www.i-musicnetwork.com/Stanford-Guitar-Pick-Stoned-White-Black-Resin/ST-000172
ST-000173;Stanford Guitar Pick Melted Brain Yellow Resin;1;https://www.i-musicnetwork.com/Stanford-Guitar-Pick-Melted-Brain-Yellow-Resin/ST-000173
ST-000174;Stanford Guitar Pick Melted Brain Black Resin;1;https://www.i-musicnetwork.com/Stanford-Guitar-Pick-Melted-Brain-Black-Resin/ST-000174
ST-000175;Stanford Guitar Pick The Seed Clear Horn;1;https://www.i-musicnetwork.com/Stanford-Guitar-Pick-The-Seed-Clear-Horn/ST-000175
ST-000176;Stanford Guitar Pick Classic Clear Horn;1;https://www.i-musicnetwork.com/Stanford-Guitar-Pick-Classic-Clear-Horn/ST-000176
ST-000177;Stanford Guitar Pick Junglemaster Dark Horn;1;https://www.i-musicnetwork.com/Stanford-Guitar-Pick-Junglemaster-Dark-Horn/ST-000177
ST-000178;Stanford Guitar Pick Safariking Dark Horn;1;https://www.i-musicnetwork.com/Stanford-Guitar-Pick-Safariking-Dark-Horn/ST-000178
ST-000179;Stanford Guitar Pick Templedoor Dark Horn;1;https://www.i-musicnetwork.com/Stanford-Guitar-Pick-Templedoor-Dark-Horn/ST-000179
ST-000180;Stanford Guitar Pick Tigertone Dark Horn;1;https://www.i-musicnetwork.com/Stanford-Guitar-Pick-Tigertone-Dark-Horn/ST-000180
ST-000185;Stanford Mechanik Deja Vu Serie (weiße Flügel,Basssaiten);1;https://www.i-musicnetwork.com/Stanford-Mechanik-Deja-Vu-Serie-weisse-Fluegel-Basssaiten/ST-000185
ST-000186;Stanford Mechanik Deja Vu Serie (weiße Flügel,Diskantsaiten);1;https://www.i-musicnetwork.com/Stanford-Mechanik-Deja-Vu-Serie-weisse-Fluegel-Diskantsaiten/ST-000186
ST-000187;Stanford Mechanik Deja Vu Serie (Tulip,Basssaiten);1;https://www.i-musicnetwork.com/Stanford-Mechanik-Deja-Vu-Serie-Tulip-Basssaiten/ST-000187
ST-000188;Stanford Mechanik Deja Vu Serie (Tulip,Diskantsaiten);1;https://www.i-musicnetwork.com/Stanford-Mechanik-Deja-Vu-Serie-Tulip-Diskantsaiten/ST-000188
ST-000189;Stanford Mechanik Deja Vu/ Golden Era Serie (Bean,Basssaiten);1;https://www.i-musicnetwork.com/Stanford-Mechanik-Deja-Vu-Golden-Era-Serie-Bean-Basssaiten/ST-000189
ST-000190;Stanford Mechanik Deja Vu/ Golden Era Serie (Bean,Diskantsaiten);1;https://www.i-musicnetwork.com/Stanford-Mechanik-Deja-Vu-Golden-Era-Serie-Bean-Diskantsaiten/ST-000190
ST-000205;Stanford Flügel Radiotone Serie (schwarz, für Mechanik);1;https://www.i-musicnetwork.com/Stanford-Fluegel-Radiotone-Serie-schwarz-fuer-Mechanik/ST-000205
ST-000220;Stanford Guitar Stand;1;https://www.i-musicnetwork.com/Stanford-Guitar-Stand/ST-000220
ST-000221;Stanford Guitar Picks Mixed Pack (10x Plektrum);1;https://www.i-musicnetwork.com/Stanford-Guitar-Picks-Mixed-Pack-10x-Plektrum/ST-000221
ST-000232;Stanford CR Thinline 30 Vintage Blonde;0;https://www.i-musicnetwork.com/Stanford-CR-Thinline-30-Vintage-Blonde/ST-000232
ST-000235;Stanford Radiotone Roots OM-MM;0;https://www.i-musicnetwork.com/Stanford-Radiotone-Roots-OM-MM/ST-000235
ST-000236;Stanford Guitar Pick Beach Boy Turquoise Resin;1;https://www.i-musicnetwork.com/Stanford-Guitar-Pick-Beach-Boy-Turquoise-Resin/ST-000236
ST-000237;Stanford Guitar Pick Club Man Wood;1;https://www.i-musicnetwork.com/Stanford-Guitar-Pick-Club-Man-Wood/ST-000237
ST-000238;Stanford Guitar Pick Hot Spot Resin;1;https://www.i-musicnetwork.com/Stanford-Guitar-Pick-Hot-Spot-Resin/ST-000238
ST-000239;Stanford Guitar Pick Salt & Pepper Resin;1;https://www.i-musicnetwork.com/Stanford-Guitar-Pick-Salt-Pepper-Resin/ST-000239
ST-000240;Stanford Guitar Pick Capri Creek Resin;1;https://www.i-musicnetwork.com/Stanford-Guitar-Pick-Capri-Creek-Resin/ST-000240
ST-000241;Stanford Guitar Pick Pornstar Resin;1;https://www.i-musicnetwork.com/Stanford-Guitar-Pick-Pornstar-Resin/ST-000241
ST-000243;Stanford Guitar Pick Whirlpool Blue Resin;1;https://www.i-musicnetwork.com/Stanford-Guitar-Pick-Whirlpool-Blue-Resin/ST-000243
ST-000242;Stanford Guitar Pick Ocean Breeze Blue Resin;1;https://www.i-musicnetwork.com/Stanford-Guitar-Pick-Ocean-Breeze-Blue-Resin/ST-000242
ST-000245;Stanford Guitar Pick Dark Swirl Resin;1;https://www.i-musicnetwork.com/Stanford-Guitar-Pick-Dark-Swirl-Resin/ST-000245
ST-000244;Stanford Guitar Pick Zebra Resin;1;https://www.i-musicnetwork.com/Stanford-Guitar-Pick-Zebra-Resin/ST-000244
ST-000010;Stanford Deja Vu Series Drunken Daddy 18;0;https://www.i-musicnetwork.com/Stanford-Deja-Vu-Series-Drunken-Daddy-18/ST-000010
ST-000233;Stanford CR Thinline 35 Vintage Blonde FM;1;https://www.i-musicnetwork.com/Stanford-CR-Thinline-35-Vintage-Blonde-FM/ST-000233
LE-000004;Leewald Metal Body Tricone Style 1 Vintage finish;0;https://www.i-musicnetwork.com/Leewald-Metal-Body-Tricone-Style-1-Vintage-finish/LE-000004
LE-000006;Leewald Metal Body Duolian Vintage Duotone;0;https://www.i-musicnetwork.com/Leewald-Metal-Body-Duolian-Vintage-Duotone/LE-000006
LE-000010;Leewald Woodbody Delta Queen Duotone;0;https://www.i-musicnetwork.com/Leewald-Woodbody-Delta-Queen-Duotone/LE-000010
LE-000011;Leewald Woodbody Brown Sugar Duotone;0;https://www.i-musicnetwork.com/Leewald-Woodbody-Brown-Sugar-Duotone/LE-000011
LE-000015;Leewald Metal Body Duolian Golden Era;0;https://www.i-musicnetwork.com/Leewald-Metal-Body-Duolian-Golden-Era/LE-000015
LE-000016;Leewald Woodbody Bluesy Fellow Duotone Honey Vintage;0;https://www.i-musicnetwork.com/Leewald-Woodbody-Bluesy-Fellow-Duotone-Honey-Vintage/LE-000016
LE-000017;Leewald Metal Body Duolian Golden Era Duotone;0;https://www.i-musicnetwork.com/Leewald-Metal-Body-Duolian-Golden-Era-Duotone/LE-000017
LE-000018;Leewald Woodbody Tricone Stager Duotone Cut;0;https://www.i-musicnetwork.com/Leewald-Woodbody-Tricone-Stager-Duotone-Cut/LE-000018
LE-000019;Leewald Bluesy Fellow Chocolate Duotone;0;https://www.i-musicnetwork.com/Leewald-Bluesy-Fellow-Chocolate-Duotone/LE-000019
LE-000020;Leewald Blackgator Single Cone Duotone;0;https://www.i-musicnetwork.com/Leewald-Blackgator-Single-Cone-Duotone/LE-000020
LE-000001;Leewald Woodbody Tricone Duotone;0;https://www.i-musicnetwork.com/Leewald-Woodbody-Tricone-Duotone/LE-000001
LA-000013;Larson Case Prairie State OM;1;https://www.i-musicnetwork.com/Larson-Case-Prairie-State-OM/LA-000013
LA-000014;Larson Premiumgurt Braun;1;https://www.i-musicnetwork.com/Larson-Premiumgurt-Braun/LA-000014
LA-000040;Larson Mikrofaser Tuch;1;https://www.i-musicnetwork.com/Larson-Mikrofaser-Tuch/LA-000040
LA-000041;Larson Cap;1;https://www.i-musicnetwork.com/Larson-Cap/LA-000041
LA-000042;Larson T-Shirt ROAL S/50 Rayon Jersey Navy-Blue;1;https://www.i-musicnetwork.com/Larson-T-Shirt-ROAL-S-50-Rayon-Jersey-Navy-Blue/LA-000042
LA-000043;Larson T-Shirt ROAL M/100 Rayon Jersey Navy-Blue;1;https://www.i-musicnetwork.com/Larson-T-Shirt-ROAL-M-100-Rayon-Jersey-Navy-Blue/LA-000043
LA-000044;Larson T-Shirt ROAL L/200 Rayon Jersey Navy-Blue;1;https://www.i-musicnetwork.com/Larson-T-Shirt-ROAL-L-200-Rayon-Jersey-Navy-Blue/LA-000044
LA-000045;Larson T-Shirt ROAL XL/150 Rayon Jersey Navy-Blue;1;https://www.i-musicnetwork.com/Larson-T-Shirt-ROAL-XL-150-Rayon-Jersey-Navy-Blue/LA-000045
LA-000046;Larson T-Shirt ROAL XXL/100 Rayon Jersey Navy-Blue;1;https://www.i-musicnetwork.com/Larson-T-Shirt-ROAL-XXL-100-Rayon-Jersey-Navy-Blue/LA-000046
MA-000003;"Maton ""The Australian"" EA 80C";0;https://www.i-musicnetwork.com/Maton-The-Australian-EA-80C/MA-000003
MA-000006;Maton EBG 808 Artist;1;https://www.i-musicnetwork.com/Maton-EBG-808-Artist/MA-000006
MA-000007;Maton EBG 808 C Signature Michael Fix;1;https://www.i-musicnetwork.com/Maton-EBG-808-C-Signature-Michael-Fix/MA-000007
MA-000009;Maton EBG 808 TE;1;https://www.i-musicnetwork.com/Maton-EBG-808-TE/MA-000009
MA-000010;Maton Messiah EM100C;0;https://www.i-musicnetwork.com/Maton-Messiah-EM100C/MA-000010
MA-000092;Maton EMD 12;0;https://www.i-musicnetwork.com/Maton-EMD-12/MA-000092
MA-000013;Maton EMD 6;0;https://www.i-musicnetwork.com/Maton-EMD-6/MA-000013
MA-000015;Maton EM 6;1;https://www.i-musicnetwork.com/Maton-EM-6/MA-000015
MA-000018;Maton Gurt Brown;1;https://www.i-musicnetwork.com/Maton-Gurt-Brown/MA-000018
MA-000026;Maton Gurt Black;1;https://www.i-musicnetwork.com/Maton-Gurt-Black/MA-000026
MA-000029;Maton Halsschlüssel;1;https://www.i-musicnetwork.com/Maton-Halsschluessel/MA-000029
MA-000038;Maton EBG 808 TE Lefthand;0;https://www.i-musicnetwork.com/Maton-EBG-808-TE-Lefthand/MA-000038
MA-000047;Maton AP 5 Pro System;1;https://www.i-musicnetwork.com/Maton-AP-5-Pro-System/MA-000047
MA-000050;Maton EBG 808 CL Performer;1;https://www.i-musicnetwork.com/Maton-EBG-808-CL-Performer/MA-000050
MA-000056;Maton Feedback Buster 100mm;1;https://www.i-musicnetwork.com/Maton-Feedback-Buster-100mm/MA-000056
MA-000057;Maton SRS 60C;1;https://www.i-musicnetwork.com/Maton-SRS-60C/MA-000057
MA-000058;Maton SRS 70C;0;https://www.i-musicnetwork.com/Maton-SRS-70C/MA-000058
MA-000062;Maton Feedback Buster 95mm;1;https://www.i-musicnetwork.com/Maton-Feedback-Buster-95mm/MA-000062
MA-000064;Maton SRS 70C 12-string;1;https://www.i-musicnetwork.com/Maton-SRS-70C-12-string/MA-000064
MA-000065;Maton SRS 808;1;https://www.i-musicnetwork.com/Maton-SRS-808/MA-000065
MA-000066;Maton Messiah EM100;0;https://www.i-musicnetwork.com/Maton-Messiah-EM100/MA-000066
MA-000068;Maton Base Cap;0;https://www.i-musicnetwork.com/Maton-Base-Cap/MA-000068
MA-000070;Maton SRS 808 C;1;https://www.i-musicnetwork.com/Maton-SRS-808-C/MA-000070
MA-000071;Maton Messiah EM100-808;0;https://www.i-musicnetwork.com/Maton-Messiah-EM100-808/MA-000071
MA-000085;Maton Messiah EM100C-808;0;https://www.i-musicnetwork.com/Maton-Messiah-EM100C-808/MA-000085
MA-000082;Maton EBG 808 C TE;1;https://www.i-musicnetwork.com/Maton-EBG-808-C-TE/MA-000082
MY-000001;Maybach Lester Black Velvet '57 Custom;0;https://www.i-musicnetwork.com/Maybach-Lester-Black-Velvet-57-Custom/MY-000001
MY-000002;Maybach Lester Gold Rush '57 Aged;0;https://www.i-musicnetwork.com/Maybach-Lester-Gold-Rush-57-Aged/MY-000002
MY-000003;Maybach Lester Cherry Lane '58 Aged;0;https://www.i-musicnetwork.com/Maybach-Lester-Cherry-Lane-58-Aged/MY-000003
MY-000004;Maybach Lester Midnight Sunset '59 Aged;0;https://www.i-musicnetwork.com/Maybach-Lester-Midnight-Sunset-59-Aged/MY-000004
MY-000005;Maybach Luxus-Case (Lester);1;https://www.i-musicnetwork.com/Maybach-Luxus-Case-Lester/MY-000005
MY-000006;Maybach Stradovari S54 2-Tone Sunburst Aged;0;https://www.i-musicnetwork.com/Maybach-Stradovari-S54-2-Tone-Sunburst-Aged/MY-000006
MY-000007;Maybach Stradovari S61 3-Tone Sunburst Aged;0;https://www.i-musicnetwork.com/Maybach-Stradovari-S61-3-Tone-Sunburst-Aged/MY-000007
MY-000008;Maybach Texonian T54 Butterscotch Blackguard Aged;0;https://www.i-musicnetwork.com/Maybach-Texonian-T54-Butterscotch-Blackguard-Aged/MY-000008
MY-000009;Maybach Texonian T54 Vintage Cream Aged;0;https://www.i-musicnetwork.com/Maybach-Texonian-T54-Vintage-Cream-Aged/MY-000009
MA-000155;"Maton ""The Australian"" EA 808";0;https://www.i-musicnetwork.com/Maton-The-Australian-EA-808/MA-000155
MZ-000029;Martinez Sattel;1;https://www.i-musicnetwork.com/Martinez-Sattel/MZ-000029
MZ-000030;Martinez Stegeinlage;1;https://www.i-musicnetwork.com/Martinez-Stegeinlage/MZ-000030
MZ-000031;Martinez Mechanik (Bass-Saiten);1;https://www.i-musicnetwork.com/Martinez-Mechanik-Bass-Saiten/MZ-000031
MZ-000032;Martinez Mechanik (Diskant-Saiten);1;https://www.i-musicnetwork.com/Martinez-Mechanik-Diskant-Saiten/MZ-000032
MY-000272;Maybach Albatroz '65-2 Vintage Cream Aged;0;https://www.i-musicnetwork.com/Maybach-Albatroz-65-2-Vintage-Cream-Aged/MY-000272
MY-000276;Maybach Stradovari Superfly HSS Shoreline Gold;0;https://www.i-musicnetwork.com/Maybach-Stradovari-Superfly-HSS-Shoreline-Gold/MY-000276
MY-000274;Maybach Stradovari Superfly HSS 2-Tone Sunburst;0;https://www.i-musicnetwork.com/Maybach-Stradovari-Superfly-HSS-2-Tone-Sunburst/MY-000274
MY-000277;Maybach Texonian T66 Savage Rose Custom Shop Aged;0;https://www.i-musicnetwork.com/Maybach-Texonian-T66-Savage-Rose-Custom-Shop-Aged/MY-000277
MY-000284;Maybach Little Wing Flat Top Cutaway (2x PAF) Earl Grey Aged;0;https://www.i-musicnetwork.com/Maybach-Little-Wing-Flat-Top-Cutaway-2x-PAF-Earl-Grey-Aged/MY-000284
MY-000290;Maybach Little Wing Arched Top Cutaway (2x PAF) Midnight Sunset Aged;0;https://www.i-musicnetwork.com/Maybach-Little-Wing-Arched-Top-Cutaway-2x-PAF-Midnight-Sunset-Aged/MY-000290
MZ-000043;Martinez MC-35;0;https://www.i-musicnetwork.com/Martinez-MC-35/MZ-000043
PL-000001;Standard Plek Service;1;https://www.i-musicnetwork.com/Standard-Plek-Service/PL-000001
PL-000002;Basic Plek Service;1;https://www.i-musicnetwork.com/Basic-Plek-Service/PL-000002
PL-000003;Nut Plek Service;1;https://www.i-musicnetwork.com/Nut-Plek-Service/PL-000003
PL-000004;Standard Plek Service Stainless;1;https://www.i-musicnetwork.com/Standard-Plek-Service-Stainless/PL-000004
MY-000301;T-Style Pickguard 3-Ply Cream;1;https://www.i-musicnetwork.com/T-Style-Pickguard-3-Ply-Cream/MY-000301
MY-000305;Maybach Texonian T52-2 Vintage Cream-Keith;0;https://www.i-musicnetwork.com/Maybach-Texonian-T52-2-Vintage-Cream-Keith/MY-000305
MY-000308;Maybach Lester Midnight Sunset P90 60s Slim Taper Aged;0;https://www.i-musicnetwork.com/Maybach-Lester-Midnight-Sunset-P90-60s-Slim-Taper-Aged/MY-000308
MY-000310;Maybach Little Wing Arched Top Cutaway Black Aged;0;https://www.i-musicnetwork.com/Maybach-Little-Wing-Arched-Top-Cutaway-Black-Aged/MY-000310
MY-000311;Maybach Lester Black Velvet '54 Custom 60s Slim Taper Aged;0;https://www.i-musicnetwork.com/Maybach-Lester-Black-Velvet-54-Custom-60s-Slim-Taper-Aged/MY-000311
MY-000314;Maybach Capitol 59 Wild Cherry Aged Lefthand;0;https://www.i-musicnetwork.com/Maybach-Capitol-59-Wild-Cherry-Aged-Lefthand/MY-000314
MY-000316;Maybach Stradovari S61 Miami Green Aged;0;https://www.i-musicnetwork.com/Maybach-Stradovari-S61-Miami-Green-Aged/MY-000316
MY-000321;Maybach Volume Knopf Ivory / Aged für Stradovari;1;https://www.i-musicnetwork.com/Maybach-Volume-Knopf-Ivory-Aged-fuer-Stradovari/MY-000321
MY-000322;Maybach Tone Knopf Ivory / Aged für Stradovari;1;https://www.i-musicnetwork.com/Maybach-Tone-Knopf-Ivory-Aged-fuer-Stradovari/MY-000322
MY-000324;Maybach Marilyn S Antique Violin;0;https://www.i-musicnetwork.com/Maybach-Marilyn-S-Antique-Violin/MY-000324
MY-000330;Maybach Lester '59 Pelham Blue Aged;0;https://www.i-musicnetwork.com/Maybach-Lester-59-Pelham-Blue-Aged/MY-000330
MY-000331;Maybach Lester Havana Tobacco 60s Slim Taper Aged;0;https://www.i-musicnetwork.com/Maybach-Lester-Havana-Tobacco-60s-Slim-Taper-Aged/MY-000331
MY-000338;Maybach Marilyn FM Midnight Sunset Aged;0;https://www.i-musicnetwork.com/Maybach-Marilyn-FM-Midnight-Sunset-Aged/MY-000338
MY-000355;Maybach Guitar Pick Zebra Horn;1;https://www.i-musicnetwork.com/Maybach-Guitar-Pick-Zebra-Horn/MY-000355
MY-000356;Maybach Guitar Pick Cream Bone;1;https://www.i-musicnetwork.com/Maybach-Guitar-Pick-Cream-Bone/MY-000356
MY-000357;Maybach Guitar Pick Trans-100 Corne;1;https://www.i-musicnetwork.com/Maybach-Guitar-Pick-Trans-100-Corne/MY-000357
MY-000358;Maybach Guitar Pick Black Shadow;1;https://www.i-musicnetwork.com/Maybach-Guitar-Pick-Black-Shadow/MY-000358
MY-000359;Maybach Guitar Pick Orbiculaire Marble;1;https://www.i-musicnetwork.com/Maybach-Guitar-Pick-Orbiculaire-Marble/MY-000359
MY-000360;Maybach Guitar Pick Orbiculair Flat;1;https://www.i-musicnetwork.com/Maybach-Guitar-Pick-Orbiculair-Flat/MY-000360
MY-000361;Maybach Guitar Pick Dark Ocean Green;1;https://www.i-musicnetwork.com/Maybach-Guitar-Pick-Dark-Ocean-Green/MY-000361
MY-000363;Maybach Guitar Pick Moulin Rouge;1;https://www.i-musicnetwork.com/Maybach-Guitar-Pick-Moulin-Rouge/MY-000363
MY-000364;Maybach Guitar Pick Vinicunca;1;https://www.i-musicnetwork.com/Maybach-Guitar-Pick-Vinicunca/MY-000364
MY-000365;Maybach Guitar Pick Cappuccino;1;https://www.i-musicnetwork.com/Maybach-Guitar-Pick-Cappuccino/MY-000365
MY-000366;Maybach Guitar Pick Rainbow Pearl;1;https://www.i-musicnetwork.com/Maybach-Guitar-Pick-Rainbow-Pearl/MY-000366
MY-000368;Maybach Guitar Pick Light Emerald;1;https://www.i-musicnetwork.com/Maybach-Guitar-Pick-Light-Emerald/MY-000368
MY-000369;Maybach Guitar Pick Light Emerald Flat;1;https://www.i-musicnetwork.com/Maybach-Guitar-Pick-Light-Emerald-Flat/MY-000369
MY-000370;Maybach Guitar Pick Karneol;1;https://www.i-musicnetwork.com/Maybach-Guitar-Pick-Karneol/MY-000370
MY-000371;Maybach Guitar Pick Karneol Flat;1;https://www.i-musicnetwork.com/Maybach-Guitar-Pick-Karneol-Flat/MY-000371
MY-000367;Maybach Guitar Pick Vitreous;1;https://www.i-musicnetwork.com/Maybach-Guitar-Pick-Vitreous/MY-000367
MY-000378;Maybach Stradovari S61 2-Tone SB Aged;0;https://www.i-musicnetwork.com/Maybach-Stradovari-S61-2-Tone-SB-Aged/MY-000378
MY-000385;Maybach Luxus-Case (Texonian / Stradovari);1;https://www.i-musicnetwork.com/Maybach-Luxus-Case-Texonian-Stradovari/MY-000385
MY-000392;Maybach Motone J Sherwood Green Metallic Aged;1;https://www.i-musicnetwork.com/Maybach-Motone-J-Sherwood-Green-Metallic-Aged/MY-000392
MZ-000051;Martinez Madrid S;0;https://www.i-musicnetwork.com/Martinez-Madrid-S/MZ-000051
MY-000393;Maybach Stradovari S54 Black New-Look;0;https://www.i-musicnetwork.com/Maybach-Stradovari-S54-Black-New-Look/MY-000393
MY-000394;Maybach Albatroz 65-2 Olympic White Aged;0;https://www.i-musicnetwork.com/Maybach-Albatroz-65-2-Olympic-White-Aged/MY-000394
MY-000401;Maybach Motone P Vintage Cream Aged;1;https://www.i-musicnetwork.com/Maybach-Motone-P-Vintage-Cream-Aged/MY-000401
MY-000407;Maybach Motone P Shoreline Gold Metallic Aged;1;https://www.i-musicnetwork.com/Maybach-Motone-P-Shoreline-Gold-Metallic-Aged/MY-000407
MZ-000052;Martinez ES-04S;1;https://www.i-musicnetwork.com/Martinez-ES-04S/MZ-000052
MY-000440;Maybach Lester Pelham Blue P90 60s Slim Taper Aged;0;https://www.i-musicnetwork.com/Maybach-Lester-Pelham-Blue-P90-60s-Slim-Taper-Aged/MY-000440
MY-000444;Maybach E-Bass Gigbag;1;https://www.i-musicnetwork.com/Maybach-E-Bass-Gigbag/MY-000444
MY-000481;Maybach Texonian T61 Custom Lake Placid Blue Aged Lefthand;0;https://www.i-musicnetwork.com/Maybach-Texonian-T61-Custom-Lake-Placid-Blue-Aged-Lefthand/MY-000481
MY-000490;Maybach Texonian T54 Black Aged;0;https://www.i-musicnetwork.com/Maybach-Texonian-T54-Black-Aged/MY-000490
MY-000494;Maybach Lester Edelweiss '72 Custom 60s Slim Taper Aged;0;https://www.i-musicnetwork.com/Maybach-Lester-Edelweiss-72-Custom-60s-Slim-Taper-Aged/MY-000494
MY-000496;Maybach Lester Gold Rush 60s Slim Taper Aged;0;https://www.i-musicnetwork.com/Maybach-Lester-Gold-Rush-60s-Slim-Taper-Aged/MY-000496
MY-000497;Maybach Albatroz '65-2 TV Yellow 60s Slim Taper Aged;0;https://www.i-musicnetwork.com/Maybach-Albatroz-65-2-TV-Yellow-60s-Slim-Taper-Aged/MY-000497
MY-000498;Maybach Guitar Pick Dark Emerald;1;https://www.i-musicnetwork.com/Maybach-Guitar-Pick-Dark-Emerald/MY-000498
MY-000499;Maybach Guitar Pick Dark Emerald Flat;1;https://www.i-musicnetwork.com/Maybach-Guitar-Pick-Dark-Emerald-Flat/MY-000499
MY-000535;Maybach Capitol 59 Wild Cherry 60's Slim Taper Aged;0;https://www.i-musicnetwork.com/Maybach-Capitol-59-Wild-Cherry-60-s-Slim-Taper-Aged/MY-000535
MY-000545;Maybach Texonian Cabronita Black Aged;0;https://www.i-musicnetwork.com/Maybach-Texonian-Cabronita-Black-Aged/MY-000545
MZ-000054;Martinez ES-04C / 48;1;https://www.i-musicnetwork.com/Martinez-ES-04C-48/MZ-000054
MZ-000055;Martinez ES-04C / 52;1;https://www.i-musicnetwork.com/Martinez-ES-04C-52/MZ-000055
MY-000579;Maybach Capitol 59 Wild Cherry 60's Slim Taper New Look;0;https://www.i-musicnetwork.com/Maybach-Capitol-59-Wild-Cherry-60-s-Slim-Taper-New-Look/MY-000579
MY-000594;Maybach Lester Gold Rush 60 Slim Taper Aged Lefthand;0;https://www.i-musicnetwork.com/Maybach-Lester-Gold-Rush-60-Slim-Taper-Aged-Lefthand/MY-000594
MY-000637;Maybach Lester Pelham Blue 60 Slim Taper Aged;0;https://www.i-musicnetwork.com/Maybach-Lester-Pelham-Blue-60-Slim-Taper-Aged/MY-000637
MY-000673;Maybach Albatroz '65-2 Vintage Cream 60s Slim Taper Aged;0;https://www.i-musicnetwork.com/Maybach-Albatroz-65-2-Vintage-Cream-60s-Slim-Taper-Aged/MY-000673
MZ-000057;Martinez DF 69C Retro (Thermodecke);1;https://www.i-musicnetwork.com/Martinez-DF-69C-Retro-Thermodecke/MZ-000057
MY-000686;Maybach Little Wing Arched Top Cutaway (2x PAF) Midnight Sunset 60s Slim Taper Aged;0;https://www.i-musicnetwork.com/Maybach-Little-Wing-Arched-Top-Cutaway-2x-PAF-Midnight-Sunset-60s-Slim-Taper-Aged/MY-000686
MY-000689;Maybach Albatroz '65 Frosty Pink Aged;1;https://www.i-musicnetwork.com/Maybach-Albatroz-65-Frosty-Pink-Aged/MY-000689
MA-000176;Maton ER 90 Traditional;0;https://www.i-musicnetwork.com/Maton-ER-90-Traditional/MA-000176
MA-000173;Maton ER 90 C;0;https://www.i-musicnetwork.com/Maton-ER-90-C/MA-000173
JT-000032;Jet Guitars JT-300 LPB Lake Placid Blue;0;https://www.i-musicnetwork.com/Jet-Guitars-JT-300-LPB-Lake-Placid-Blue/JT-000032
JT-000001;Jet Guitars JS-300 OW Olympic White;1;https://www.i-musicnetwork.com/Jet-Guitars-JS-300-OW-Olympic-White/JT-000001
JT-000002;Jet Guitars JS-300 SB Sunburst;0;https://www.i-musicnetwork.com/Jet-Guitars-JS-300-SB-Sunburst/JT-000002
JT-000003;Jet Guitars JS-300 SFG Sea Foam Green;1;https://www.i-musicnetwork.com/Jet-Guitars-JS-300-SFG-Sea-Foam-Green/JT-000003
JT-000004;Jet Guitars JS-300 BK Black;1;https://www.i-musicnetwork.com/Jet-Guitars-JS-300-BK-Black/JT-000004
JT-000006;Jet Guitars JS-300 GD Gold;1;https://www.i-musicnetwork.com/Jet-Guitars-JS-300-GD-Gold/JT-000006
JT-000007;Jet Guitars JS-300 BGD Burgundy Pink;0;https://www.i-musicnetwork.com/Jet-Guitars-JS-300-BGD-Burgundy-Pink/JT-000007
JT-000008;Jet Guitars JT-300 BTS Blonde;1;https://www.i-musicnetwork.com/Jet-Guitars-JT-300-BTS-Blonde/JT-000008
JT-000009;Jet Guitars JT-300 SB Sunburst;1;https://www.i-musicnetwork.com/Jet-Guitars-JT-300-SB-Sunburst/JT-000009
JT-000010;Jet Guitars JT-300 BL R Blue;0;https://www.i-musicnetwork.com/Jet-Guitars-JT-300-BL-R-Blue/JT-000010
JT-000011;Jet Guitars JT-300 PK R Pink;1;https://www.i-musicnetwork.com/Jet-Guitars-JT-300-PK-R-Pink/JT-000011
JT-000012;Jet Guitars JT-350 BK R Black;1;https://www.i-musicnetwork.com/Jet-Guitars-JT-350-BK-R-Black/JT-000012
JT-000013;Jet Guitars JT-350 SB R Sunburst;1;https://www.i-musicnetwork.com/Jet-Guitars-JT-350-SB-R-Sunburst/JT-000013
JT-000014;Jet Guitars JT-350 BSC Butterscotch;0;https://www.i-musicnetwork.com/Jet-Guitars-JT-350-BSC-Butterscotch/JT-000014
JT-000015;Jet Guitars JJ-350 BK Black;1;https://www.i-musicnetwork.com/Jet-Guitars-JJ-350-BK-Black/JT-000015
JT-000016;Jet Guitars JJ-350 GR R Green;1;https://www.i-musicnetwork.com/Jet-Guitars-JJ-350-GR-R-Green/JT-000016
JT-000017;Jet Guitars JJB-300 SB Bass Sunburst;1;https://www.i-musicnetwork.com/Jet-Guitars-JJB-300-SB-Bass-Sunburst/JT-000017
JT-000018;Jet Guitars JJB-300 GD R Bass Gold;1;https://www.i-musicnetwork.com/Jet-Guitars-JJB-300-GD-R-Bass-Gold/JT-000018
JT-000019;Jet Guitars JS-400 OW Olympic White;0;https://www.i-musicnetwork.com/Jet-Guitars-JS-400-OW-Olympic-White/JT-000019
JT-000020;Jet Guitars JS-400 SB Sunburst;0;https://www.i-musicnetwork.com/Jet-Guitars-JS-400-SB-Sunburst/JT-000020
JT-000021;Jet Guitars JS-400 SFG Sea Foam Green;0;https://www.i-musicnetwork.com/Jet-Guitars-JS-400-SFG-Sea-Foam-Green/JT-000021
JT-000022;Jet Guitars JS-400 VYW Vintage Yellow;1;https://www.i-musicnetwork.com/Jet-Guitars-JS-400-VYW-Vintage-Yellow/JT-000022
JT-000023;Jet Guitars JS-400 BK G Black Gold;1;https://www.i-musicnetwork.com/Jet-Guitars-JS-400-BK-G-Black-Gold/JT-000023
JT-000024;Jet Guitars JS-400 LPB Lake Placid Blue;0;https://www.i-musicnetwork.com/Jet-Guitars-JS-400-LPB-Lake-Placid-Blue/JT-000024
JT-000025;Jet Guitars JS-400 CRD Coral Red;0;https://www.i-musicnetwork.com/Jet-Guitars-JS-400-CRD-Coral-Red/JT-000025
JT-000026;Jet Guitars JS-400 MBK R Satin Black;1;https://www.i-musicnetwork.com/Jet-Guitars-JS-400-MBK-R-Satin-Black/JT-000026
JT-000027;Jet Guitars JS-450 TBK Transparent Black;0;https://www.i-musicnetwork.com/Jet-Guitars-JS-450-TBK-Transparent-Black/JT-000027
JT-000028;Jet Guitars JS-450 TBL Transparent Blue;1;https://www.i-musicnetwork.com/Jet-Guitars-JS-450-TBL-Transparent-Blue/JT-000028
JT-000029;Jet Guitars JS-450 OBL Ocean Blue;1;https://www.i-musicnetwork.com/Jet-Guitars-JS-450-OBL-Ocean-Blue/JT-000029
JT-000030;Jet Guitars JT-450 QTPK Transparent Pink;0;https://www.i-musicnetwork.com/Jet-Guitars-JT-450-QTPK-Transparent-Pink/JT-000030
JT-000031;Jet Guitars JS-450 QTB R Transparent Brown;0;https://www.i-musicnetwork.com/Jet-Guitars-JS-450-QTB-R-Transparent-Brown/JT-000031
JT-000033;Jet Guitars JS-450 TGR R Transparent Green;1;https://www.i-musicnetwork.com/Jet-Guitars-JS-450-TGR-R-Transparent-Green/JT-000033
JT-000034;Jet Guitars JS-500 SLS Silver Sparkle;1;https://www.i-musicnetwork.com/Jet-Guitars-JS-500-SLS-Silver-Sparkle/JT-000034
JT-000036;Jet Guitars JL-500 GD Gold Top;0;https://www.i-musicnetwork.com/Jet-Guitars-JL-500-GD-Gold-Top/JT-000036
JT-000037;Jet Guitars JL-500 SLB Silver Burst;0;https://www.i-musicnetwork.com/Jet-Guitars-JL-500-SLB-Silver-Burst/JT-000037
JT-000040;Jet Guitars JT-600 BS G Brown Sunburst;1;https://www.i-musicnetwork.com/Jet-Guitars-JT-600-BS-G-Brown-Sunburst/JT-000040
JT-000041;Jet Guitars JS-700 MBK Satin Black;1;https://www.i-musicnetwork.com/Jet-Guitars-JS-700-MBK-Satin-Black/JT-000041
JT-000042;Jet Guitars JS-700 CPR HS Copper;0;https://www.i-musicnetwork.com/Jet-Guitars-JS-700-CPR-HS-Copper/JT-000042
JT-000043;Jet Guitars JS-700 RD H Red;1;https://www.i-musicnetwork.com/Jet-Guitars-JS-700-RD-H-Red/JT-000043
JT-000044;Jet Guitars JS-800 BK Black Relic;1;https://www.i-musicnetwork.com/Jet-Guitars-JS-800-BK-Black-Relic/JT-000044
JT-000045;Jet Guitars JS-850 FR Red Relic;1;https://www.i-musicnetwork.com/Jet-Guitars-JS-850-FR-Red-Relic/JT-000045
JT-000047;Jet Guitars JS-400 PK R Pink;1;https://www.i-musicnetwork.com/Jet-Guitars-JS-400-PK-R-Pink/JT-000047
ST-000278;Stanford CR Fatboy Golden Eye 95;0;https://www.i-musicnetwork.com/Stanford-CR-Fatboy-Golden-Eye-95/ST-000278
MY-000303;Maybach Texonian T54 Nicotine Aged;0;https://www.i-musicnetwork.com/Maybach-Texonian-T54-Nicotine-Aged/MY-000303
MY-000755;Maybach T-Shirt Deep Blue Logo Size S;1;https://www.i-musicnetwork.com/Maybach-T-Shirt-Deep-Blue-Logo-Size-S/MY-000755
MY-000756;Maybach T-Shirt Deep Blue with Logo Size M;0;https://www.i-musicnetwork.com/Maybach-T-Shirt-Deep-Blue-with-Logo-Size-M/MY-000756
MY-000757;Maybach T-Shirt Deep Blue with Logo Size L;0;https://www.i-musicnetwork.com/Maybach-T-Shirt-Deep-Blue-with-Logo-Size-L/MY-000757
MY-000758;Maybach T-Shirt Deep Blue with Logo Size XL;0;https://www.i-musicnetwork.com/Maybach-T-Shirt-Deep-Blue-with-Logo-Size-XL/MY-000758
MY-000633;Maybach Jetwing M Black Velvet;1;https://www.i-musicnetwork.com/Maybach-Jetwing-M-Black-Velvet/MY-000633
MY-000621;Maybach Jetwing M Vintage White;0;https://www.i-musicnetwork.com/Maybach-Jetwing-M-Vintage-White/MY-000621
MY-000620;Maybach Jetwing K Vintage Honey;0;https://www.i-musicnetwork.com/Maybach-Jetwing-K-Vintage-Honey/MY-000620
TH-000001;Thermion Gasoline;1;https://www.i-musicnetwork.com/Thermion-Gasoline/TH-000001
MY-000315;Maybach Capitol 59 Black Aged;0;https://www.i-musicnetwork.com/Maybach-Capitol-59-Black-Aged/MY-000315
MY-000690;Maybach Albatroz '65 Pelham Blue Aged;0;https://www.i-musicnetwork.com/Maybach-Albatroz-65-Pelham-Blue-Aged/MY-000690
MY-000693;Maybach Albatroz '65-2 Green Burst Aged;0;https://www.i-musicnetwork.com/Maybach-Albatroz-65-2-Green-Burst-Aged/MY-000693
MY-000466;Maybach Albatroz '65-2 P90 Vintage Cream Aged;0;https://www.i-musicnetwork.com/Maybach-Albatroz-65-2-P90-Vintage-Cream-Aged/MY-000466
MY-000602;Maybach Albatroz '65-2 Shoreline Gold Aged;0;https://www.i-musicnetwork.com/Maybach-Albatroz-65-2-Shoreline-Gold-Aged/MY-000602
MY-000754;Maybach Capitol 59 Bouillon Gold Aged;0;https://www.i-musicnetwork.com/Maybach-Capitol-59-Bouillon-Gold-Aged/MY-000754
LTD-000016;Maybach Lester Gold Burst Custom 60s Slim Taper Aged;0;https://www.i-musicnetwork.com/Maybach-Lester-Gold-Burst-Custom-60s-Slim-Taper-Aged/LTD-000016
MY-000542;Maybach Lester Deep Sunrise Custom Shop Aged;0;https://www.i-musicnetwork.com/Maybach-Lester-Deep-Sunrise-Custom-Shop-Aged/MY-000542
LTD-000017;Maybach Lester Silver Burst Custom 60s Slim Taper Aged;0;https://www.i-musicnetwork.com/Maybach-Lester-Silver-Burst-Custom-60s-Slim-Taper-Aged/LTD-000017
LTD-000018;Maybach Lester Midnight Blue Burst Metallic Custom 60s Slim Taper Aged;0;https://www.i-musicnetwork.com/Maybach-Lester-Midnight-Blue-Burst-Metallic-Custom-60s-Slim-Taper-Aged/LTD-000018
MY-000313;Maybach Texonian T66 Savage Rose Dakota Red Custom Shop Aged;0;https://www.i-musicnetwork.com/Maybach-Texonian-T66-Savage-Rose-Dakota-Red-Custom-Shop-Aged/MY-000313
MY-000400;Maybach Motone P 3-Tone Sunburst Aged;1;https://www.i-musicnetwork.com/Maybach-Motone-P-3-Tone-Sunburst-Aged/MY-000400
