SKU;Nazov;Pocet_ks;URL
L2360104;Fishman PRF MH7 CQ1 FLUENCE MODERN HB 7 STRING CERAMIC BRUSHED BLACK NICKEL;1;https://b2b.laudacentral.eu/product-details/Fishman-PRF-MH7-CQ1-FLUENCE-MODERN-HB-7-STRING-CERAMIC-BRUSHED-BLACK-NICKEL/54dfc62a-5f5b-47c4-8c63-df4d432e26bf
L2360103;Fishman PRF MH7 AQ1 FLUENCE MODERN HB 7 STRING ALNICO BRUSHED BLACK NICKEL;1;https://b2b.laudacentral.eu/product-details/Fishman-PRF-MH7-AQ1-FLUENCE-MODERN-HB-7-STRING-ALNICO-BRUSHED-BLACK-NICKEL/1c0b36f3-4be2-4632-9cc1-0acca5764838
L2360102;Fishman PRF MH7 SQ2 FLUENCE MODERN HB 7 STRING SET OF 2 BRUSHED BLACK NICKEL;0;https://b2b.laudacentral.eu/product-details/Fishman-PRF-MH7-SQ2-FLUENCE-MODERN-HB-7-STRING-SET-OF-2-BRUSHED-BLACK-NICKEL/2e604724-4b9f-4c75-815d-2f63aa153065
L2360101;Fishman PRF MHB CQ1 FLUENCE MODERN HB 6 STRING CERAMIC BRUSHED BLACK NICKEL;1;https://b2b.laudacentral.eu/product-details/Fishman-PRF-MHB-CQ1-FLUENCE-MODERN-HB-6-STRING-CERAMIC-BRUSHED-BLACK-NICKEL/c9981ee0-5d33-4cb9-9e77-84e92ed3a7b2
L2360100;Fishman PRF MHB AQ1 FLUENCE MODERN HB 6 STRING ALNICO BRUSHED BLACK NICKEL;1;https://b2b.laudacentral.eu/product-details/Fishman-PRF-MHB-AQ1-FLUENCE-MODERN-HB-6-STRING-ALNICO-BRUSHED-BLACK-NICKEL/15c434e6-59c1-48f3-811f-8997f2595383
L2360099;Fishman PRF MHB SQ2 FLUENCE MODERN HB 6 STRING SET OF 2 BRUSHED BLACK NICKEL;0;https://b2b.laudacentral.eu/product-details/Fishman-PRF-MHB-SQ2--FLUENCE-MODERN-HB-6-STRING-SET-OF-2-BRUSHED-BLACK-NICKEL/d72af696-9167-498f-8dad-1bdceda221f0
L2360098;Fishman PRF P9S NC1 FLUENCE GK SIG SERIES 6ST P90 NECK CREAM;1;https://b2b.laudacentral.eu/product-details/Fishman-PRF-P9S-NC1-FLUENCE-GK-SIG-SERIES-6ST-P90-NECK-CREAM/26deea75-1173-4478-a6bf-4d6d3504e910
L2360097;Fishman PRF P9S NB1 FLUENCE GK SIG SERIES 6ST P90 NECK BLACK;1;https://b2b.laudacentral.eu/product-details/Fishman-PRF-P9S-NB1-FLUENCE-GK-SIG-SERIES-6ST-P90-NECK-BLACK/97f256c1-a9c5-4b8b-861c-8444627e9c08
L2360096;Fishman PRF CS6 TH2 FLUENCE TIM HENSON SIGNATURE OC 6ST BLACK SET;0;https://b2b.laudacentral.eu/product-details/Fishman-PRF-CS6-TH2-FLUENCE-TIM-HENSON-SIGNATURE-OC-6ST-BLACK-SET/f22a8656-f027-40ec-bfb7-1110ca362a9d
L2360095;Fishman PRF CS6 TW2 FLUENCE TIM HENSON SIGNATURE OC 6ST WHITE SET;1;https://b2b.laudacentral.eu/product-details/Fishman-PRF-CS6-TW2-FLUENCE-TIM-HENSON-SIGNATURE-OC-6ST-WHITE-SET/3d82b3ff-9f6b-4d95-b001-4e061e943c88
L2360094;Fishman PRF CC6 LB2 FLUENCE SCOTT LEPAGE CUSTOM SERIES OC 6ST BLACK SET;0;https://b2b.laudacentral.eu/product-details/Fishman-PRF-CC6-LB2-FLUENCE-SCOTT-LEPAGE-CUSTOM-SERIES-OC-6ST-BLACK-SET/b9f30131-87e3-4350-adcf-0150296de1fc
L2360093;Fishman PRF CC6 LW2 FLUENCE SCOTT LEPAGE CUSTOM SERIES OC 6ST WHITE SET;1;https://b2b.laudacentral.eu/product-details/Fishman-PRF-CC6-LW2-FLUENCE-SCOTT-LEPAGE-CUSTOM-SERIES-OC-6ST-WHITE-SET/7c5ff9f2-0adb-436f-9842-9336d32ac72d
L2360092;Fishman PRO AFX DI2 AFX Pocket Blender Mini ABY DI;0;https://b2b.laudacentral.eu/product-details/Fishman-PRO-AFX-DI2-AFX-Pocket-Blender-Mini-ABY--DI/373b7e93-4d41-4417-8dd2-69441a5894cf
L2360091;Fishman PRO AFX RV2 AFX AcoustiVerb Mini Reverb Pedal;0;https://b2b.laudacentral.eu/product-details/Fishman-PRO-AFX-RV2-AFX-AcoustiVerb-Mini-Reverb-Pedal/44cc80a5-1b88-4c63-acbd-525f540d902c
L2360090;Fishman PRO AFX LP2 AFX Broken Record Mini LooperSampler;1;https://b2b.laudacentral.eu/product-details/Fishman-PRO-AFX-LP2-AFX-Broken-Record-Mini-LooperSampler/50df3ee5-2370-43c8-9fc5-9399bdc5e907
L2360089;Fishman PRO AFX EQ2 AFX Pro EQ Mini Acoustic Preamp EQ;1;https://b2b.laudacentral.eu/product-details/Fishman-PRO-AFX-EQ2-AFX-Pro-EQ-Mini-Acoustic-Preamp--EQ/c350ba6f-f7a8-4430-b07d-4bfe2540fd5c
L2360088;Fishman FT 2 tuner chromatyczny;0;https://b2b.laudacentral.eu/product-details/Fishman-FT-2---tuner-chromatyczny/4cf8537e-5aae-41cc-8855-a6f56e034d1f
L2340522;Martin WrenchTruss RodCFMLogo4mmMGTAW4;0;https://b2b.laudacentral.eu/product-details/Martin-WrenchTruss-RodCFMLogo4mmMGTAW4/bd3c4886-2817-4e36-919b-f86ef2e6294d
L2340521;Martin WrenchTruss RodCFMLogo5mmMGTAW5;0;https://b2b.laudacentral.eu/product-details/Martin-WrenchTruss-RodCFMLogo5mmMGTAW5/24bc1b10-bb5f-4a7a-935a-d766748f9189
L2340520;Martin PTSCElevationPlateSize 024BioResin;0;https://b2b.laudacentral.eu/product-details/Martin-PTSCElevationPlateSize-024BioResin/b8e015d6-71f5-45e8-900c-35f4bf90f8ac
L2340511;Martin Hat BallCap 1833CFMLogo ArmyOlive czapka;1;https://b2b.laudacentral.eu/product-details/Martin-Hat-BallCap-1833CFMLogo-ArmyOlive-czapka/dde11070-4bc6-4eed-a383-aeb15cf6cdfd
L2340510;Martin Men T CL Logo Olive White Script M;0;https://b2b.laudacentral.eu/product-details/Martin-Men-T-CL-Logo-Olive-White-Script-M/581e5641-6494-47c3-a1ab-0b759b670f2b
L2340509;Martin Men T CL Logo Olive White Script L;0;https://b2b.laudacentral.eu/product-details/Martin-Men-T-CL-Logo-Olive-White-Script-L/75dcbbf2-f546-4268-a97d-5b70f25edcef
L2340506;Martin Men T Tone on Tone Mustard XL koszulka;0;https://b2b.laudacentral.eu/product-details/Martin-Men-T-Tone-on-Tone-Mustard-XL-koszulka/2eaa6e6d-56ce-4b1d-8a15-47851e31c65d
L2340503;Martin Men T Tone on Tone Mustard L koszulka;0;https://b2b.laudacentral.eu/product-details/Martin-Men-T-Tone-on-Tone-Mustard-L-koszulka/d7540d5e-dc64-41f2-b3f7-553121178c0f
L2340497;Martin Men T Tone on Tone Lavender L koszulka;0;https://b2b.laudacentral.eu/product-details/Martin-Men-T-Tone-on-Tone-Lavender-L-koszulka/fc4ac816-f528-41fe-810f-c5c2f4eb883f
L2340494;Martin Men T Tone on Tone Black XL koszulka;0;https://b2b.laudacentral.eu/product-details/Martin-Men-T-Tone-on-Tone-Black-XL-koszulka/bf0e4eb8-d27d-4910-8f52-ddaea1afbcd1
L2340492;Martin Men T Tone on Tone Black M koszulka;0;https://b2b.laudacentral.eu/product-details/Martin-Men-T-Tone-on-Tone-Black-M-koszulka/10d3d375-3adc-4293-9d0b-e3a401e90be0
L2340491;Martin Men T Tone on Tone Black L koszulka;0;https://b2b.laudacentral.eu/product-details/Martin-Men-T-Tone-on-Tone-Black-L-koszulka/5469bb21-36d6-4e8f-bce6-8cb925b14e6d
L2340489;Martin Men T Tone on Tone Black 3X koszulka;0;https://b2b.laudacentral.eu/product-details/Martin-Men-T-Tone-on-Tone-Black-3X-koszulka/73204462-a030-4fb2-959c-6e97353d2e13
L2340479;Martin Men T Basil WhtScriptLogo L koszulka;0;https://b2b.laudacentral.eu/product-details/Martin-Men-T-Basil-WhtScriptLogo-L-koszulka/fe555b35-506f-4f8c-9fc4-69c4bcfdb1c8
L2340462;Martin Hat BallCap PickHat Black wBlack Logo czapka;0;https://b2b.laudacentral.eu/product-details/Martin-Hat-BallCap-PickHat-Black-wBlack-Logo-czapka/e4a0ba31-577c-4aee-b92d-2fc5e964273f
L2340461;Martin Hat BallCap Cotton ScriptLogo Olive czapka;0;https://b2b.laudacentral.eu/product-details/Martin-Hat-BallCap-Cotton-ScriptLogo-Olive-czapka/5357bead-616a-486b-8095-2906c097be72
L2340460;Martin Hat BallCap Cotton ScriptLogo Black czapka;0;https://b2b.laudacentral.eu/product-details/Martin-Hat-BallCap-Cotton-ScriptLogo-Black-czapka/2356764e-a708-42ec-aa0e-5c4617a69bec
L2340459;Martin Guitar Wall Hanger WoodPattern wieszak do gitary;0;https://b2b.laudacentral.eu/product-details/Martin-Guitar-Wall-Hanger-WoodPattern-wieszak-do-gitary/13c719c7-5c35-4d1f-b2fd-df2b3995a3f6
L2340458;Martin GtrProtctveAxeMat CFMLogo xx24 mata pod gitare;0;https://b2b.laudacentral.eu/product-details/Martin-GtrProtctveAxeMat-CFMLogo-xx24-mata-pod-gitare/80f579bc-721b-477f-ac94-8405b4e168d1
L2340456;Martin GtrStringCutter Black obcinaczki do strun;0;https://b2b.laudacentral.eu/product-details/Martin-GtrStringCutter-Black-obcinaczki-do-strun/d9c3dd63-7974-447f-a652-175452b42996
L2340455;Martin Action Checker CFMLogo miernik akcji strun;0;https://b2b.laudacentral.eu/product-details/Martin-Action-Checker-CFMLogo-miernik-akcji-strun/06df6484-9690-4385-b8ab-5754a0b1aafd
L2340454;Martin Polishing Cloth MicroFiber szmatka do gitary;1;https://b2b.laudacentral.eu/product-details/Martin-Polishing-Cloth-MicroFiber-szmatka-do-gitary/7cbf6f4f-a8c3-49a4-aa93-25325a1f74a6
L2340435;Martin Bridge Pin Puller GrayBlack dzwignia do kolkow;1;https://b2b.laudacentral.eu/product-details/Martin-Bridge-Pin-Puller-GrayBlack-dzwignia-do-kolkow/5b1ea9b6-934f-4087-b52d-067a4b33fb36
L2340434;Martin Tuning String Winder GrayBlack korbka do gitary;0;https://b2b.laudacentral.eu/product-details/Martin-Tuning-String-Winder-GrayBlack-korbka-do-gitary/16bdc745-a875-4fac-8426-89b25c48817d
L2340430;Martin Pick Apex Luxe by Martin 1mm kostka do gitary;1;https://b2b.laudacentral.eu/product-details/Martin-Pick-Apex-Luxe-by-Martin-1mm-kostka-do-gitary/d70447a9-05e8-4707-bc96-34f673584e7a
L2340429;Martin Pick Contour Luxe by Martin 15mm kostka do gitary;0;https://b2b.laudacentral.eu/product-details/Martin-Pick-Contour-Luxe-by-Martin-15mm-kostka-do-gitary/a6e02a82-8034-4c1b-931d-3b4144661167
L2340428;Martin Pick Pack351 Delrin 88mm GREEN kostki do gitary;0;https://b2b.laudacentral.eu/product-details/Martin-Pick-Pack351-Delrin-88mm-GREEN-kostki-do-gitary/89bf9a40-ee97-4077-ad3f-3b90b4d83611
L2340427;Martin Pick Pack351 Delrin 73mm YELLOW kostki do gitary;0;https://b2b.laudacentral.eu/product-details/Martin-Pick-Pack351-Delrin-73mm-YELLOW-kostki-do-gitary/676485a4-e7ec-4d75-9245-61be888d9227
L2340426;Martin Pick Pack351 Delrin 60mm ORANGE kostki do gitary;0;https://b2b.laudacentral.eu/product-details/Martin-Pick-Pack351-Delrin-60mm-ORANGE-kostki-do-gitary/be95593e-9594-4e44-adb7-977c4da1514a
L2340425;Martin Pick Pack351 Delrin 50mm RED kostki do gitary;0;https://b2b.laudacentral.eu/product-details/Martin-Pick-Pack351-Delrin-50mm-RED-kostki-do-gitary/10a324f6-c17c-4dc5-87a1-f056ad39a9e1
L2340424;Martin Pin Set Liquid Metal Gloss Black wPaua Tin zestaw kolkow;0;https://b2b.laudacentral.eu/product-details/Martin-Pin-Set-Liquid-Metal-Gloss-Black-wPaua-Tin-zestaw-kolkow/5e5a939d-af1d-4eea-87ce-5e1ddfa31be3
L2340422;Martin Pin Set Liquid Metal Gold wPaua Tin zestaw kolkow;0;https://b2b.laudacentral.eu/product-details/Martin-Pin-Set-Liquid-Metal-Gold-wPaua-Tin-zestaw-kolkow/5aaf2f26-8980-42fc-a2a3-60f36aec0488
L2340412;Martin Tool Kit Svc Centers SCGuitars zestaw naprawczy do mdoelu SC;0;https://b2b.laudacentral.eu/product-details/Martin-Tool-Kit-Svc-Centers-SCGuitars-zestaw-naprawczy-do-mdoelu-SC/cd251095-19a2-47f4-b61b-bf500cecfd9d
L2340405;Martin Guitar Satin Cleaner plyn do czyszczenia gitary mat;0;https://b2b.laudacentral.eu/product-details/Martin-Guitar-Satin-Cleaner-plyn-do-czyszczenia-gitary-mat/2ece604c-273b-407d-ab86-a26eff9b8207
L2340404;Martin Guitar Polish plyn do czyszczenia gitary polysk;1;https://b2b.laudacentral.eu/product-details/Martin-Guitar-Polish-plyn-do-czyszczenia-gitary-polysk/a8a71a79-3dbf-48da-a149-3e2102fd1d8f
L2340403;Martin DISC Apron Embrod Logo fartuch;1;https://b2b.laudacentral.eu/product-details/Martin-DISC-Apron-Embrod-Logo-fartuch/98a4bd47-aec2-4067-bc39-0879281911df
L2340352;Martin Electric Acoustic Guitar Mar Preamppickup Gold Plus VT2;1;https://b2b.laudacentral.eu/product-details/Martin-Electric-Acoustic-Guitar-Mar-Preamppickup-Gold-Plus-VT2/eb28a1c2-cd6e-4651-834d-6fa4af8f571a
L2340351;Martin Electric Acoustic Guitar Mar Preamppickup Gold Plus VT1;0;https://b2b.laudacentral.eu/product-details/Martin-Electric-Acoustic-Guitar-Mar-Preamppickup-Gold-Plus-VT1/c6f32bcb-febd-4760-929d-f20d7d4d4d23
L2340343;Martin DISC Dealer Sing AuthDealer Tin logo Martin;1;https://b2b.laudacentral.eu/product-details/Martin-DISC-Dealer-Sing-AuthDealer-Tin-logo-Martin/b3207c68-f508-48e2-b0f3-6b5ea01631dc
L2340342;Martin DISC Dealer Sing BLK Oval logo Martin;1;https://b2b.laudacentral.eu/product-details/Martin-DISC-Dealer-Sing-BLK-Oval-logo-Martin/fbe0603e-5a48-4684-9079-405839896c64
L2340333;Martin Pick Contour Luxe by Martin 10mm kostka do gitary;1;https://b2b.laudacentral.eu/product-details/Martin-Pick-Contour-Luxe-by-Martin-10mm-kostka-do-gitary/5035c73d-ffbf-493b-8083-5ada82d33eab
L2340298;Martin DISC Strap Woven Black wBlackLeatherEnds pasek do gitary;0;https://b2b.laudacentral.eu/product-details/Martin-DISC-Strap-Woven-Black-wBlackLeatherEnds-pasek-do-gitary/6ff42a94-2987-4209-a5af-265d7175f4f4
L2340297;Martin Strap Nylon w Leather Ends Black pasek do gitary;0;https://b2b.laudacentral.eu/product-details/Martin-Strap-Nylon-w-Leather-Ends-Black-pasek-do-gitary/13fc41ca-1cef-41df-8360-b9b0c131b209
L2340288;Martin Strap Ball LeatherSuede Black pasek do gitary;1;https://b2b.laudacentral.eu/product-details/Martin-Strap-Ball-LeatherSuede-Black-pasek-do-gitary/47ff5361-c2bf-47c9-99d3-dfcfde8a7d88
L2340287;Martin Strap Ball LeatherSuede Brown pasek do gitary;0;https://b2b.laudacentral.eu/product-details/Martin-Strap-Ball-LeatherSuede-Brown-pasek-do-gitary/af8561f9-2eca-4cda-ad3e-3793a4a4659f
L2340286;Martin DISC Strap 100 Leather SlimBlack pasek do gitary;1;https://b2b.laudacentral.eu/product-details/Martin-DISC-Strap-100-Leather-SlimBlack-pasek-do-gitary/3e035c87-5aae-4283-96f3-4e22d4bc6cb6
L2340284;Martin DISC Strap Suede Brown pasek do gitary;1;https://b2b.laudacentral.eu/product-details/Martin-DISC-Strap-Suede-Brown-pasek-do-gitary/e64742e6-fe60-4ff7-b0e8-2ea8c4bbf549
L2340283;Martin DISC Strap Suede Black pasek do gitary;0;https://b2b.laudacentral.eu/product-details/Martin-DISC-Strap-Suede-Black-pasek-do-gitary/eccc7e94-3576-440d-a4e4-6ec81bff881b
L2340282;Martin Strap Leather CFM Logo Black pasek do gitary;0;https://b2b.laudacentral.eu/product-details/Martin-Strap-Leather-CFM-Logo-Black-pasek-do-gitary/ca56e910-94d7-4a8e-b6ba-4a3650e78fd6
L2340272;Martin Pin Set Liquid Metal Chrome wRed Dots zestaw kolkow;0;https://b2b.laudacentral.eu/product-details/Martin-Pin-Set-Liquid-Metal-Chrome-wRed-Dots-zestaw-kolkow/47192eb7-0a0c-4d19-b249-2afd235b6560
L2340271;Martin Pin Set Liquid Metal Gold wRed Dots zestaw kolkow;0;https://b2b.laudacentral.eu/product-details/Martin-Pin-Set-Liquid-Metal-Gold-wRed-Dots-zestaw-kolkow/c44af05b-28ef-4f4e-b44f-c1b8c6c9e7d8
L2340270;Martin Pin Set Liquid Metal Turk wRed Dots zestaw kolkow;0;https://b2b.laudacentral.eu/product-details/Martin-Pin-Set-Liquid-Metal-Turk-wRed-Dots-zestaw-kolkow/838c74c7-d889-4bf6-8a99-7130adea8a73
L2340269;Martin Pin Set Liquid Metal Bone wRed Dots zestaw kolkow;1;https://b2b.laudacentral.eu/product-details/Martin-Pin-Set-Liquid-Metal-Bone-wRed-Dots-zestaw-kolkow/e71fb77e-6782-402d-8ff5-d75d281e3063
L2340262;Martin Pin Set Black Inlay Martin WhiteWhite kolki do gitary;0;https://b2b.laudacentral.eu/product-details/Martin-Pin-Set-Black-Inlay-Martin-WhiteWhite-kolki-do-gitary/89e5ae64-1b58-4c22-8164-eea5dc7f4793
L2340261;Martin Pin Set Black Pearl Inlay kolki do gitary;0;https://b2b.laudacentral.eu/product-details/Martin-Pin-Set-Black-Pearl-Inlay-kolki-do-gitary/d41ce7fd-cfb8-45f4-a7f1-2b4a47f6fd79
L2340248;Martin Pick Pack346 Faux Tortoise 96mm Heavy 12pcs kostki do gitary;0;https://b2b.laudacentral.eu/product-details/Martin-Pick-Pack346-Faux-Tortoise-96mm-Heavy-12pcs-kostki-do-gitary/0bd83f70-431f-4892-aef7-29d025cd1fe5
L2340247;Martin Pick Pack346 Faux Tortoise 73mm Medium 12pcs kostki do gitary;0;https://b2b.laudacentral.eu/product-details/Martin-Pick-Pack346-Faux-Tortoise-73mm-Medium-12pcs-kostki-do-gitary/18dc05c4-85a3-4d0e-b340-6b5d9f49fd48
L2340246;Martin Pick Pack346 Faux Tortoise 46mm Light 12pcs kostki do gitary;0;https://b2b.laudacentral.eu/product-details/Martin-Pick-Pack346-Faux-Tortoise-46mm-Light-12pcs-kostki-do-gitary/d722aadb-bd9a-450d-84e4-ab346143c79c
L2340245;Martin Pick Pack351 Faux Tortoise 96mm Heavy 12pcs kostki do gitary;0;https://b2b.laudacentral.eu/product-details/Martin-Pick-Pack351-Faux-Tortoise-96mm-Heavy-12pcs-kostki-do-gitary/ece57b0f-ad31-4d38-8901-cc80fb3ae3d3
L2340244;Martin Pick Pack351 Faux Tortoise 73mm Medium 12pcs kostki do gitary;0;https://b2b.laudacentral.eu/product-details/Martin-Pick-Pack351-Faux-Tortoise-73mm-Medium-12pcs-kostki-do-gitary/745c0b5f-1b7d-40e3-b877-12e42edb1e6a
L2340243;Martin Pick Pack351 Faux Tortoise 46mm Light 12pcs kostki do gitary;0;https://b2b.laudacentral.eu/product-details/Martin-Pick-Pack351-Faux-Tortoise-46mm-Light-12pcs-kostki-do-gitary/fe565093-7068-4c95-a2cd-a75e64f239d4
L2340239;Martin ZymolDetailer szmatka do gitary;1;https://b2b.laudacentral.eu/product-details/Martin-ZymolDetailer-szmatka-do-gitary/b5995c3b-ef0a-4c31-a750-d50aed625a6e
L2340237;Martin Guitar Humidifier nawilzacz do gitary;0;https://b2b.laudacentral.eu/product-details/Martin-Guitar-Humidifier-nawilzacz-do-gitary/e677ab1c-0343-4bf4-9607-185243e165c1
L2340236;Martin Wall Hanger CFM Logo OakOak wieszak do gitary;0;https://b2b.laudacentral.eu/product-details/Martin-Wall-Hanger-CFM-Logo-OakOak-wieszak-do-gitary/7dee57db-c811-4807-a798-8928a2be1ee2
L2340202;Martin Case 5 Ply HS D 14F Cabernet 545E futeral do gitary;0;https://b2b.laudacentral.eu/product-details/Martin-Case-5-Ply-HS-D-14F-Cabernet-545E-futeral-do-gitary/b9679eae-f6db-4b35-b8f0-45802c4282cf
L2340193;Martin DISC Case 3 Ply HS GP 14F 375 futeral do gitary;0;https://b2b.laudacentral.eu/product-details/Martin-DISC-Case-3-Ply-HS-GP-14F-375-futeral-do-gitary/df0643b2-3748-4990-9d21-139da799b226
L2340190;Martin Case 3 Ply HS D 14F 345 futeral do gitary;0;https://b2b.laudacentral.eu/product-details/Martin-Case-3-Ply-HS-D-14F-345-futeral-do-gitary/ac5634ae-e435-496f-84af-a0da2ba1eb15
L2340188;Martin Case 3 Ply HS 000 14F 330 futeral do gitary;1;https://b2b.laudacentral.eu/product-details/Martin-Case-3-Ply-HS-000-14F-330-futeral-do-gitary/f7759037-52e3-4cb3-af1d-f9fd2a8af72f
L2340175;Martin Hat BallCap CFMLogo TexasOr czapka;0;https://b2b.laudacentral.eu/product-details/Martin-Hat-BallCap-CFMLogo-TexasOr-czapka/e562d048-0fd8-4cfc-861f-94d3adc8e89a
L2340172;Martin Hat BallCap Black Tan Mesh czapka;0;https://b2b.laudacentral.eu/product-details/Martin-Hat-BallCap-Black-Tan-Mesh-czapka/07b29ef8-677f-411a-8c64-66d24c96a3d5
L2340125;Martin Men T CFM Logo Solid Black XL koszulka;0;https://b2b.laudacentral.eu/product-details/Martin-Men-T-CFM-Logo-Solid-Black-XL-koszulka/2b4d7d2a-c7eb-4482-a09c-ce40fb1d936e
L2340124;Martin Men T CFM Logo Solid Black S koszulka;0;https://b2b.laudacentral.eu/product-details/Martin-Men-T-CFM-Logo-Solid-Black-S-koszulka/e373926b-3843-4c41-ba83-63483c588d95
L2340123;Martin Men T CFM Logo Solid Black M koszulka;0;https://b2b.laudacentral.eu/product-details/Martin-Men-T-CFM-Logo-Solid-Black-M-koszulka/67eeab20-ccf6-4c0c-a9fc-68a5b546a989
L2340122;Martin Men T CFM Logo Solid Black L koszulka;0;https://b2b.laudacentral.eu/product-details/Martin-Men-T-CFM-Logo-Solid-Black-L-koszulka/6de631f2-c5c8-42a8-8484-f57fbcf1caf3
L2340121;Martin Men T CFM Logo Solid Black 3X koszulka;0;https://b2b.laudacentral.eu/product-details/Martin-Men-T-CFM-Logo-Solid-Black-3X-koszulka/641227bd-1f9c-4442-a616-271b82ff4345
L2340120;Martin Men T CFM Logo Solid Black 2X koszulka;0;https://b2b.laudacentral.eu/product-details/Martin-Men-T-CFM-Logo-Solid-Black-2X-koszulka/1dc2b63f-4680-4d9c-b06e-4ed1b5d5f21b
L1910192;Fractal Lights Uchwyt oswietleniowy BH05A;1;https://b2b.laudacentral.eu/product-details/Fractal-Lights-Uchwyt-oswietleniowy-BH05A/1036804a-d2f1-468f-905b-f63aea305894
L1910191;Fractal Lights Uchwyt oswietleniowy 10A;1;https://b2b.laudacentral.eu/product-details/Fractal-Lights-Uchwyt-oswietleniowy-10A/d60bf770-79a6-4c75-8e87-f53c8c48d375
L1910170;Fractal Lights DISC Vision AIR Cover;1;https://b2b.laudacentral.eu/product-details/Fractal-Lights-DISC-Vision-AIR-Cover/e0f04e15-466b-4d52-98ad-5b7de8f3620a
L1080186;Novox Armstrong Boom ramie do mikrofonu;0;https://b2b.laudacentral.eu/product-details/Novox-Armstrong-Boom---ramie-do-mikrofonu/c969a580-fbe5-4848-91ee-f485a4247d12
L1080185;Novox N Shield pop filter;1;https://b2b.laudacentral.eu/product-details/Novox-N-Shield---pop-filter/69e9e11c-83e0-4776-aba2-96fb935e72e6
L1080061;Novox FREE PRO B10 bodypack do serii FREE PRO;0;https://b2b.laudacentral.eu/product-details/Novox-FREE-PRO-B10---bodypack-do-serii-FREE-PRO/a5496eaa-d451-4b7e-964c-63ddb428e911
L1080032;Novox DISC zasilacz do ladowarki systemow FREE;1;https://b2b.laudacentral.eu/product-details/Novox-DISC-zasilacz-do-ladowarki-systemow-FREE/b9bd392e-6492-418a-b055-b51fd88ade7f
L1080029;Novox FREE CHARGER ladowarka do systemu FREE;1;https://b2b.laudacentral.eu/product-details/Novox-FREE-CHARGER---ladowarka-do-systemu-FREE/9431b632-6efa-46c7-8224-653b1606fe56
L0702604;Gibson 496R500T Set Double Black 4 conductor Potted Ceramic przetworniki gitarowe zestaw;0;https://b2b.laudacentral.eu/product-details/Gibson-496R500T-Set-Double-Black-4-conductor-Potted-Ceramic-przetworniki-gitarowe-zestaw/51b0703a-1dd7-449a-9698-ffc8e517eee6
L0702598;Gibson Superior Sound Tee Vintage Blue SM koszulka;1;https://b2b.laudacentral.eu/product-details/Gibson-Superior-Sound-Tee-Vintage-Blue-SM-koszulka/2b1e33eb-baab-46d1-b002-43c1f152f845
L0702597;Gibson Superior Sound Tee Vintage Blue MD koszulka;1;https://b2b.laudacentral.eu/product-details/Gibson-Superior-Sound-Tee-Vintage-Blue-MD-koszulka/a0616484-c9c1-48cd-9b26-d60b10ceeb4e
L0702596;Gibson Superior Sound Tee Vintage Blue LG koszulka;1;https://b2b.laudacentral.eu/product-details/Gibson-Superior-Sound-Tee-Vintage-Blue-LG-koszulka/b8a2e1fd-360a-4abf-98cb-030cf7ba0ac4
L0702595;Gibson Screaming Eagle Tee Vintage Black XL koszulka;0;https://b2b.laudacentral.eu/product-details/Gibson-Screaming-Eagle-Tee-Vintage-Black-XL-koszulka/4b5eef70-269d-4a9b-84c3-d9f4225e9ec8
L0702594;Gibson Screaming Eagle Tee Vintage Black Small koszulka;1;https://b2b.laudacentral.eu/product-details/Gibson-Screaming-Eagle-Tee-Vintage-Black-Small-koszulka/c701ae0e-c643-45c9-bd8a-1bf304022d45
L0702591;Gibson Eagle Tee Vintage Gray XL koszulka;1;https://b2b.laudacentral.eu/product-details/Gibson-Eagle-Tee-Vintage-Gray-XL-koszulka/761d7f9f-061a-4a4f-89f2-7f6c8bb1747c
L0702590;Gibson Eagle Tee Vintage Gray Small koszulka;1;https://b2b.laudacentral.eu/product-details/Gibson-Eagle-Tee-Vintage-Gray-Small-koszulka/25044bae-c502-472d-a24e-68063d93e418
L0702589;Gibson Eagle Tee Vintage Gray Medium koszulka;1;https://b2b.laudacentral.eu/product-details/Gibson-Eagle-Tee-Vintage-Gray-Medium-koszulka/d50b0844-38f7-4adb-95d2-79b8172db36d
L0702588;Gibson Eagle Tee Vintage Gray Large koszulka;0;https://b2b.laudacentral.eu/product-details/Gibson-Eagle-Tee-Vintage-Gray-Large-koszulka/c99400de-0165-4780-aab9-d72ade728483
L0702577;Gibson Classic Trucker Black czapka;1;https://b2b.laudacentral.eu/product-details/Gibson-Classic-Trucker-Black-czapka/babf6516-8af9-480e-89cf-e453f9fa27e4
L0702225;Gibson Custombucker Matched set Double Black True Historic Gold Covers 2 conductor Unpotted Alnico III 8k ohms;0;https://b2b.laudacentral.eu/product-details/Gibson-Custombucker-Matched-set-Double-Black-True-Historic-Gold-Covers-2-conductor-Unpotted-Alnico-III-8k-ohms/cc797dcb-7ba9-4b5d-9ee0-4648a5da0874
L0702217;Gibson 498T Hot Alnico Treble Double Black Gold cover 4 conductor Potted Alnico V 138k ohms;0;https://b2b.laudacentral.eu/product-details/Gibson-498T---Hot-Alnico-Treble-Double-Black-Gold-cover-4-conductor-Potted-Alnico-V-138k-ohms/3b4ff0fe-9db1-4b8f-b353-0fc7dfceec1d
L0702213;Gibson 490R Modern Classic Rhythm Double Black Gold cover 4 conductor Potted Alnico II 85k ohms;0;https://b2b.laudacentral.eu/product-details/Gibson-490R---Modern-Classic-Rhythm-Double-Black-Gold-cover-4-conductor-Potted-Alnico-II-85k-ohms/8636311f-bbc0-488d-a3e7-a9f9d224fb8d
L0702212;Gibson 490R Modern Classic Rhythm Double Black Chrome cover 4 conductor Potted Alnico II 85k ohms;0;https://b2b.laudacentral.eu/product-details/Gibson-490R---Modern-Classic-Rhythm-Double-Black-Chrome-cover-4-conductor-Potted-Alnico-II-85k-ohms/15bf03b4-be39-4f78-a452-fc8eeb00c59f
L0702203;Gibson 60s Burstbucker Double Black Nickel cover 2 conductor Potted Alnico V 77k ohms;0;https://b2b.laudacentral.eu/product-details/Gibson-60s-Burstbucker-Double-Black-Nickel-cover-2-conductor-Potted-Alnico-V-77k-ohms/104b6f59-5686-400d-be74-223ca5e1bd56
L0702199;Gibson Burstbucker Type 2 Double Black Nickel cover 2 conductor unpotted Alnico II 85kohms;1;https://b2b.laudacentral.eu/product-details/Gibson-Burstbucker-Type-2-Double-Black-Nickel-cover-2-conductor-unpotted-Alnico-II-85kohms/f51a8cc0-0490-4424-b3bd-8040f5ea201e
L0702198;Gibson Burstbucker Type 1 Double Black Nickel cover 2 conductor unpotted Alnico II 80k ohms;1;https://b2b.laudacentral.eu/product-details/Gibson-Burstbucker-Type-1-Double-Black-Nickel-cover-2-conductor-unpotted-Alnico-II-80k-ohms/4659edc0-653f-4526-b5ec-f10ca93804a1
L0702191;Gibson 57 Classic Double Black Nickel cover 2 conductor Potted Alnico II 79K ohms;1;https://b2b.laudacentral.eu/product-details/Gibson-57-Classic-Double-Black-Nickel-cover-2-conductor-Potted-Alnico-II-79K-ohms/df07d7cc-d947-4756-adbc-25c2d99936e0
L1910226;Fractal Lights VERTIRAY 80x3W lampa LED;1;https://b2b.laudacentral.eu/product-details/Fractal-Lights-VERTIRAY-80x3W---lampa-LED/e311fec4-0472-4e2e-9cb5-85f82cb74808
L1910224;Fractal Lights VERTIX 36x3W IP65 lampa LED;1;https://b2b.laudacentral.eu/product-details/Fractal-Lights-VERTIX-36x3W-IP65----lampa-LED/015fde3d-cae8-481e-809c-4cf0b26ee4db
L1910223;Fractal Lights VERTIRAY 192 PIX STROBE lampa LED;1;https://b2b.laudacentral.eu/product-details/Fractal-Lights-VERTIRAY-192-PIX-STROBE----lampa-LED/7f9ca82e-0f8e-4864-85a4-56cafd8fe33d
L1910222;Fractal Lights VERTIRAY 124 PIX lampa LED;1;https://b2b.laudacentral.eu/product-details/Fractal-Lights-VERTIRAY-124-PIX----lampa-LED/c2f6774d-dc39-4c9f-af08-3a8f8f7aa9ce
L1910219;Fractal Lights MULTIRAY 12x18W Battery City Light IP65 lampa LED;0;https://b2b.laudacentral.eu/product-details/Fractal-Lights-MULTIRAY-12x18W-Battery-City-Light-IP65----lampa-LED/a744c4d6-52d3-46e0-adc4-cad4ed33f019
L1910217;Fractal Lights RAYTRO BAR lampa LED;1;https://b2b.laudacentral.eu/product-details/Fractal-Lights-RAYTRO-BAR----lampa-LED/b719adfc-acf1-4220-ac14-ef3f0fee90de
L1910208;Fractal Lights VERTIRAY 40x3W lampa LED;1;https://b2b.laudacentral.eu/product-details/Fractal-Lights-VERTIRAY-40x3W----lampa-LED/6954cfe0-1f76-4589-8e04-ab710c39d855
L1910205;Fractal Lights VERTIRAY 10 COB lampa LED;1;https://b2b.laudacentral.eu/product-details/Fractal-Lights-VERTIRAY-10-COB----lampa-LED/bda5ead6-9250-4d55-8de8-515e198b8d52
L1910204;Fractal Lights VERTIRAY 5 COB lampa LED;1;https://b2b.laudacentral.eu/product-details/Fractal-Lights-VERTIRAY-5-COB----lampa-LED/5e321680-d597-4684-9803-5c6382afb450
L1910200;Fractal Lights Moving Head Bar ZOOM 12x40W;1;https://b2b.laudacentral.eu/product-details/Fractal-Lights-Moving-Head-Bar-ZOOM-12x40W/54d34a9f-e918-4950-ad1b-4119ba4e2dcb
L1910189;Fractal Lights PIXIBLADE BATTERY LED TUBE lampa LED;1;https://b2b.laudacentral.eu/product-details/Fractal-Lights-PIXIBLADE-BATTERY-LED-TUBE----lampa-LED/d8d29b2f-af31-4325-a379-2f2d03703a95
L1910128;Fractal Lights BAR LED 12x15W RGBWAUV IP 65;0;https://b2b.laudacentral.eu/product-details/Fractal-Lights-BAR-LED-12x15W-RGBWAUV-IP-65/fc31b9d2-c0c3-4c11-a32a-a5288a14ab98
L1910105;Fractal Lights DISC BAR48RGBW;1;https://b2b.laudacentral.eu/product-details/Fractal-Lights-DISC-BAR48RGBW/d59736b9-42ff-4cdd-b20e-f7c8f6cfd3bc
L1910086;Fractal Lights BAR LED 24X3W White;0;https://b2b.laudacentral.eu/product-details/Fractal-Lights-BAR-LED-24X3W-White/5d617c0c-89c5-4da1-8ef9-50d5f95ad6ae
L1910055;Fractal Lights BAR LED 18x10 W RGBW IP65;0;https://b2b.laudacentral.eu/product-details/Fractal-Lights-BAR-LED-18x10-W-RGBW-IP65/85b0dc04-f889-42f4-80e2-39f040119369
L1910054;Fractal Lights DISC BAR LED 18x3 W RGB IP65;0;https://b2b.laudacentral.eu/product-details/Fractal-Lights-DISC-BAR-LED-18x3-W-RGB-IP65/dd751326-be87-4fd3-90ee-327a753e3044
L1910005;Fractal Lights BAR LED 24X3W Black pilot;1;https://b2b.laudacentral.eu/product-details/Fractal-Lights-BAR-LED-24X3W-Black--pilot/f571a124-b237-4926-9c04-275b2d9f2d54
L1910199;Fractal Lights Waterproof LED Strobe Moving Head stroboskop IP65;1;https://b2b.laudacentral.eu/product-details/Fractal-Lights-Waterproof-LED-Strobe-Moving-Head---stroboskop-IP65/9e21303c-e6f5-4f5a-b941-4023326861be
L1910169;Fractal Lights DISC VISIONAIR 3D Hologram laser;1;https://b2b.laudacentral.eu/product-details/Fractal-Lights-DISC-VISIONAIR-3D-Hologram--laser/30ebdcea-0d22-491e-8e6c-bc70a71203f1
L1910064;Fractal Lights MINI Partyscope 8x3W;1;https://b2b.laudacentral.eu/product-details/Fractal-Lights-MINI-Partyscope-8x3W/5ecb2b45-49f9-4fb4-9523-63bd6b42f90b
L1910063;Fractal Lights DISC Mini Party 2;0;https://b2b.laudacentral.eu/product-details/Fractal-Lights-DISC-Mini-Party--2/a9a942e6-1aaf-40fb-88bf-9278a51b2203
L1910003;Fractal Lights DISC PARTYSCOPE LED 8x10 W;1;https://b2b.laudacentral.eu/product-details/Fractal-Lights-DISC-PARTYSCOPE-LED-8x10-W/5aafe524-1576-46aa-ba05-94297d9990c1
L1100039;Orla GRAND 120 White fortepian cyfrowy;0;https://b2b.laudacentral.eu/product-details/Orla-GRAND-120-White---fortepian-cyfrowy/c0b18bf9-f36d-4a2d-a781-826480545ef6
L1100038;Orla GRAND 120 Black fortepian cyfrowy;0;https://b2b.laudacentral.eu/product-details/Orla-GRAND-120-Black---fortepian-cyfrowy/90b05c2a-31e4-4098-bec9-4c78a5b47604
L2360087;Fishman Slip Cover Loudbox Performer pokrowiec;1;https://b2b.laudacentral.eu/product-details/Fishman-Slip-Cover-Loudbox-Performer---pokrowiec/0c7b5ad7-f893-4c84-bf6f-a4903bf02653
L2340436;Martin Case Modled HS D 14F 640 BlackGreen futeral do gitary;0;https://b2b.laudacentral.eu/product-details/Martin-Case-Modled-HS-D-14F-640-BlackGreen-futeral-do-gitary/48420c4b-c4ee-4125-988c-929122975e98
L2050168;Arrow Roadbuddy Gigbag 10mm foam wArrow logo;1;https://b2b.laudacentral.eu/product-details/Arrow-Roadbuddy-Gigbag-10mm-foam-wArrow-logo/f5720a75-5ed4-490c-ac2c-06416c29ad05
L1910228;Fractal PIXIBLADE Hard Case for 8 pcs;1;https://b2b.laudacentral.eu/product-details/Fractal-PIXIBLADE-Hard-Case-for-8-pcs/9bad1c89-4936-42c3-b5e0-81fa834c8181
L0702226;Gibson Lifton Historic 5 Latch BrownPink Hardshell Case Les Paul;0;https://b2b.laudacentral.eu/product-details/Gibson-Lifton-Historic-5-Latch-BrownPink-Hardshell-Case-Les-Paul/067baab7-79be-4db9-8473-e4aa7b8a3450
L0560991;Epiphone GrabberGrabber G 3 Bass Hardshell Case Black twardy futeral do gitary;0;https://b2b.laudacentral.eu/product-details/Epiphone-GrabberGrabber-G-3-Bass-Hardshell-Case-Black-twardy-futeral-do-gitary/d9f1ed40-f1c4-4861-ae26-5f42cfdf6591
L0560990;Epiphone ExturaGhostHorse Hard Case Right handed Black twardy futeral do gitary;0;https://b2b.laudacentral.eu/product-details/Epiphone-ExturaGhostHorse-Hard-Case-Right-handed-Black-twardy-futeral-do-gitary/480728e3-6260-4b88-bcb5-87c89c330979
L0560856;Epiphone El Capitan J 200 Studio Bass Hard Case Universal Fit Right and Left handed Black twardy futeral;0;https://b2b.laudacentral.eu/product-details/Epiphone-El-Capitan-J-200-Studio-Bass-Hard-Case-Universal-Fit-Right-and-Left-handed-Black-twardy-futeral/40adf3eb-bd2c-4cbb-b16e-35d684ad4f40
L0560547;Epiphone CASE EPI J200SCE COUPE twardy futeral;0;https://b2b.laudacentral.eu/product-details/Epiphone-CASE-EPI-J200SCE-COUPE-twardy-futeral/f9ef33d5-0a19-4529-b62b-f71315eef698
L0560546;Epiphone CASE EPI MODERNE twardy futeral;0;https://b2b.laudacentral.eu/product-details/Epiphone-CASE-EPI-MODERNE-twardy-futeral/e41e8bce-e243-413b-8766-b52b36843c93
L0560458;Epiphone CASE EPI EMBASSY PRO BASS futeral do basu;0;https://b2b.laudacentral.eu/product-details/Epiphone-CASE-EPI-EMBASSY-PRO-BASS-futeral-do-basu/f01eba87-fc79-454a-9e9b-f63c95195843
L0560410;Epiphone Gigbag Classical 44 Size pokrowiec do gitary klasycznej PRO 1;0;https://b2b.laudacentral.eu/product-details/Epiphone-Gigbag-Classical-44-Size-pokrowiec-do-gitary-klasycznej-PRO-1/780a6ac5-2831-43c3-a103-739bd35d7f2e
L0560409;Epiphone Gigbag Classical 34 Size pokrowiec do gitary klasycznej PRO 1;0;https://b2b.laudacentral.eu/product-details/Epiphone-Gigbag-Classical-34-Size-pokrowiec-do-gitary-klasycznej-PRO-1/180d2c00-0a00-4b3e-ae59-412bb0dd25f5
L0560269;Epiphone CASE EPI FIREBIRD futeral do gitary;1;https://b2b.laudacentral.eu/product-details/Epiphone-CASE-EPI-FIREBIRD-futeral-do-gitary/63788d89-4e2f-40ee-bfea-65b73daad985
L0560263;Epiphone CASE EPI FLYING V futeral do gitary;1;https://b2b.laudacentral.eu/product-details/Epiphone-CASE-EPI-FLYING-V-futeral-do-gitary/50a0cd75-6b32-4b54-b083-54983387edfc
L0560107;Epiphone GIGBAG WESTERN ACOUSTIC pokrowiec;0;https://b2b.laudacentral.eu/product-details/Epiphone-GIGBAG-WESTERN-ACOUSTIC-pokrowiec/28262096-a166-42f8-887e-2438ed98c681
L0560106;Epiphone DISC GIGBAG TOBY PREMIUM pokrowiec do gitary basowej;1;https://b2b.laudacentral.eu/product-details/Epiphone-DISC-GIGBAG-TOBY-PREMIUM-pokrowiec-do-gitary-basowej/2324c2a3-f695-46c3-a32c-a4c1bab163d3
L0560105;Epiphone GIGBAG PREMIUM SOLIDBODY Elec Guit pokrowiec;0;https://b2b.laudacentral.eu/product-details/Epiphone-GIGBAG-PREMIUM-SOLIDBODY-Elec-Guit-pokrowiec/5cf3e00a-e7e2-4709-a34e-3065a77c140c
L0560104;Epiphone GIGBAG PREMIUM SOLIDBODY Bass Guit pokrowiec;0;https://b2b.laudacentral.eu/product-details/Epiphone-GIGBAG-PREMIUM-SOLIDBODY-Bass-Guit-pokrowiec/4347eadd-96b6-4257-b969-c30213c5ede9
L0560041;Epiphone CASE EPI VIOLA futeral do basu;0;https://b2b.laudacentral.eu/product-details/Epiphone-CASE-EPI-VIOLA-futeral-do-basu/c3a7661c-18f2-4f1f-bbe3-1b7e0e869287
L0560040;Epiphone CASE EPI THUNDERBIRD futeral do basu;1;https://b2b.laudacentral.eu/product-details/Epiphone-CASE-EPI-THUNDERBIRD--futeral-do-basu/9609c61e-a339-42d0-80f7-75a5f8d7c7f5
L0560035;Epiphone CASE EPI MANDOLIN A STYLE futeral;0;https://b2b.laudacentral.eu/product-details/Epiphone-CASE-EPI-MANDOLIN-A-STYLE-futeral/68269f50-2b09-4194-9e0b-ca62acba5420
L0560034;Epiphone CASE EPI LES PAUL STDCST futeral do gitary;1;https://b2b.laudacentral.eu/product-details/Epiphone-CASE-EPI-LES-PAUL-STDCST-futeral-do-gitary/2dc9d089-7646-435c-8651-75ad7876d513
L0560033;Epiphone CASE EPI JUMBO futeral do gitary;1;https://b2b.laudacentral.eu/product-details/Epiphone-CASE-EPI-JUMBO-futeral-do-gitary/df59eedd-0460-4d4c-9a4f-a8139e993c04
L0560031;Epiphone CASE EPI JACK CASSADY BASS futeral do gitary;0;https://b2b.laudacentral.eu/product-details/Epiphone-CASE-EPI-JACK-CASSADY-BASS-futeral-do-gitary/d457aaa1-b9ef-44ca-b52a-91b2d9df4b48
L0560030;Epiphone CASE EPI G400G310 futeral do gitary;1;https://b2b.laudacentral.eu/product-details/Epiphone-CASE-EPI-G400G310-futeral-do-gitary/e5c3e895-ac3e-4903-aaf4-06756267518d
L0560029;Epiphone CASE EPI FLAMEKAT futeral do gitary;1;https://b2b.laudacentral.eu/product-details/Epiphone-CASE-EPI-FLAMEKAT-futeral-do-gitary/3c051ec9-727d-4611-89e1-bce94b1d6808
L0560028;Epiphone CASE EPI EXPLORER futeral do gitary;0;https://b2b.laudacentral.eu/product-details/Epiphone-CASE-EPI-EXPLORER-futeral-do-gitary/f6ccb01b-0bc0-4892-8f15-ebe070585616
L0560027;Epiphone CASE EPI ES 339 futeral do gitary;1;https://b2b.laudacentral.eu/product-details/Epiphone-CASE-EPI-ES-339-futeral-do-gitary/145eaaa9-34a3-40b1-86f4-1ebf47c41b04
L0560026;Epiphone CASE EPI EMPEROR futeral do gitary;1;https://b2b.laudacentral.eu/product-details/Epiphone-CASE-EPI-EMPEROR-futeral-do-gitary/0274826d-20d1-48f1-8f06-71e669535498
L0560025;Epiphone CASE EPI EL00 futeral do gitary;0;https://b2b.laudacentral.eu/product-details/Epiphone-CASE-EPI-EL00-futeral-do-gitary/52efee96-7e7c-407c-85fd-8dc44f11801b
L0560024;Epiphone CASE EPI EB3 futeral do basu;0;https://b2b.laudacentral.eu/product-details/Epiphone-CASE-EPI-EB3-futeral-do-basu/5ce1b5f0-a846-4dc6-b267-6d973369dbf9
L0560023;Epiphone CASE EPI DREADNOUGHT futeral do gitary;1;https://b2b.laudacentral.eu/product-details/Epiphone-CASE-EPI-DREADNOUGHT-futeral-do-gitary/dba845b3-5664-4e2e-90ff-686fb2c9dc8b
L0560022;Epiphone CASE EPI BISCUIT futeral do gitary;0;https://b2b.laudacentral.eu/product-details/Epiphone-CASE-EPI-BISCUIT-futeral-do-gitary/5f108deb-9292-4260-ae06-4c7996a46fe4
L0560021;Epiphone CASE EPI BANJO futeral do banjo;0;https://b2b.laudacentral.eu/product-details/Epiphone-CASE-EPI-BANJO-futeral-do-banjo/33b87b99-83ec-4a77-a89a-51812dd3ee1d
L0560020;Epiphone CASE EPI ALLEN WOODY futeral do basu;0;https://b2b.laudacentral.eu/product-details/Epiphone-CASE-EPI-ALLEN-WOODY-futeral-do-basu/b61d8fc7-38ff-4399-a30d-e604e25d411d
L0560019;Epiphone CASE EPI 519 DOTSHERATON futeral do gitary;1;https://b2b.laudacentral.eu/product-details/Epiphone-CASE-EPI-519-DOTSHERATON-futeral-do-gitary/409509f8-38d9-44b8-aa1f-63097a91de57
L2050173;Arrow Silver A WR Wine Red gitara akustyczna;1;https://b2b.laudacentral.eu/product-details/Arrow-Silver-A-WR-Wine-Red---gitara-akustyczna/54dd8e97-4cab-4f64-8082-0f9e2c84a1b7
L2050172;Arrow Silver A MH Mahogany gitara akustyczna;1;https://b2b.laudacentral.eu/product-details/Arrow-Silver-A-MH-Mahogany---gitara-akustyczna/290f6e0d-5011-4141-935c-ca316001b775
L2050171;Arrow Silver A BLK Black gitara akustyczna;1;https://b2b.laudacentral.eu/product-details/Arrow-Silver-A-BLK-Black---gitara-akustyczna/ef921f68-d9a9-48f4-8b96-a5d89eaac6d0
L2050170;Arrow Silver A SB Sunburst gitara akustyczna;1;https://b2b.laudacentral.eu/product-details/Arrow-Silver-A-SB-Sunburst---gitara-akustyczna/812bd6f6-e695-4669-8112-a1f742b02783
L2050169;Arrow Silver A NT Natural gitara akustyczna;1;https://b2b.laudacentral.eu/product-details/Arrow-Silver-A-NT-Natural---gitara-akustyczna/910cd2a1-e21c-45e1-8f33-1ddcfa32a841
L2050110;Arrow Roadbuddy Spruce Top gitara akustyczna;0;https://b2b.laudacentral.eu/product-details/Arrow-Roadbuddy-Spruce-Top---gitara-akustyczna/d99a458e-ccec-403a-a971-8c22175cbdc1
L2050109;Arrow Roadbuddy Mahogany Top gitara akustyczna;1;https://b2b.laudacentral.eu/product-details/Arrow-Roadbuddy-Mahogany-Top---gitara-akustyczna/c1fd9499-0afb-41a5-8738-2f081d7981a8
L2050108;Arrow Dune Series Red gitara akustyczna;0;https://b2b.laudacentral.eu/product-details/Arrow-Dune-Series-Red---gitara-akustyczna/66d17c8e-6180-4b7b-a7ee-144e251bf077
L2050107;Arrow Dune Series Blue gitara akustyczna;0;https://b2b.laudacentral.eu/product-details/Arrow-Dune-Series-Blue---gitara-akustyczna/03d616af-3f66-4d7a-9ef3-5142e5890630
L2050106;Arrow Raw Series Gradient gitara akustyczna;1;https://b2b.laudacentral.eu/product-details/Arrow-Raw-Series-Gradient---gitara-akustyczna/1d87c69c-dfee-4670-ba7b-5792a9038d59
L2050105;Arrow Raw Series Black gitara akustyczna;1;https://b2b.laudacentral.eu/product-details/Arrow-Raw-Series-Black---gitara-akustyczna/527735b4-f28d-4da0-9179-a3c20535bc99
L2050104;Arrow Raw Series Mahogany gitara akustyczna;1;https://b2b.laudacentral.eu/product-details/Arrow-Raw-Series-Mahogany---gitara-akustyczna/2d22fd69-6e88-4b5c-94a0-97c1b53f2488
L2050100;Arrow Platinum Elite D SITRW SitkaRosewood gitara akustyczna;0;https://b2b.laudacentral.eu/product-details/Arrow-Platinum-Elite-D-SITRW-SitkaRosewood---gitara-akustyczna/85143253-7fa7-4ccd-a7c4-4eb94cc7dcf6
L2050096;Arrow Platinum A SITRW SitkaRosewood gitara akustyczna;1;https://b2b.laudacentral.eu/product-details/Arrow-Platinum-A-SITRW-SitkaRosewood---gitara-akustyczna/83e76f49-b8de-40d5-911e-66f2758f9df2
L2050094;Arrow Platinum A SITMH Sitka Mahogany gitara akustyczna;1;https://b2b.laudacentral.eu/product-details/Arrow-Platinum-A-SITMH-Sitka-Mahogany---gitara-akustyczna/5dd247d8-7a31-49fc-b159-ecb99d5a9479
L2050092;Arrow Platinum A MHMH MahoganyMahogany gitara akustyczna;0;https://b2b.laudacentral.eu/product-details/Arrow-Platinum-A-MHMH-MahoganyMahogany---gitara-akustyczna/04384877-d83e-47a0-84d7-1b359fe365b5
L2050090;Arrow Platinum D SITRW SitkaRosewood gitara akustyczna;0;https://b2b.laudacentral.eu/product-details/Arrow-Platinum-D-SITRW-SitkaRosewood---gitara-akustyczna/2a285aed-1c58-49b2-8426-ab12d2186240
L2050088;Arrow Platinum D SITMH Sitka Mahogany gitara akustyczna;0;https://b2b.laudacentral.eu/product-details/Arrow-Platinum-D-SITMH-Sitka-Mahogany---gitara-akustyczna/c3d07868-4041-4501-bc9c-1994f0d001ee
L2050086;Arrow Platinum D MHMH MahoganyMahogany gitara akustyczna;1;https://b2b.laudacentral.eu/product-details/Arrow-Platinum-D-MHMH-MahoganyMahogany---gitara-akustyczna/d97994c2-266d-48b0-8599-21c5c7d37e14
L2050083;Arrow Gold A BLK Black gitara akustyczna;1;https://b2b.laudacentral.eu/product-details/Arrow-Gold-A-BLK-Black---gitara-akustyczna/cf4a9ff8-3164-48f8-947e-6f3e7a9d34d7
L2050082;Arrow Gold A MH Mahogany gitara akustyczna;0;https://b2b.laudacentral.eu/product-details/Arrow-Gold-A-MH-Mahogany---gitara-akustyczna/cab07513-df1c-4148-84ee-c974a0233052
L2050081;Arrow Gold A NT Natural gitara akustyczna;1;https://b2b.laudacentral.eu/product-details/Arrow-Gold-A-NT-Natural---gitara-akustyczna/4c329652-eef0-4ab5-bb32-1435780ac6ce
L2050079;Arrow Gold D SB Sunburst gitara akustyczna;1;https://b2b.laudacentral.eu/product-details/Arrow-Gold-D-SB-Sunburst---gitara-akustyczna/7c8dfac2-5008-4d77-9e41-abb1ed28be03
L2050078;Arrow Gold D BLK Black gitara akustyczna;0;https://b2b.laudacentral.eu/product-details/Arrow-Gold-D-BLK-Black---gitara-akustyczna/18e8ffaf-c773-4e6f-91e5-456342bf2821
L2050077;Arrow Gold D MH Mahogany gitara akustyczna;0;https://b2b.laudacentral.eu/product-details/Arrow-Gold-D-MH-Mahogany---gitara-akustyczna/d9a08c3b-590a-4d08-832c-bc0a49ab4df8
L2050076;Arrow Gold D NT Natural gitara akustyczna;1;https://b2b.laudacentral.eu/product-details/Arrow-Gold-D-NT-Natural---gitara-akustyczna/76839612-7381-47dd-8703-3af0ac56b5b9
L2050074;Arrow Silver D WR Wine Red gitara akustyczna;0;https://b2b.laudacentral.eu/product-details/Arrow-Silver-D-WR-Wine-Red---gitara-akustyczna/72579a87-2706-42e2-9bb0-e4d278ceee46
L2050073;Arrow Silver D MH Mahogany gitara akustyczna;1;https://b2b.laudacentral.eu/product-details/Arrow-Silver-D-MH-Mahogany---gitara-akustyczna/899dab57-102f-458f-8345-b589aef6af74
L2050072;Arrow Silver D BLK Black gitara akustyczna;0;https://b2b.laudacentral.eu/product-details/Arrow-Silver-D-BLK-Black---gitara-akustyczna/1a34ab1c-2962-4e38-8083-6244401fbf99
L2050071;Arrow Silver D SB Sunburst gitara akustyczna;0;https://b2b.laudacentral.eu/product-details/Arrow-Silver-D-SB-Sunburst---gitara-akustyczna/523e3654-ccea-4cf3-9b46-01a70ec1c626
L2050070;Arrow Silver D NT Natural gitara akustyczna;0;https://b2b.laudacentral.eu/product-details/Arrow-Silver-D-NT-Natural---gitara-akustyczna/109de1fb-2fd0-41f9-a43e-37461445540a
L0560960;Epiphone J 45 Express Incl Gig Bag Vintage Sunburst gitara akustyczna;0;https://b2b.laudacentral.eu/product-details/Epiphone-J-45-Express-Incl-Gig-Bag-Vintage-Sunburst-gitara-akustyczna/030b809b-22b9-46fa-ac08-5a48e98f346b
L0560959;Epiphone J 45 Express Incl Gig Bag Ebony gitara akustyczna;0;https://b2b.laudacentral.eu/product-details/Epiphone-J-45-Express-Incl-Gig-Bag-Ebony-gitara-akustyczna/246ac95b-fd1b-4b5b-85c1-05ec510c442d
L0560920;Epiphone F 5 Studio Incl Premium Gig Bag Wine Red Satin mandolina;0;https://b2b.laudacentral.eu/product-details/Epiphone-F-5-Studio-Incl-Premium-Gig-Bag-Wine-Red-Satin-mandolina/f2c02da8-cb52-440a-a172-61cd52151cdd
L0560919;Epiphone F 5 Studio Incl Premium Gig Bag Vintage Sunburst Satin mandolina;0;https://b2b.laudacentral.eu/product-details/Epiphone-F-5-Studio-Incl-Premium-Gig-Bag-Vintage-Sunburst-Satin-mandolina/718a128d-7fa7-4bbb-952c-dfdedb21cd5a
L0560918;Epiphone Mastertone Classic Banjo Incl Hard Case Natural banjo;0;https://b2b.laudacentral.eu/product-details/Epiphone-Mastertone-Classic-Banjo-Incl-Hard-Case-Natural-banjo/fcb7107f-6a9b-4d02-83e3-24006df32bfd
L0560917;Epiphone Mastertone Bowtie Open Back Banjo Incl Premium Gig Bag Natural banjo;0;https://b2b.laudacentral.eu/product-details/Epiphone-Mastertone-Bowtie-Open-Back-Banjo-Incl-Premium-Gig-Bag-Natural-banjo/a3c05120-d897-405d-a6d6-c35195f9f68f
L0560916;Epiphone Mandobird Incl Premium Gig Bag Vintage Sunburst mandobird;0;https://b2b.laudacentral.eu/product-details/Epiphone-Mandobird-Incl-Premium-Gig-Bag-Vintage-Sunburst-mandobird/6b84575b-8c2c-4e94-8ff0-264a749ef297
L0560910;Epiphone F 5G Incl Hard Case Cremona Sunburst mandolina;0;https://b2b.laudacentral.eu/product-details/Epiphone-F-5G-Incl-Hard-Case-Cremona-Sunburst-mandolina/a03c6e6e-1b7c-45e7-b0e5-7cbbedeb894b
L0560637;Epiphone DISC Starling Square Shoulder Starlight Blue gitara akustyczna;0;https://b2b.laudacentral.eu/product-details/Epiphone-DISC--Starling-Square-Shoulder-Starlight-Blue-gitara-akustyczna/e157bbac-fc18-40b8-ba83-8c4512dcaca2
L0560307;Epiphone DISC DOBRO Hound Dog M14 Metal Body gitara akustyczna;0;https://b2b.laudacentral.eu/product-details/Epiphone-DISC-DOBRO-Hound-Dog-M14-Metal-Body-gitara-akustyczna/bcd346c2-99fa-4ef9-9425-0ddff44a864a
L0560174;Epiphone MM30 MANDOLIN;0;https://b2b.laudacentral.eu/product-details/Epiphone-MM30-MANDOLIN/2cf9cfb2-ab71-4097-8c62-952e7a578e81
L0560172;Epiphone MB100 BANJO;1;https://b2b.laudacentral.eu/product-details/Epiphone-MB100-BANJO/35fac932-1b45-46c7-8d93-0c3436319353
L0560061;Epiphone ZERO TOUCH Songmaker DR 100 Square Shoulder VS Vintage Sunburst gitara akustyczna;0;https://b2b.laudacentral.eu/product-details/Epiphone-ZERO-TOUCH-Songmaker-DR-100-Square-Shoulder-VS-Vintage-Sunburst-gitara-akustyczna/99124b80-dd9c-4253-a051-81d44283e787
L0560060;Epiphone ZERO TOUCH Songmaker DR 100 Square Shoulder NA Natural gitara akustyczna;0;https://b2b.laudacentral.eu/product-details/Epiphone-ZERO-TOUCH-Songmaker-DR-100-Square-Shoulder-NA-Natural-gitara-akustyczna/787c1e7e-cc40-444c-be0b-cee74d7045dc
L0560059;Epiphone ZERO TOUCH Songmaker DR 100 Square Shoulder EB Ebony gitara akustyczna;0;https://b2b.laudacentral.eu/product-details/Epiphone-ZERO-TOUCH-Songmaker-DR-100-Square-Shoulder-EB-Ebony-gitara-akustyczna/bdab3f30-7010-4dcc-8616-0641610d3fe2
L0560052;Epiphone DOBRO HOUND DOG ROUND NECK gitara Dobro;0;https://b2b.laudacentral.eu/product-details/Epiphone-DOBRO-HOUND-DOG-ROUND-NECK-gitara-Dobro/94a63c2d-7644-42dc-ac73-08c2482b737d
L0560008;Epiphone DISC J 45 Studio Solid Top NA Natural gitara akustyczna;0;https://b2b.laudacentral.eu/product-details/Epiphone-DISC-J-45-Studio-Solid-Top-NA-Natural-gitara-akustyczna/85b984e7-39df-443c-a853-2446ffea6459
L2050141;Arrow Louisiana 5 Bass Natural MapleBlack gitara basowa;1;https://b2b.laudacentral.eu/product-details/Arrow-Louisiana-5-Bass-Natural-MapleBlack-gitara-basowa/9dd4b481-27d1-425a-8d4c-52dd0eb475cd
L2050140;Arrow Louisiana 4 Bass Tobacco Burst RosewoodWhite gitara basowa;1;https://b2b.laudacentral.eu/product-details/Arrow-Louisiana-4-Bass-Tobacco-Burst-RosewoodWhite-gitara-basowa/6b8dc53c-b453-46a3-be11-027b25b0b654
L2050139;Arrow Louisiana 4 Bass Abyss Black RosewoodWhite gitara basowa;1;https://b2b.laudacentral.eu/product-details/Arrow-Louisiana-4-Bass-Abyss-Black-RosewoodWhite-gitara-basowa/336a9cce-d87e-4510-b2aa-ee3fd6e49ad2
L2050138;Arrow Louisiana 4 Bass Natural MapleBlack gitara basowa;1;https://b2b.laudacentral.eu/product-details/Arrow-Louisiana-4-Bass-Natural-MapleBlack-gitara-basowa/b68bb477-4547-4ff9-a466-b42cf683f122
L2050137;Arrow Session Bass 5 Bleached Bone White RosewoodT shell gitara basowa;1;https://b2b.laudacentral.eu/product-details/Arrow-Session-Bass-5-Bleached-Bone-White-RosewoodT-shell-gitara-basowa/f5e8068f-085f-454a-a5fa-525393ada2b4
L2050136;Arrow Session Bass 4 Snow White RosewoodBlack gitara basowa;1;https://b2b.laudacentral.eu/product-details/Arrow-Session-Bass-4-Snow-White-RosewoodBlack-gitara-basowa/d1d9e2ad-0a9f-45d4-b528-39a5896676d0
L2050135;Arrow Session Bass 4 Abyss Black RosewoodT shell gitara basowa;1;https://b2b.laudacentral.eu/product-details/Arrow-Session-Bass-4-Abyss-Black-RosewoodT-shell-gitara-basowa/151fa8ac-72b8-4368-839f-01de274463a1
L2050134;Arrow Session Bass 4 Abyss Black RosewoodBlack gitara basowa;1;https://b2b.laudacentral.eu/product-details/Arrow-Session-Bass-4-Abyss-Black-RosewoodBlack-gitara-basowa/c6a26184-068e-4670-a7e8-63529a29b54d
L2050054;Arrow DISC Louisiana 4 Bass Natural Mapleblack gitara basowa;0;https://b2b.laudacentral.eu/product-details/Arrow-DISC-Louisiana-4-Bass-Natural-Mapleblack-gitara-basowa/117fd547-2f8e-43af-8a4a-f2a468e3f5f0
L0701205;Gibson SG Standard Bass Heritage Cherry gitara basowa;0;https://b2b.laudacentral.eu/product-details/Gibson-SG-Standard-Bass-Heritage-Cherry-gitara-basowa/1c3df7da-25c1-4437-a84d-ad0685b680bf
L0701204;Gibson SG Standard Bass Ebony gitara basowa;0;https://b2b.laudacentral.eu/product-details/Gibson-SG-Standard-Bass-Ebony-gitara-basowa/e5e65acb-878d-49c7-a055-720a91431437
L0561072;Epiphone Mike Dirnt Grabber G 3 Bass Silverburst gitara basowa;0;https://b2b.laudacentral.eu/product-details/Epiphone--Mike-Dirnt-Grabber-G-3-Bass-Silverburst-gitara-basowa/fcf44cb7-1041-44e2-8289-6ba4a7171be2
L0560922;Epiphone Grabber Bass Incl Premium Gig Bag Natural gitara basowa;0;https://b2b.laudacentral.eu/product-details/Epiphone-Grabber-Bass-Incl-Premium-Gig-Bag-Natural-gitara-basowa/669b862c-28c8-4324-89b4-bd36820bcb1b
L0560921;Epiphone Grabber Bass Incl Premium Gig Bag Ebony gitara basowa;0;https://b2b.laudacentral.eu/product-details/Epiphone-Grabber-Bass-Incl-Premium-Gig-Bag-Ebony-gitara-basowa/99144a65-40a6-420d-81d0-1656db758e52
L0560605;Epiphone Embassy Bass SBU Sparkling Burgundy gitara basowa;0;https://b2b.laudacentral.eu/product-details/Epiphone-Embassy-Bass-SBU-Sparkling-Burgundy-gitara-basowa/d1c74d21-9ba1-4fbb-b662-a34faaa8c147
L0560244;Epiphone DISC VIOLA BASS VS gitara basowa;1;https://b2b.laudacentral.eu/product-details/Epiphone-DISC-VIOLA-BASS-VS-gitara-basowa/e778be0f-abae-45f4-a8ea-42fddd62581c
L0560229;Epiphone THUNDERBIRD E1 VS Vintage Sunburst gitara basowa;0;https://b2b.laudacentral.eu/product-details/Epiphone-THUNDERBIRD-E1-VS-Vintage-Sunburst-gitara-basowa/12bb1a44-9b4b-495b-a0bb-42d649ba8ca8
L0560114;Epiphone DISC JACK CASADY BASS EB gitara basowa;0;https://b2b.laudacentral.eu/product-details/Epiphone-DISC-JACK-CASADY-BASS-EB--gitara-basowa/ccbfda88-b535-45e1-950d-351a3a926651
L0560067;Epiphone SG Bass EB 3 2 pickup EB Ebony gitara basowa;0;https://b2b.laudacentral.eu/product-details/Epiphone-SG-Bass-EB-3-2-pickup-EB-Ebony-gitara-basowa/d38f1b35-e632-44b8-aa7a-5e0f16baf62b
L0560066;Epiphone SG Bass EB 3 2 pickup CH Cherry gitara basowa;0;https://b2b.laudacentral.eu/product-details/Epiphone-SG-Bass-EB-3-2-pickup-CH-Cherry-gitara-basowa/837ded7a-69fc-46f6-a885-fb22d88c7146
L0560065;Epiphone SG Bass E1 CH Cherry gitara basowa;0;https://b2b.laudacentral.eu/product-details/Epiphone-SG-Bass-E1-CH-Cherry-gitara-basowa/a6c98396-28d1-48c3-937d-37c69682378d
L2050175;Arrow Silver A CE BLK Black gitara elektroakustyczna;1;https://b2b.laudacentral.eu/product-details/Arrow-Silver-A-CE-BLK-Black---gitara-elektroakustyczna/b3582d86-ca8c-4538-94b9-50b08272b214
L2050174;Arrow Silver A CE NT Natural gitara elektroakustyczna;1;https://b2b.laudacentral.eu/product-details/Arrow-Silver-A-CE-NT-Natural---gitara-elektroakustyczna/09b02e8f-cca3-4fb2-afcb-f9e4d720cab4
L2050167;Arrow Gold A CE BLK Black gitara elektroakustyczna;1;https://b2b.laudacentral.eu/product-details/Arrow-Gold-A-CE-BLK-Black---gitara-elektroakustyczna/e35b828e-2028-4ecf-801d-d2365401e646
L2050166;Arrow Silver D CE BLK Black gitara elektroakustyczna;1;https://b2b.laudacentral.eu/product-details/Arrow-Silver-D-CE-BLK-Black---gitara-elektroakustyczna/67b929c7-ee0e-43b9-8d18-dfc57e034d81
L2050103;Arrow Platinum Elite A CE SITRW SitkaRosewood gitara elektroakustyczna;0;https://b2b.laudacentral.eu/product-details/Arrow-Platinum-Elite-A-CE-SITRW-SitkaRosewood---gitara-elektroakustyczna/15fa0674-9467-4dc6-8167-a51e81bc1ae5
L2050102;Arrow Platinum Elite A CE MHMH MahoganyMahogany gitara elektroakustyczna;0;https://b2b.laudacentral.eu/product-details/Arrow-Platinum-Elite-A-CE-MHMH-MahoganyMahogany---gitara-elektroakustyczna/8651700a-b4d8-4646-982b-607e1f57e78e
L2050101;Arrow Platinum Elite D CE SITRW SitkaRosewood gitara elektroakustyczna;0;https://b2b.laudacentral.eu/product-details/Arrow-Platinum-Elite-D-CE-SITRW-SitkaRosewood---gitara-elektroakustyczna/20dd0cb4-1f41-4250-83c5-95eb1937fc1d
L2050099;Arrow Platinum Elite D CE MHMH MahoganyMahogany gitara elektroakustyczna;0;https://b2b.laudacentral.eu/product-details/Arrow-Platinum-Elite-D-CE-MHMH-MahoganyMahogany---gitara-elektroakustyczna/a8765bb7-f875-4e96-a6c9-08d8ebe5da58
L2050098;Arrow Platinum J CE SITRW SitkaRosewood gitara elektroakustyczna;0;https://b2b.laudacentral.eu/product-details/Arrow-Platinum-J-CE-SITRW-SitkaRosewood---gitara-elektroakustyczna/1a40e3af-a9d0-4b50-8c7c-b1c9804e8c88
L2050097;Arrow Platinum A CE SITRW SitkaRosewood gitara elektroakustyczna;0;https://b2b.laudacentral.eu/product-details/Arrow-Platinum-A-CE-SITRW-SitkaRosewood---gitara-elektroakustyczna/bb9d9583-6042-4128-9688-de6e5293e62c
L2050095;Arrow Platinum A CE SITMH Sitka Mahogany gitara elektroakustyczna;1;https://b2b.laudacentral.eu/product-details/Arrow-Platinum-A-CE-SITMH-Sitka-Mahogany---gitara-elektroakustyczna/e3710d6f-480a-4637-90d2-5eae69f765ed
L2050093;Arrow Platinum A CE MHMH MahoganyMahogany gitara elektroakustyczna;0;https://b2b.laudacentral.eu/product-details/Arrow-Platinum-A-CE-MHMH-MahoganyMahogany---gitara-elektroakustyczna/f55ad279-9218-4025-a273-c19785caa5fa
L2050091;Arrow Platinum D CE SITRW SitkaRosewood gitara elektroakustyczna;0;https://b2b.laudacentral.eu/product-details/Arrow-Platinum-D-CE-SITRW-SitkaRosewood---gitara-elektroakustyczna/3e94eb61-51e0-48df-ae46-0c1fa7ac3a62
L2050089;Arrow Platinum D CE SITMH Sitka Mahogany gitara elektroakustyczna;0;https://b2b.laudacentral.eu/product-details/Arrow-Platinum-D-CE-SITMH-Sitka-Mahogany---gitara-elektroakustyczna/dc011d93-0e76-4661-b077-e448b253d188
L2050087;Arrow Platinum D CE MHMH MahoganyMahogany gitara elektroakustyczna;0;https://b2b.laudacentral.eu/product-details/Arrow-Platinum-D-CE-MHMH-MahoganyMahogany---gitara-elektroakustyczna/f95b0350-65c9-41fb-800c-2f87ef1d0ab7
L2050085;Arrow Gold A CE NT Natural gitara elektroakustyczna;1;https://b2b.laudacentral.eu/product-details/Arrow-Gold-A-CE-NT-Natural---gitara-elektroakustyczna/a8976d36-0142-46c0-a5e6-735ed5aa3ed6
L2050084;Arrow Gold A SB Sunburst gitara akustyczna;1;https://b2b.laudacentral.eu/product-details/Arrow-Gold-A-SB-Sunburst---gitara-akustyczna/4ea99a0f-3772-411b-aad2-0c50c6662061
L2050080;Arrow Gold D CE NT Natural gitara elektroakustyczna;0;https://b2b.laudacentral.eu/product-details/Arrow-Gold-D-CE-NT-Natural---gitara-elektroakustyczna/b9d09771-9c40-4255-a046-7be91dea95f9
L2050075;Arrow Silver D CE NT Natural gitara elektroakustyczna;1;https://b2b.laudacentral.eu/product-details/Arrow-Silver-D-CE-NT-Natural---gitara-elektroakustyczna/bf62252f-deac-42df-a34d-748d4e1e04a1
L2050009;Arrow DISC Silver CE NT Natural gitara elektro akustyczna;0;https://b2b.laudacentral.eu/product-details/Arrow-DISC-Silver-CE-NT-Natural----gitara-elektro-akustyczna/8f114e2e-4a50-4f3d-97c7-dd716fcc757d
L0561129;Epiphone SG Tribute Plus Left handed Vintage Sunburst gitara elektro akustyczna;0;https://b2b.laudacentral.eu/product-details/Epiphone--SG-Tribute-Plus---Left-handed-Vintage-Sunburst-gitara-elektro-akustyczna/1130af0e-f7d5-4304-b290-2a3154b2a945
L0561125;Epiphone Les Paul Tribute Plus Left handed Ebony Burst gitara elektro akustyczna;0;https://b2b.laudacentral.eu/product-details/Epiphone--Les-Paul-Tribute-Plus---Left-handed-Ebony-Burst-gitara-elektro-akustyczna/1d65ffd1-567a-4519-a9f2-328d47db4692
L0561123;Epiphone Blues King Studio left handed Ebony gitara elektro akustyczna;0;https://b2b.laudacentral.eu/product-details/Epiphone--Blues-King-Studio---left-handed-Ebony-gitara-elektro-akustyczna/6b6a4417-8935-4dfc-add4-c511071b88e3
L0561122;Epiphone Blues King Studio left handed Dark Burst gitara elektro akustyczna;0;https://b2b.laudacentral.eu/product-details/Epiphone--Blues-King-Studio---left-handed-Dark-Burst-gitara-elektro-akustyczna/fee5a8f6-30ef-413e-b922-e479374c53e6
L0561121;Epiphone Blues King Studio Ebony gitara elektro akustyczna;0;https://b2b.laudacentral.eu/product-details/Epiphone--Blues-King-Studio-Ebony-gitara-elektro-akustyczna/00eb725c-bf54-4e25-a392-d777814c81d6
L0561120;Epiphone Blues King Studio Dark Burst gitara elektro akustyczna;0;https://b2b.laudacentral.eu/product-details/Epiphone--Blues-King-Studio-Dark-Burst-gitara-elektro-akustyczna/b4efddbb-a728-4b39-b175-a0f5d23325c4
L0561119;Epiphone J 45 Studio EC left handed Natural gitara elektro akustyczna;0;https://b2b.laudacentral.eu/product-details/Epiphone--J-45-Studio-EC---left-handed-Natural-gitara-elektro-akustyczna/637167c4-8bdb-4b0a-aef2-94742a971eaa
L0561118;Epiphone J 45 Studio EC left handed Vintage Sunburst gitara elektro akustyczna;0;https://b2b.laudacentral.eu/product-details/Epiphone--J-45-Studio-EC---left-handed-Vintage-Sunburst-gitara-elektro-akustyczna/204ad674-2a33-4fa0-b41b-21f1b2143ef7
L0561117;Epiphone J 45 Studio left handed Natural gitara elektro akustyczna;0;https://b2b.laudacentral.eu/product-details/Epiphone--J-45-Studio---left-handed-Natural-gitara-elektro-akustyczna/d52a58e5-00c4-4e23-b919-ae633b22122c
L0561116;Epiphone J 45 Studio left handed Vintage Sunburst gitara elektro akustyczna;0;https://b2b.laudacentral.eu/product-details/Epiphone--J-45-Studio---left-handed-Vintage-Sunburst-gitara-elektro-akustyczna/eabbf116-294e-480c-942a-b4d6c0432bf8
L0561115;Epiphone Hummingbird Studio EC left handed Natural gitara elektro akustyczna;0;https://b2b.laudacentral.eu/product-details/Epiphone--Hummingbird-Studio-EC---left-handed-Natural-gitara-elektro-akustyczna/06457c89-79cc-4e87-b7d3-2a98b0adaef9
L0561114;Epiphone Hummingbird Studio EC left handed Heritage Cherry Sunburst gitara elektro akustyczna;0;https://b2b.laudacentral.eu/product-details/Epiphone--Hummingbird-Studio-EC---left-handed-Heritage-Cherry-Sunburst-gitara-elektro-akustyczna/e91e7861-c8e7-4f2c-a316-b6343036aac6
L0561113;Epiphone Hummingbird Studio EC Natural gitara elektro akustyczna;0;https://b2b.laudacentral.eu/product-details/Epiphone--Hummingbird-Studio-EC-Natural-gitara-elektro-akustyczna/38558c5f-f22f-479b-90bc-2989b3b99e8c
L0561112;Epiphone Hummingbird Studio EC Heritage Cherry Sunburst gitara elektro akustyczna;0;https://b2b.laudacentral.eu/product-details/Epiphone--Hummingbird-Studio-EC-Heritage-Cherry-Sunburst-gitara-elektro-akustyczna/901c51e2-114b-4a70-a659-1198fc77ec50
L0561111;Epiphone Hummingbird Studio left handed Natural gitara elektro akustyczna;0;https://b2b.laudacentral.eu/product-details/Epiphone--Hummingbird-Studio---left-handed-Natural-gitara-elektro-akustyczna/c2f99f01-3395-4fe1-aa17-c9c02fc668cb
L0561110;Epiphone Hummingbird Studio left handed Heritage Cherry Sunburst gitara elektro akustyczna;0;https://b2b.laudacentral.eu/product-details/Epiphone--Hummingbird-Studio---left-handed-Heritage-Cherry-Sunburst-gitara-elektro-akustyczna/e2fa8119-8a88-4c3e-9003-22159fdcd668
L0561109;Epiphone Dove Studio left handed Natural gitara elektro akustyczna;0;https://b2b.laudacentral.eu/product-details/Epiphone--Dove-Studio---left-handed-Natural-gitara-elektro-akustyczna/e4003f0f-ad0f-4ffd-abe1-a77fabdc89a6
L0561108;Epiphone Dove Studio Natural gitara elektro akustyczna;0;https://b2b.laudacentral.eu/product-details/Epiphone--Dove-Studio-Natural-gitara-elektro-akustyczna/67b5f2c8-4fe4-469c-a316-af22b7c3f22f
L0561107;Epiphone J 200 Studio EC left handed Vintage Sunburst gitara elektro akustyczna;0;https://b2b.laudacentral.eu/product-details/Epiphone--J-200-Studio-EC---left-handed-Vintage-Sunburst-gitara-elektro-akustyczna/e1dcf717-90b2-466d-9a69-fed68eb34361
L0561106;Epiphone J 200 Studio EC left handed Natural gitara elektro akustyczna;0;https://b2b.laudacentral.eu/product-details/Epiphone--J-200-Studio-EC---left-handed-Natural-gitara-elektro-akustyczna/a2271c6e-5631-4978-991a-3340398b2898
L0561105;Epiphone J 200 Studio left handed Natural gitara elektro akustyczna;0;https://b2b.laudacentral.eu/product-details/Epiphone--J-200-Studio---left-handed-Natural-gitara-elektro-akustyczna/90c6b392-9f68-4631-8708-5547e8a76270
L0561104;Epiphone J 200 Studio left handed Vintage Sunburst gitara elektro akustyczna;0;https://b2b.laudacentral.eu/product-details/Epiphone--J-200-Studio---left-handed-Vintage-Sunburst-gitara-elektro-akustyczna/44ea08c9-333a-4cc1-95a2-b723d78f933c
L0561071;Epiphone J 45 Studio EC Vintage Sunburst gitara elektroakustyczna;0;https://b2b.laudacentral.eu/product-details/Epiphone-J-45-Studio-EC-Vintage-Sunburst-gitara-elektroakustyczna/209789e7-bef5-462b-b1a9-77e842d27f66
L0561070;Epiphone J 45 Studio EC Natural gitara elektroakustyczna;0;https://b2b.laudacentral.eu/product-details/Epiphone-J-45-Studio-EC-Natural-gitara-elektroakustyczna/95cea457-2434-4366-b2bb-9178ade93e23
L0561066;Epiphone J 200 Studio Vintage Sunburst gitara elektroakustyczna;0;https://b2b.laudacentral.eu/product-details/Epiphone-J-200-Studio-Vintage-Sunburst-gitara-elektroakustyczna/72776558-b865-49c2-ab77-0c98307004fa
L0561065;Epiphone J 200 Studio EC Vintage Sunburst gitara elektroakustyczna;0;https://b2b.laudacentral.eu/product-details/Epiphone-J-200-Studio-EC-Vintage-Sunburst-gitara-elektroakustyczna/24f19f00-a313-4653-9903-5108a03ee7f9
L0561064;Epiphone J 200 Studio EC Natural gitara elektroakustyczna;0;https://b2b.laudacentral.eu/product-details/Epiphone-J-200-Studio-EC-Natural-gitara-elektroakustyczna/80bd722b-56f7-4a64-a554-8930266a215d
L0561063;Epiphone J 200 Studio Natural gitara elektroakustyczna;0;https://b2b.laudacentral.eu/product-details/Epiphone-J-200-Studio-Natural-gitara-elektroakustyczna/1fe8d0f6-6498-468a-a362-4a8ac1c9c94a
L0561062;Epiphone Hummingbird Studio Heritage Cherry Sunburst gitara elektroakustyczna;0;https://b2b.laudacentral.eu/product-details/Epiphone-Hummingbird-Studio-Heritage-Cherry-Sunburst-gitara-elektroakustyczna/3bb53bbf-4b8d-42fa-8c4d-bf050618db0d
L0561061;Epiphone Hummingbird Studio Natural gitara elektroakustyczna;0;https://b2b.laudacentral.eu/product-details/Epiphone-Hummingbird-Studio-Natural-gitara-elektroakustyczna/ceec7a89-88e6-45f1-817d-5f76fd6a08cf
L0561030;Epiphone L 00 Standard Left handed Vintage Sunburst gitara elektro akustyczna leworeczna;0;https://b2b.laudacentral.eu/product-details/Epiphone-L-00-Standard---Left-handed-Vintage-Sunburst-gitara-elektro-akustyczna-leworeczna/b739e20a-9414-4566-9b59-9215695912fa
L0561029;Epiphone L 00 Standard Vintage Sunburst gitara elektro akustyczna;0;https://b2b.laudacentral.eu/product-details/Epiphone-L-00-Standard-Vintage-Sunburst-gitara-elektro-akustyczna/7d4cfc5b-3328-4248-9673-377e295bc233
L0561028;Epiphone J 45 Standard EC Honey Burst gitara elektro akustyczna;0;https://b2b.laudacentral.eu/product-details/Epiphone-J-45-Standard-EC-Honey-Burst-gitara-elektro-akustyczna/03b41bca-9dbb-44ba-9a7a-263613d4a73e
L0561027;Epiphone J 45 Standard EC Vintage Sunburst gitara elektro akustyczna;0;https://b2b.laudacentral.eu/product-details/Epiphone-J-45-Standard-EC-Vintage-Sunburst-gitara-elektro-akustyczna/7565da0d-2544-4751-a940-71f104884698
L0561026;Epiphone J 45 Standard Left handed Vintage Sunburst gitara elektro akustyczna leworeczna;0;https://b2b.laudacentral.eu/product-details/Epiphone-J-45-Standard---Left-handed-Vintage-Sunburst-gitara-elektro-akustyczna-leworeczna/9652a8c5-5a8b-4933-8b24-efcfb34198d0
L0561025;Epiphone J 45 Standard Vintage Sunburst gitara elektro akustyczna;0;https://b2b.laudacentral.eu/product-details/Epiphone-J-45-Standard-Vintage-Sunburst-gitara-elektro-akustyczna/fec6b7b0-251a-43dc-ae0f-50b78601f413
L0561024;Epiphone Hummingbird Standard EC Natural gitara elektro akustyczna;0;https://b2b.laudacentral.eu/product-details/Epiphone-Hummingbird-Standard-EC-Natural-gitara-elektro-akustyczna/a7d4839b-1d6e-480d-9018-6b31ea99f3d6
L0561023;Epiphone Hummingbird Standard EC Cherry Sunburst gitara elektro akustyczna;0;https://b2b.laudacentral.eu/product-details/Epiphone-Hummingbird-Standard-EC-Cherry-Sunburst-gitara-elektro-akustyczna/241f01d4-7bba-4bce-ae55-4ed5bf33e68f
L0561022;Epiphone Hummingbird Standard Left handed Cherry Sunburst gitara elektro akustyczna leworeczna;0;https://b2b.laudacentral.eu/product-details/Epiphone-Hummingbird-Standard---Left-handed-Cherry-Sunburst-gitara-elektro-akustyczna-leworeczna/4f8208db-5204-47ff-9751-eeef7b1304fd
L0561021;Epiphone Hummingbird Standard Cherry Sunburst gitara elektro akustyczna;1;https://b2b.laudacentral.eu/product-details/Epiphone-Hummingbird-Standard-Cherry-Sunburst-gitara-elektro-akustyczna/32765023-4df4-4142-b653-fd70a4e193cc
L0561016;Epiphone Hummingbird Deluxe EC Natural gitara elektro akustyczna;0;https://b2b.laudacentral.eu/product-details/Epiphone-Hummingbird-Deluxe-EC-Natural-gitara-elektro-akustyczna/52e473d6-7261-4214-a3c6-66e29e00ae2d
L0561015;Epiphone Hummingbird Deluxe EC Autumn Burst gitara elektro akustyczna;0;https://b2b.laudacentral.eu/product-details/Epiphone-Hummingbird-Deluxe-EC-Autumn-Burst-gitara-elektro-akustyczna/9f74a280-7bcf-4970-b1fa-38a93d2e8389
L0561010;Epiphone 1963 Dove Reissue Left handed Natural gitara elektro akustyczna leworeczna;0;https://b2b.laudacentral.eu/product-details/Epiphone-1963-Dove-Reissue---Left-handed-Natural-gitara-elektro-akustyczna-leworeczna/4a236cc2-e822-4bc7-99be-9e0b501a6203
L0561009;Epiphone 1963 Dove Reissue Natural gitara elektro akustyczna;0;https://b2b.laudacentral.eu/product-details/Epiphone-1963-Dove-Reissue-Natural-gitara-elektro-akustyczna/bb08af6d-6214-4838-8e80-db0dd27d650f
L0561005;Epiphone 1960 Hummingbird Reissue Left handed Heritage Cherry Sunburst gitara elektro akustyczna leworeczna;0;https://b2b.laudacentral.eu/product-details/Epiphone-1960-Hummingbird-Reissue---Left-handed-Heritage-Cherry-Sunburst-gitara-elektro-akustyczna-leworeczna/2d0269e0-0dab-4b04-b44a-59078200c760
L0561004;Epiphone 1960 Hummingbird Reissue Heritage Cherry Sunburst gitara elektro akustyczna;0;https://b2b.laudacentral.eu/product-details/Epiphone-1960-Hummingbird-Reissue-Heritage-Cherry-Sunburst-gitara-elektro-akustyczna/ea52f4cc-c40d-4bcb-b3df-b50bac2686b2
L0560999;Epiphone 1942 Banner J 45 Reissue Left handed Vintage Sunburst gitara elektro akustyczna leworeczna;0;https://b2b.laudacentral.eu/product-details/Epiphone-1942-Banner-J-45-Reissue--Left-handed-Vintage-Sunburst-gitara-elektro-akustyczna-leworeczna/0aec986e-9ff3-442b-b973-ab887831fc36
L0560998;Epiphone 1942 Banner J 45 Reissue Vintage Sunburst gitara elektro akustyczna;0;https://b2b.laudacentral.eu/product-details/Epiphone-1942-Banner-J-45-Reissue-Vintage-Sunburst-gitara-elektro-akustyczna/194c1db1-8771-49e9-8fa3-265f0132f9c8
L0560997;Epiphone Pre War SJ 200 Rosewood Reissue Left handed Vintage Sunburst gitara elektro akustyczna leworeczna;0;https://b2b.laudacentral.eu/product-details/Epiphone-Pre-War-SJ-200-Rosewood-Reissue---Left-handed-Vintage-Sunburst-gitara-elektro-akustyczna-leworeczna/44b717fd-2bf0-41bf-97f1-449fadcfa290
L0560996;Epiphone Pre War SJ 200 Rosewood Reissue Vintage Sunburst gitara elektro akustyczna;0;https://b2b.laudacentral.eu/product-details/Epiphone-Pre-War-SJ-200-Rosewood-Reissue-Vintage-Sunburst-gitara-elektro-akustyczna/adc55b4d-bdfa-4180-97a9-796f220c1ee0
L0560995;Epiphone 1957 SJ 200 Reissue Vintage Sunburst gitara elektro akustyczna;0;https://b2b.laudacentral.eu/product-details/Epiphone-1957-SJ-200-Reissue-Vintage-Sunburst-gitara-elektro-akustyczna/ead7c4ba-9be6-4631-83fd-264410a22294
L0560994;Epiphone 1957 SJ 200 Reissue Antique Natural gitara elektro akustyczna;0;https://b2b.laudacentral.eu/product-details/Epiphone-1957-SJ-200-Reissue-Antique-Natural-gitara-elektro-akustyczna/86141fd7-15dd-4056-8572-4ddab2ad0f75
L0560951;Epiphone Miranda Lambert Bluebird Solid Top Incl Hard Case Bluebonnet gitara elektro akustyczna;0;https://b2b.laudacentral.eu/product-details/Epiphone-Miranda-Lambert-Bluebird-Solid-Top-Incl-Hard-Case-Bluebonnet-gitara-elektro-akustyczna/14c32519-4526-44c4-be02-3185c52938a3
L0560612;Epiphone DISC J 45 EC AVS Solid Wood Fishman Presys II gitara elektroakustyczna;0;https://b2b.laudacentral.eu/product-details/Epiphone-DISC-J-45-EC-AVS-Solid-Wood-Fishman-Presys-II-gitara-elektroakustyczna/f571ad5a-a959-4f14-b021-5506aaa4f422
L0560525;Epiphone DISC Masterbilt Texan FCA Faded Cherry gitara elektro akustyczna;0;https://b2b.laudacentral.eu/product-details/Epiphone-DISC-Masterbilt-Texan-FCA-Faded-Cherry-gitara-elektro-akustyczna/94c8709e-bd93-49ed-967b-99be91adafff
L0560524;Epiphone Masterbilt Texan ANA Antique Natural gitara elektro akustyczna;0;https://b2b.laudacentral.eu/product-details/Epiphone-Masterbilt-Texan-ANA-Antique-Natural-gitara-elektro-akustyczna/f5542d85-148c-4b02-87ea-747242d89d34
L0560073;Epiphone DISC J 200EC Studio Solid Top Fishman Sonitone BK Black gitara elektro akustyczna;0;https://b2b.laudacentral.eu/product-details/Epiphone-DISC-J-200EC-Studio-Solid-Top-Fishman-Sonitone-BK-Black-gitara-elektro-akustyczna/0ee8ee4c-b4c1-4cb9-b7a8-507f5c41b532
L0560050;Epiphone DOBRO HOUND DOG DELUXE ROUND NECK gitara Dobro;0;https://b2b.laudacentral.eu/product-details/Epiphone-DOBRO-HOUND-DOG-DELUXE-ROUND-NECK-gitara-Dobro/cbced5ce-618e-4d10-8269-c3e618855a8a
L2050158;Arrow Antimyth FR22 Abyss Black Rosewood gitara elektryczna;1;https://b2b.laudacentral.eu/product-details/Arrow-Antimyth-FR22-Abyss-Black-Rosewood---gitara-elektryczna/edc52f35-f267-42e6-82bd-047b8466c7f8
L2050157;Arrow Antimyth FR22 Abyss Black Matt Rosewood gitara elektryczna;1;https://b2b.laudacentral.eu/product-details/Arrow-Antimyth-FR22-Abyss-Black-Matt-Rosewood---gitara-elektryczna/e36ffc09-a8db-4fba-b29e-6a2bb14c498b
L2050156;Arrow Antimyth FR22 Plasma Rosewood gitara elektryczna;0;https://b2b.laudacentral.eu/product-details/Arrow-Antimyth-FR22-Plasma-Rosewood---gitara-elektryczna/a89f11fd-dd43-410d-91d1-05d0caa3d0ce
L2050155;Arrow Riffster LP 22 Flame Burst RD RosewoodCream gitara elektryczna;1;https://b2b.laudacentral.eu/product-details/Arrow-Riffster-LP-22-Flame-Burst-RD-RosewoodCream-gitara-elektryczna/95c24abc-28d7-4124-8318-50987d1e56b3
L2050154;Arrow Riffster LP 22 Flame Burst CS RosewoodCream gitara elektryczna;1;https://b2b.laudacentral.eu/product-details/Arrow-Riffster-LP-22-Flame-Burst-CS-RosewoodCream-gitara-elektryczna/64b3700e-cb5e-4ecb-a9af-fcf35309bed9
L2050152;Arrow Riffster LP 22 Abyss Black RosewoodCream Gold HW gitara elektryczna;1;https://b2b.laudacentral.eu/product-details/Arrow-Riffster-LP-22-Abyss-Black-RosewoodCream-Gold-HW-gitara-elektryczna/6aa4da31-2282-4aa7-a8f4-db9cfd346d7b
L2050151;Arrow Riffster LP 22 Cherry Burst RosewoodCream gitara elektryczna;1;https://b2b.laudacentral.eu/product-details/Arrow-Riffster-LP-22-Cherry-Burst-RosewoodCream-gitara-elektryczna/88dbe76a-d2df-43a3-97e7-2593d43fcab7
L2050148;Arrow Antimyth AM 22 Graphite Rosewood gitara elektryczna;1;https://b2b.laudacentral.eu/product-details/Arrow-Antimyth-AM-22-Graphite-Rosewood-gitara-elektryczna/22f87b32-a473-444c-a0b7-5ed58db62e1a
L2050147;Arrow Antimyth AM 22 Pearl Red Rosewood gitara elektryczna;0;https://b2b.laudacentral.eu/product-details/Arrow-Antimyth-AM-22-Pearl-Red-Rosewood-gitara-elektryczna/48009d6b-ca8b-4c6d-9341-27fa26ea018f
L2050146;Arrow Antimyth AM 22 Plasma Rosewood gitara elektryczna;0;https://b2b.laudacentral.eu/product-details/Arrow-Antimyth-AM-22-Plasma-Rosewood-gitara-elektryczna/02ed2476-fec2-4cca-8c55-1718b841cf40
L2050145;Arrow Antimyth AM 22 Abyss Rosewood gitara elektryczna;0;https://b2b.laudacentral.eu/product-details/Arrow-Antimyth-AM-22-Abyss-Rosewood-gitara-elektryczna/3473f9b7-4ef3-4001-aee8-c5d2591e2559
L2050144;Arrow Twincut SG22 Banana Custard RosewoodBlack;1;https://b2b.laudacentral.eu/product-details/Arrow-Twincut-SG22-Banana-Custard-RosewoodBlack/f673fcaa-2d5b-4c0d-918d-9e5462952749
L2050143;Arrow Twincut SG22 Abyss Black RosewoodBlack;0;https://b2b.laudacentral.eu/product-details/Arrow-Twincut-SG22-Abyss-Black-RosewoodBlack/577bcbc2-c68f-4fc0-806e-78641fc9528f
L2050142;Arrow Twincut SG22 Cherry Pie RosewoodBlack;0;https://b2b.laudacentral.eu/product-details/Arrow-Twincut-SG22-Cherry-Pie-RosewoodBlack/345460af-7cf2-43ea-abdd-567e177953e9
L2050133;Arrow Telico TL 11 Concrete Matt RosewoodBlack gitara elektryczna;0;https://b2b.laudacentral.eu/product-details/Arrow-Telico-TL-11-Concrete-Matt-RosewoodBlack-gitara-elektryczna/f93bb1b1-e6bf-4912-afa6-497fc4eb8ca9
L2050132;Arrow Telico TL 11 Tobacco Burst RosewoodWhite gitara elektryczna;1;https://b2b.laudacentral.eu/product-details/Arrow-Telico-TL-11-Tobacco-Burst-RosewoodWhite-gitara-elektryczna/862ca6fc-8ec8-47cf-9802-7414d553ccb1
L2050131;Arrow Telico TL 22 Abyss Black Rosewood gitara elektryczna;1;https://b2b.laudacentral.eu/product-details/Arrow-Telico-TL-22-Abyss-Black-Rosewood-gitara-elektryczna/3389362b-90df-4453-a2cb-9f545840cf6b
L2050130;Arrow Telico TL 11 Natural MapleBlack gitara elektryczna;1;https://b2b.laudacentral.eu/product-details/Arrow-Telico-TL-11-Natural-MapleBlack-gitara-elektryczna/1c8f7adf-09e2-4b59-808f-3eb619907ac3
L2050129;Arrow Telico TL 11 Peanut Butter MapleBlack gitara elektryczna;1;https://b2b.laudacentral.eu/product-details/Arrow-Telico-TL-11-Peanut-Butter-MapleBlack-gitara-elektryczna/9c63dae0-0c66-4546-bbb7-166c42fa70f6
L2050128;Arrow Tonecaster ST 211 Snow White RosewoodWhite gitara elektryczna;1;https://b2b.laudacentral.eu/product-details/Arrow-Tonecaster-ST-211-Snow-White-RosewoodWhite-gitara-elektryczna/80ea4d91-f845-437f-9ea3-d4ffcd938df1
L2050127;Arrow Tonecaster ST 211 Hot RoosterRosewoodWhite gitara elektryczna;1;https://b2b.laudacentral.eu/product-details/Arrow-Tonecaster-ST-211-Hot-RoosterRosewoodWhite-gitara-elektryczna/dc99e73a-654e-4ce3-adb6-a3dbf4c637f4
L2050126;Arrow Tonecaster ST 211 Abyss Black RosewoodWhite gitara elektryczna;1;https://b2b.laudacentral.eu/product-details/Arrow-Tonecaster-ST-211-Abyss-Black-RosewoodWhite-gitara-elektryczna/512a7202-b6d8-4e9a-90da-7c1961278146
L2050125;Arrow Tonecaster ST 211 Abyss Black MapleT shell gitara elektryczna;1;https://b2b.laudacentral.eu/product-details/Arrow-Tonecaster-ST-211-Abyss-Black-MapleT-shell-gitara-elektryczna/47ca7091-d929-4d4a-a4a0-7ea0591ae1fd
L2050124;Arrow Tonecaster ST 211 Abyss Black RosewoodT shell gitara elektryczna;1;https://b2b.laudacentral.eu/product-details/Arrow-Tonecaster-ST-211-Abyss-Black-RosewoodT-shell-gitara-elektryczna/a8e0356f-66f9-4d57-87b8-015a21ffd35a
L2050123;Arrow Tonecaster ST 211 Abyss Black RosewoodBlack gitara elektryczna;1;https://b2b.laudacentral.eu/product-details/Arrow-Tonecaster-ST-211-Abyss-Black-RosewoodBlack-gitara-elektryczna/4dc0d619-2fae-40b1-865e-a543a1574965
L2050122;Arrow Tonecaster ST 211 Biscuit RosewoodWhite gitara elektryczna;1;https://b2b.laudacentral.eu/product-details/Arrow-Tonecaster-ST-211-Biscuit-RosewoodWhite-gitara-elektryczna/5e75dca1-17f2-4d58-ab76-414521faa4f9
L2050121;Arrow Tonecaster ST 211 Tobacco Burst RosewoodWhite gitara elektryczna;1;https://b2b.laudacentral.eu/product-details/Arrow-Tonecaster-ST-211-Tobacco-Burst-RosewoodWhite-gitara-elektryczna/414a523a-2f1d-4738-91ed-49d3ce869736
L2050120;Arrow Tonecaster ST 111 Seafoam RosewoodWhite gitara elektryczna;1;https://b2b.laudacentral.eu/product-details/Arrow-Tonecaster-ST-111-Seafoam-RosewoodWhite-gitara-elektryczna/5414c05f-f26b-4861-bbcb-9a465330cf3a
L2050119;Arrow Tonecaster ST 111 Bubblegum RosewoodWhite gitara elektryczna;0;https://b2b.laudacentral.eu/product-details/Arrow-Tonecaster-ST-111-Bubblegum-RosewoodWhite-gitara-elektryczna/1056da7b-99ad-4f2a-841c-15a31c84b813
L2050118;Arrow Tonecaster ST 111 Snow White RosewoodWhite gitara elektryczna;1;https://b2b.laudacentral.eu/product-details/Arrow-Tonecaster-ST-111-Snow-White-RosewoodWhite-gitara-elektryczna/4f100502-8479-4d63-8b16-5457f5e0896b
L2050117;Arrow Tonecaster ST 111 Oceanic MapleWhite gitara elektryczna;1;https://b2b.laudacentral.eu/product-details/Arrow-Tonecaster-ST-111-Oceanic-MapleWhite-gitara-elektryczna/6a76f0ba-df30-450f-aec3-4cd1ff1b26c9
L2050116;Arrow Tonecaster ST 111 Hot Rooster RosewoodWhite gitara elektryczna;1;https://b2b.laudacentral.eu/product-details/Arrow-Tonecaster-ST-111-Hot-Rooster-RosewoodWhite-gitara-elektryczna/552fcd83-4708-4a3a-94b6-8352d21973fb
L2050115;Arrow Tonecaster ST 111 Hot Rooster MapleWhite gitara elektryczna;1;https://b2b.laudacentral.eu/product-details/Arrow-Tonecaster-ST-111-Hot-Rooster-MapleWhite-gitara-elektryczna/94ab3e4f-b80f-4af6-9a9e-c075ee66cec4
L2050114;Arrow Tonecaster ST 111 Abyss Black RosewoodWhite gitara elektryczna;1;https://b2b.laudacentral.eu/product-details/Arrow-Tonecaster-ST-111-Abyss-Black-RosewoodWhite-gitara-elektryczna/841478d5-8818-4f89-b925-cd4f95cf4636
L2050113;Arrow Tonecaster ST 111 Abyss Black RosewoodT shell gitara elektryczna;1;https://b2b.laudacentral.eu/product-details/Arrow-Tonecaster-ST-111-Abyss-Black-RosewoodT-shell-gitara-elektryczna/2eb59f5b-b1b4-470b-b135-19ac2deb1845
L2050112;Arrow Tonecaster ST 111 Biscuit MapleWhite gitara elektryczna;1;https://b2b.laudacentral.eu/product-details/Arrow-Tonecaster-ST-111-Biscuit-MapleWhite-gitara-elektryczna/3f8dee1e-6a22-4b8c-91e5-6594edf10e54
L2050111;Arrow Tonecaster ST 111 Tobacco Burst RosewoodWhite gitara elektryczna;1;https://b2b.laudacentral.eu/product-details/Arrow-Tonecaster-ST-111-Tobacco-Burst-RosewoodWhite-gitara-elektryczna/4c63fbfb-4d34-4407-a42b-f2efccbe82d1
L2050052;Arrow DISC SG22 Cherry RosewoodBlack gitara elektryczna;0;https://b2b.laudacentral.eu/product-details/Arrow-DISC-SG22-Cherry-RosewoodBlack-gitara-elektryczna/733203d0-278a-4bf3-bdc8-89dd52bb5a68
L2050048;Arrow DISC LP 22 Active Night Black Mat Rosewood gitara elektryczna;0;https://b2b.laudacentral.eu/product-details/Arrow-DISC-LP-22-Active-Night-Black-Mat-Rosewood-gitara-elektryczna/8260c92f-e3c5-4866-b294-1638d4788fdc
L2050047;Arrow DISC LP 22 Open Black RosewoodCream gitara elektryczna;0;https://b2b.laudacentral.eu/product-details/Arrow-DISC-LP-22-Open-Black-RosewoodCream-gitara-elektryczna/20d02f5a-1fff-4c6c-8d8d-f4c1b5cbdcd1
L2050046;Arrow DISC TL 22 Deep Black Rosewood gitara elektryczna;0;https://b2b.laudacentral.eu/product-details/Arrow-DISC-TL-22-Deep-Black-Rosewood-gitara-elektryczna/2405a8df-d274-4067-911a-9657588fc5d8
L2050044;Arrow DISC TL 22 Mat Black Rosewood T shell gitara elektryczna;0;https://b2b.laudacentral.eu/product-details/Arrow-DISC-TL-22-Mat-Black-Rosewood-T-shell-gitara-elektryczna/055beb30-3cf7-43e3-980e-9252c9f7299b
L2050042;Arrow DISC ST 211 Deep Black RosewoodT shell gitara elektryczna;0;https://b2b.laudacentral.eu/product-details/Arrow-DISC-ST-211-Deep-Black-RosewoodT-shell-gitara-elektryczna/8ece5972-26aa-48f3-8e71-2dc642683871
L2050041;Arrow DISC ST 211 Amburst Rosewoodwhite gitara elektryczna;0;https://b2b.laudacentral.eu/product-details/Arrow-DISC-ST-211-Amburst-Rosewoodwhite-gitara-elektryczna/f4c1d863-6f53-4a4b-aa76-5e07ecb3bbb4
L2050039;Arrow DISC ST 211 Snow White Rosewoodwhite gitara elektryczna;0;https://b2b.laudacentral.eu/product-details/Arrow-DISC-ST-211-Snow-White-Rosewoodwhite-gitara-elektryczna/4ad185b9-f453-459b-afc0-0b8e2502aa24
L2050037;Arrow DISC ST 211 Diamond Red Rosewoodwhite gitara elektryczna;0;https://b2b.laudacentral.eu/product-details/Arrow-DISC-ST-211-Diamond-Red-Rosewoodwhite-gitara-elektryczna/5afecb47-8ec6-462a-969d-3b88dfd409be
L2050032;Arrow DISC ST 111 Snow White Rosewoodwhite gitara elektryczna;0;https://b2b.laudacentral.eu/product-details/Arrow-DISC-ST-111-Snow-White-Rosewoodwhite-gitara-elektryczna/7c3b9894-e422-4ccf-8ed3-562befd0b1ce
L2050028;Arrow DISC ST 111 Deep Black Rosewoodwhite gitara elektryczna;1;https://b2b.laudacentral.eu/product-details/Arrow-DISC-ST-111-Deep-Black-Rosewoodwhite-gitara-elektryczna/8b094aec-830e-4a47-904d-f756d409a952
L0702838;Gibson EXCLUSIVE Les Paul Standard 60s AAA Figured Top Aged Green Lemon Fade GIT ELE;1;https://b2b.laudacentral.eu/product-details/Gibson-EXCLUSIVE-Les-Paul-Standard-60s-AAA-Figured-Top-Aged-Green-Lemon-Fade---GIT-ELE/9b155ebe-7ab9-47bb-8ea5-28ca5b02b1f4
L0702834;Gibson EXCLUSIVE Les Paul Special Faded TV Yellow Satin GIT ELE;0;https://b2b.laudacentral.eu/product-details/Gibson-EXCLUSIVE-Les-Paul-Special-Faded-TV-Yellow-Satin---GIT-ELE/ff495a68-58c0-436c-809b-c1b80cda36c7
L0702779;Gibson ES 335 50s Vintage Natural GIT ELE;0;https://b2b.laudacentral.eu/product-details/Gibson-ES-335-50s-Vintage-Natural---GIT-ELE/5a7fbacb-7340-4fa1-af4e-e16eaf3909a4
L0702778;Gibson Victory Figured Cherry Burst GIT ELE;0;https://b2b.laudacentral.eu/product-details/Gibson-Victory-Figured-Cherry-Burst---GIT-ELE/493d37b3-7ffe-460d-97fa-e7fe93afc0a4
L0702777;Gibson Victory Figured Cobalt Burst GIT ELE;0;https://b2b.laudacentral.eu/product-details/Gibson-Victory-Figured-Cobalt-Burst---GIT-ELE/c920fed9-ca02-42d4-94f7-e5a86468bbeb
L0702774;Gibson Victory Floyd Rose Deep Ocean Burst GIT ELE;0;https://b2b.laudacentral.eu/product-details/Gibson-Victory-Floyd-Rose-Deep-Ocean-Burst---GIT-ELE/b0f97381-e920-418b-8c48-b12fc855bf78
L0702773;Gibson Victory Floyd Rose Iguana Burst GIT ELE;0;https://b2b.laudacentral.eu/product-details/Gibson-Victory-Floyd-Rose-Iguana-Burst---GIT-ELE/1d556d9e-bb31-4d12-937c-956ccbaf2b18
L0702772;Gibson Victory Floyd Rose Translucent Ebony Burst GIT ELE;0;https://b2b.laudacentral.eu/product-details/Gibson-Victory-Floyd-Rose-Translucent-Ebony-Burst----GIT-ELE/6e245049-a600-4c33-a568-8e1b64d5c6e2
L0702769;Gibson SG Supreme Ebony GIT ELE;0;https://b2b.laudacentral.eu/product-details/Gibson-SG-Supreme-Ebony---GIT-ELE/988e5288-9992-4629-adf8-e0b6f0cd4cdf
L0702768;Gibson ES Supreme Ebony GIT ELE;0;https://b2b.laudacentral.eu/product-details/Gibson-ES-Supreme-Ebony---GIT-ELE/32e452e3-ab0a-42bf-8ec9-5228d8809008
L0702767;Gibson EXCLUSIVE Les Paul Standard 60s AAA Exclusive Cherry Sunburst GIT ELE;1;https://b2b.laudacentral.eu/product-details/Gibson-EXCLUSIVE-Les-Paul-Standard-60s-AAA-Exclusive-Cherry-Sunburst---GIT-ELE/fe28d75b-2fa6-425b-afbb-662dbcbd70ec
L0702766;Gibson EXCLUSIVE Les Paul Standard 60s AAA Bourbon Burst GIT ELE;0;https://b2b.laudacentral.eu/product-details/Gibson-EXCLUSIVE-Les-Paul-Standard-60s-AAA-Bourbon-Burst---GIT-ELE/a0684c2c-ca99-46f4-820b-40111a210a4f
L0702765;Gibson EXCLUSIVE Les Paul Standard 50s AAA Exclusive Cherry Sunburst GIT ELE;0;https://b2b.laudacentral.eu/product-details/Gibson-EXCLUSIVE-Les-Paul-Standard-50s-AAA-Exclusive-Cherry-Sunburst---GIT-ELE/e4051b4f-e529-4f1c-8cfa-875701240ec5
L0702632;Gibson EXCLUSIVE Les Paul Studio Modern Satin Ice Tea gitara elektryczna;0;https://b2b.laudacentral.eu/product-details/Gibson-EXCLUSIVE-Les-Paul-Studio-Modern-Satin-Ice-Tea-gitara-elektryczna/c927eb37-230d-4880-818f-a9cd81c9016f
L0702631;Gibson EXCLUSIVE Les Paul Standard 50s Custom Shop Top Honey Burst Cherry Back gitara elektryczna;0;https://b2b.laudacentral.eu/product-details/Gibson-EXCLUSIVE-Les-Paul-Standard-50s-Custom-Shop-Top-Honey-Burst--Cherry-Back-gitara-elektryczna/7b3841b2-6459-474f-a814-d871a55a07e4
L0702630;Gibson EXCLUSIVE Les Paul Standard 50s Custom Shop Top Unburst gitara elektryczna;0;https://b2b.laudacentral.eu/product-details/Gibson-EXCLUSIVE-Les-Paul-Standard-50s-Custom-Shop-Top-Unburst-gitara-elektryczna/6575a199-222b-4c25-b6af-763e0784220c
L0702629;Gibson EXCLUSIVE Les Paul Standard 50s Custom Shop Top Heritage Cherry Sunburst gitara elektryczna;0;https://b2b.laudacentral.eu/product-details/Gibson-EXCLUSIVE-Les-Paul-Standard-50s-Custom-Shop-Top-Heritage-Cherry-Sunburst-gitara-elektryczna/3e95a72c-af9b-4c85-bb68-603c3d9f0ccf
L0702628;Gibson EXCLUSIVE Les Paul Studio Dark Navy gitara elektryczna;0;https://b2b.laudacentral.eu/product-details/Gibson-EXCLUSIVE-Les-Paul-Studio-Dark-Navy-gitara-elektryczna/ba901106-1659-4b06-a302-74b6e0da9b42
L0702627;Gibson EXCLUSIVE Les Paul Studio Dark Wine Red gitara elektryczna;1;https://b2b.laudacentral.eu/product-details/Gibson-EXCLUSIVE-Les-Paul-Studio-Dark-Wine-Red-gitara-elektryczna/46986f5c-f4d6-42f6-a52c-3e2e99ed79e6
L0702626;Gibson Les Paul Junior Double Cutaway Ebony gitara elektryczna;0;https://b2b.laudacentral.eu/product-details/Gibson-Les-Paul-Junior-Double-Cutaway-Ebony-gitara-elektryczna/ca737bc0-de5e-49f2-b103-23c165243502
L0702625;Gibson Les Paul Junior Double Cutaway Vintage Cherry gitara elektryczna;0;https://b2b.laudacentral.eu/product-details/Gibson-Les-Paul-Junior-Double-Cutaway-Vintage-Cherry-gitara-elektryczna/67f8ef09-46e4-4af9-b102-071bdb0652e6
L0702624;Gibson Les Paul Junior Double Cutaway TV Yellow gitara elektryczna;0;https://b2b.laudacentral.eu/product-details/Gibson-Les-Paul-Junior-Double-Cutaway-TV-Yellow-gitara-elektryczna/86b4ecf6-b695-4f71-9300-0c4b29a5e186
L0702623;Gibson Les Paul Special Double Cutaway Ebony gitara elektryczna;0;https://b2b.laudacentral.eu/product-details/Gibson-Les-Paul-Special-Double-Cutaway-Ebony-gitara-elektryczna/1b5f925a-8c7a-4004-99c6-7ca616e8caed
L0702622;Gibson Les Paul Special Double Cutaway Vintage Cherry gitara elektryczna;0;https://b2b.laudacentral.eu/product-details/Gibson-Les-Paul-Special-Double-Cutaway-Vintage-Cherry-gitara-elektryczna/46ca8141-ddc3-41e3-9304-10460d092dc2
L0702621;Gibson Les Paul Special Double Cutaway TV Yellow gitara elektryczna;0;https://b2b.laudacentral.eu/product-details/Gibson-Les-Paul-Special-Double-Cutaway-TV-Yellow-gitara-elektryczna/aa7f0a78-3a0f-46bd-99d0-edebc483a51a
L0702620;Gibson Thunderbird Tobacco Burst Perimeter gitara elektryczna;0;https://b2b.laudacentral.eu/product-details/Gibson-Thunderbird-Tobacco-Burst-Perimeter-gitara-elektryczna/47f968f6-79c0-4f56-aa94-a2d5c79e5d29
L0702619;Gibson Thunderbird Ebony gitara elektryczna;0;https://b2b.laudacentral.eu/product-details/Gibson-Thunderbird-Ebony-gitara-elektryczna/9320c61b-6885-4ca2-addb-5359bc4497fb
L0702618;Gibson 80s Explorer Cherry gitara elektryczna;0;https://b2b.laudacentral.eu/product-details/Gibson-80s-Explorer-Cherry-gitara-elektryczna/a2906a6f-ba09-4de8-8981-93ea68b2db84
L0702617;Gibson 70s Explorer Dark Walnut gitara elektryczna;0;https://b2b.laudacentral.eu/product-details/Gibson-70s-Explorer-Dark-Walnut-gitara-elektryczna/5d202af2-54c2-4aef-b1c8-c6130318c2f9
L0702616;Gibson ES 339 Honeyburst gitara elektryczna;0;https://b2b.laudacentral.eu/product-details/Gibson-ES-339-Honeyburst-gitara-elektryczna/4a5c701f-1b40-47df-aee0-f0cb6fe4bef0
L0702614;Gibson ES 339 Figured Dark Purple Burst gitara elektryczna;0;https://b2b.laudacentral.eu/product-details/Gibson-ES-339-Figured-Dark-Purple-Burst-gitara-elektryczna/7b71d224-9d90-4393-b715-486a2ad01237
L0702613;Gibson Noel Gallagher Les Paul Standard Ebony gitara elektryczna;0;https://b2b.laudacentral.eu/product-details/Gibson-Noel-Gallagher-Les-Paul-Standard-Ebony-gitara-elektryczna/32ec005b-1cb0-438b-b24e-0f598c2208bc
L0702560;Gibson DISC Les Paul Standard 50s Double Trouble Vintage Honey Burst Gloss gitara elektryczna;0;https://b2b.laudacentral.eu/product-details/Gibson-DISC-Les-Paul-Standard-50s-Double-Trouble-Vintage-Honey-Burst-Gloss-gitara-elektryczna/937a68e5-4534-400c-b5a4-be66f7110c2c
L0702555;Gibson Les Paul Special Ebony gitara elektryczna;0;https://b2b.laudacentral.eu/product-details/Gibson-Les-Paul-Special-Ebony-gitara-elektryczna/6d4063b1-75dc-414e-861d-50384be8e830
L0702554;Gibson Les Paul Junior TV Yellow gitara elektryczna;0;https://b2b.laudacentral.eu/product-details/Gibson-Les-Paul-Junior-TV-Yellow-gitara-elektryczna/68e2a121-9f49-47d9-afa8-58014b925d38
L0702553;Gibson Les Paul Custom 70s Buttercream Top gitara elektryczna;0;https://b2b.laudacentral.eu/product-details/Gibson-Les-Paul-Custom-70s-Buttercream-Top-gitara-elektryczna/db300b15-584a-4695-8344-af9149280cbb
L0702552;Gibson Les Paul Custom 70s Tobacco Burst gitara elektryczna;0;https://b2b.laudacentral.eu/product-details/Gibson-Les-Paul-Custom-70s-Tobacco-Burst-gitara-elektryczna/f58ae355-4a69-4d37-9c73-ee54572ec175
L0702551;Gibson Les Paul Custom 70s Wine Red gitara elektryczna;0;https://b2b.laudacentral.eu/product-details/Gibson-Les-Paul-Custom-70s-Wine-Red-gitara-elektryczna/08d10255-ea9c-4d2a-b165-bd7f946e89d8
L0702550;Gibson Les Paul Custom 70s Ebony gitara elektryczna;0;https://b2b.laudacentral.eu/product-details/Gibson-Les-Paul-Custom-70s-Ebony-gitara-elektryczna/71e1ee59-388c-46a4-96d8-dc66080d81f9
L0702549;Gibson Les Paul Studio Left handed Ebony gitara elektryczna leworeczna;0;https://b2b.laudacentral.eu/product-details/Gibson--Les-Paul-Studio-Left-handed-Ebony-gitara-elektryczna-leworeczna/dec51f9c-037b-4dce-9f43-c3dc31afaa62
L0702548;Gibson Les Paul Studio Left handed Blueberry Burst gitara elektryczna leworeczna;0;https://b2b.laudacentral.eu/product-details/Gibson--Les-Paul-Studio-Left-handed-Blueberry-Burst-gitara-elektryczna-leworeczna/83a2fb3f-8d51-43f5-a060-45a35e2cb809
L0702547;Gibson Les Paul Studio Left handed Wine Red gitara elektryczna leworeczna;0;https://b2b.laudacentral.eu/product-details/Gibson--Les-Paul-Studio-Left-handed-Wine-Red-gitara-elektryczna-leworeczna/2030615c-c301-45c1-909a-143e151b1eee
L0702546;Gibson Les Paul Studio Left handed Heritage Cherry Sunburst gitara elektryczna leworeczna;0;https://b2b.laudacentral.eu/product-details/Gibson-Les-Paul-Studio-Left-handed-Heritage-Cherry-Sunburst-gitara-elektryczna-leworeczna/3703d471-1f26-4358-8f9c-d2f8fec3280d
L0702545;Gibson Les Paul Studio Smokehouse Burst gitara elektryczna;0;https://b2b.laudacentral.eu/product-details/Gibson-Les-Paul-Studio-Smokehouse-Burst-gitara-elektryczna/536b70d0-ace0-4132-9a2a-75c5f51aef26
L0702544;Gibson Les Paul Studio Tobacco Burst gitara elektryczna;0;https://b2b.laudacentral.eu/product-details/Gibson-Les-Paul-Studio-Tobacco-Burst-gitara-elektryczna/642d3106-6b79-4d47-9c60-c4bfcf4de951
L0702542;Gibson Victory Figured Top Dark Purple Burst gitara elektryczna;0;https://b2b.laudacentral.eu/product-details/Gibson-Victory-Figured-Top-Dark-Purple-Burst-gitara-elektryczna/afd68814-19fa-4c38-a2f0-2af33e5d7593
L0702541;Gibson Marcus King ES 345 Sixties Cherry gitara elektryczna;0;https://b2b.laudacentral.eu/product-details/Gibson-Marcus-King-ES-345-Sixties-Cherry-gitara-elektryczna/7e8292ec-c3c3-4122-ab94-bfed389c7993
L0702531;Gibson EXCLUSIVE Les Paul Studio Metallic Silverburst gitara elektryczna;1;https://b2b.laudacentral.eu/product-details/Gibson-EXCLUSIVE-Les-Paul-Studio-Metallic-Silverburst-gitara-elektryczna/abc66c11-bc1c-4cff-b495-1acc7f74d737
L0702529;Gibson EXCLUSIVE Les Paul Studio Gold Hardware Wine Red gitara elektryczna;0;https://b2b.laudacentral.eu/product-details/Gibson-EXCLUSIVE-Les-Paul-Studio-Gold-Hardware-Wine-Red-gitara-elektryczna/c9d7903a-30a1-4af6-8c17-9a73933bf628
L0702528;Gibson EXCLUSIVE Les Paul Studio Gold Hardware Ebony gitara elektryczna;0;https://b2b.laudacentral.eu/product-details/Gibson-EXCLUSIVE-Les-Paul-Studio-Gold-Hardware-Ebony-gitara-elektryczna/d61a317b-d46c-4340-ba72-97d3086c2d86
L0702527;Gibson EXCLUSIVE Les Paul Studio Figured Smokehouse Burst gitara elektryczna;0;https://b2b.laudacentral.eu/product-details/Gibson-EXCLUSIVE-Les-Paul-Studio-Figured-Smokehouse-Burst-gitara-elektryczna/435f455d-75a3-4a95-81bc-e5c34457c2ac
L0702526;Gibson EXCLUSIVE Les Paul Studio Figured Tri Burst gitara elektryczna;0;https://b2b.laudacentral.eu/product-details/Gibson-EXCLUSIVE-Les-Paul-Studio-Figured-Tri-Burst-gitara-elektryczna/e6d6b7ae-91ce-4f52-ac8c-e81151c477e3
L0702519;Gibson EXCLUSIVE Les Paul Studio Dark Ebony gitara elektryczna;0;https://b2b.laudacentral.eu/product-details/Gibson-EXCLUSIVE-Les-Paul-Studio-Dark-Ebony-gitara-elektryczna/83eac78d-a177-4235-81f6-4a9265632818
L0702516;Gibson EXCLUSIVE Les Paul Modern Koa Natural gitara elektryczna;0;https://b2b.laudacentral.eu/product-details/Gibson-EXCLUSIVE-Les-Paul-Modern-Koa-Natural-gitara-elektryczna/c84262d1-a26c-499f-88fe-5438271d4c56
L0702460;Epiphone Coronet Gibson USA Vintage Cherry gitara elektryczna;0;https://b2b.laudacentral.eu/product-details/Epiphone-Coronet-Gibson-USA-Vintage-Cherry-gitara-elektryczna/ae3db14b-a049-42aa-8a9b-80827d893a12
L0702459;Epiphone Coronet Gibson USA Ebony gitara elektryczna;0;https://b2b.laudacentral.eu/product-details/Epiphone-Coronet-Gibson-USA-Ebony-gitara-elektryczna/31a35e0c-56a0-487d-a0a4-eaa4883390cf
L0702458;Gibson Les Paul Standard 60s Mahogany Top TV Yellow gitara elektryczna;0;https://b2b.laudacentral.eu/product-details/Gibson-Les-Paul-Standard-60s-Mahogany-Top-TV-Yellow-gitara-elektryczna/24022570-a405-4dab-9f99-b3b6c8aeef14
L0702457;Gibson Les Paul Standard 60s Faded Vintage Bourbon Burst gitara elektryczna;0;https://b2b.laudacentral.eu/product-details/Gibson-Les-Paul-Standard-60s-Faded-Vintage-Bourbon-Burst-gitara-elektryczna/9233d8a0-c023-468a-bdd9-c8c3bbd7dada
L0702456;Gibson Les Paul Standard 60s Faded Vintage Cherry Sunburst gitara elektryczna;0;https://b2b.laudacentral.eu/product-details/Gibson-Les-Paul-Standard-60s-Faded-Vintage-Cherry-Sunburst-gitara-elektryczna/209046c9-6070-4b4c-a73c-945afcc51e10
L0702455;Gibson Les Paul Standard 50s Mahogany Top TV Yellow gitara elektryczna;0;https://b2b.laudacentral.eu/product-details/Gibson-Les-Paul-Standard-50s-Mahogany-Top-TV-Yellow-gitara-elektryczna/ec60ba3e-476b-4dde-b786-47cf21d3df30
L0702454;Gibson Les Paul Standard 50s Faded Vintage Tobacco Burst gitara elektryczna;0;https://b2b.laudacentral.eu/product-details/Gibson-Les-Paul-Standard-50s-Faded-Vintage-Tobacco-Burst-gitara-elektryczna/2365bd93-a7c8-4ed4-9671-a461a167a27f
L0702453;Gibson Les Paul Standard 50s Faded Vintage Honey Burst gitara elektryczna;0;https://b2b.laudacentral.eu/product-details/Gibson-Les-Paul-Standard-50s-Faded-Vintage-Honey-Burst-gitara-elektryczna/3b953507-24b7-442f-9bd9-daab7fabac85
L0702452;Gibson ES 335 Figured Blood Moon Burst gitara elektryczna;0;https://b2b.laudacentral.eu/product-details/Gibson-ES-335-Figured-Blood-Moon-Burst-gitara-elektryczna/7609df07-f30e-48fe-a7ee-b04cc141d0ce
L0702451;Gibson ES 335 Figured Honey Amber gitara elektryczna;0;https://b2b.laudacentral.eu/product-details/Gibson-ES-335-Figured-Honey-Amber-gitara-elektryczna/0f478818-f916-4df0-8329-303dd7e90ea3
L0702450;Gibson ES 335 Figured Deep Ocean Burst gitara elektryczna;0;https://b2b.laudacentral.eu/product-details/Gibson-ES-335-Figured-Deep-Ocean-Burst-gitara-elektryczna/1e391b42-1552-4011-941a-a8739ac9ad5e
L0702446;Gibson ES 330 Tobacco Sunburst gitara elektryczna;0;https://b2b.laudacentral.eu/product-details/Gibson-ES-330-Tobacco-Sunburst-gitara-elektryczna/d6d51ebe-cf8f-4067-984c-fb481a3509b2
L0702445;Gibson ES 330 Sixties Cherry gitara elektryczna;0;https://b2b.laudacentral.eu/product-details/Gibson-ES-330-Sixties-Cherry-gitara-elektryczna/132f0af3-2844-49bd-acd8-93f966d01f25
L0702444;Gibson ES 330 Antique Natural gitara elektryczna;0;https://b2b.laudacentral.eu/product-details/Gibson-ES-330-Antique-Natural-gitara-elektryczna/0e2db1d8-6474-4d37-8003-6911562a48eb
L0702443;Gibson Firebird Platypus Vintage Cherry gitara elektryczna;0;https://b2b.laudacentral.eu/product-details/Gibson-Firebird-Platypus-Vintage-Cherry-gitara-elektryczna/410ed958-2d14-436a-8227-9b3c65c5df46
L0702442;Gibson Firebird Platypus Tobacco Sunburst gitara elektryczna;0;https://b2b.laudacentral.eu/product-details/Gibson-Firebird-Platypus-Tobacco-Sunburst-gitara-elektryczna/65ddde74-542a-4a08-a048-5a0b69db5fa3
L0702441;Gibson Firebird Platypus Ebony gitara elektryczna;0;https://b2b.laudacentral.eu/product-details/Gibson-Firebird-Platypus-Ebony-gitara-elektryczna/4fa4be6f-a08c-4506-a42d-13f4a2367386
L0702440;Gibson Non Reverse Thunderbird Vintage Cherry gitara basowa;0;https://b2b.laudacentral.eu/product-details/Gibson-Non-Reverse-Thunderbird-Vintage-Cherry-gitara-basowa/75214ca7-7aab-462f-92b6-684c7df8e927
L0702439;Gibson Non Reverse Thunderbird Ebony gitara basowa;0;https://b2b.laudacentral.eu/product-details/Gibson-Non-Reverse-Thunderbird-Ebony-gitara-basowa/ae468968-d8c9-4cc6-b759-3de610a15cdd
L0702438;Gibson Mary Ford Les Paul Standard Gold Top Cherry Back gitara elektryczna;0;https://b2b.laudacentral.eu/product-details/Gibson-Mary-Ford-Les-Paul-Standard-Gold-Top--Cherry-Back-gitara-elektryczna/8577c5f3-9f87-432b-8829-3c66bf156ab2
L0702437;Gibson WarrenHaynesLes Paul Standard 60s Cherrygitara elektryczna;0;https://b2b.laudacentral.eu/product-details/Gibson-WarrenHaynesLes-Paul-Standard-60s-Cherrygitara-elektryczna/411f9d89-5eae-4e05-ad91-1c9b2a92710b
L0702435;Gibson Les Paul Studio Session Translucent Ebony Burst Black trim gitara elektryczna;0;https://b2b.laudacentral.eu/product-details/Gibson-Les-Paul-Studio-Session-Translucent-Ebony-Burst--Black-trim-gitara-elektryczna/f5db5446-1855-43e5-a66c-3edcf99546a2
L0702434;Gibson Les Paul Studio Session Cobalt Burst Black trim gitara elektryczna;0;https://b2b.laudacentral.eu/product-details/Gibson-Les-Paul-Studio-Session-Cobalt-Burst-Black-trim-gitara-elektryczna/04cee4c4-49bd-449e-8f42-238ffdff0f2d
L0702433;Gibson Les Paul Studio Session Bourbon Burst Cream trim gitara elektryczna;0;https://b2b.laudacentral.eu/product-details/Gibson-Les-Paul-Studio-Session-Bourbon-Burst-Cream-trim-gitara-elektryczna/8a87e087-c10d-4554-92c0-e4061c519b61
L0702432;Gibson Les Paul Studio Session Honey Burst Cream trim gitara elektryczna;0;https://b2b.laudacentral.eu/product-details/Gibson-Les-Paul-Studio-Session-Honey-Burst-Cream-trim-gitara-elektryczna/0fe90a2e-73c0-40c8-9101-785b5705eb27
L0702431;Gibson Les Paul Studio Ebony Black trim gitara elektryczna;0;https://b2b.laudacentral.eu/product-details/Gibson-Les-Paul-Studio-Ebony-Black-trim-gitara-elektryczna/3fe647a3-ebe4-478d-a519-c920f75bc738
L0702430;Gibson Les Paul Studio Blueberry Burst Black trim gitara elektryczna;0;https://b2b.laudacentral.eu/product-details/Gibson-Les-Paul-Studio-Blueberry-Burst-Black-trim-gitara-elektryczna/ef801fad-7ff5-49fd-ba54-f0c6d0937c9c
L0702429;Gibson Les Paul Studio Wine red Cream trim gitara elektryczna;0;https://b2b.laudacentral.eu/product-details/Gibson-Les-Paul-Studio-Wine-red-Cream-trim-gitara-elektryczna/7a695044-a83b-42ea-b54d-a61066d94268
L0702428;Gibson Les Paul Studio Cherry Sunburst Cream trim gitara elektryczna;0;https://b2b.laudacentral.eu/product-details/Gibson-Les-Paul-Studio-Cherry-Sunburst-Cream-trim-gitara-elektryczna/82e435d4-fb50-4969-a05d-2e1c5efcf397
L0702427;Gibson DISC Victory Dark Walnut Satin gitara elektryczna;0;https://b2b.laudacentral.eu/product-details/Gibson-DISC-Victory-Dark-Walnut-Satin-gitara-elektryczna/e8a31e65-ffdc-4258-b4d6-d14d295b1c4f
L0702402;Gibson Victory Figured Top Iguana Burst;0;https://b2b.laudacentral.eu/product-details/Gibson-Victory-Figured-Top-Iguana-Burst/8357a39e-8de7-4624-b9bb-393b549efe38
L0702393;Gibson ES Supreme Seafoam Green gitara elektryczna;0;https://b2b.laudacentral.eu/product-details/Gibson-ES-Supreme-Seafoam-Green-gitara-elektryczna/3256abfd-db47-42bf-8296-3f846e5b2e92
L0702392;Gibson ES Supreme Blueberry Burst gitara elektryczna;0;https://b2b.laudacentral.eu/product-details/Gibson-ES-Supreme-Blueberry-Burst-gitara-elektryczna/2ee4641d-c78f-4f02-b5d0-cec79fbdf20a
L0702391;Gibson ES Supreme Bourbon Burst gitara elektryczna;0;https://b2b.laudacentral.eu/product-details/Gibson-ES-Supreme-Bourbon-Burst-gitara-elektryczna/cce6292d-f0a7-4619-a833-326e0cd08365
L0702390;Gibson Slash Jessica Les Paul Standard Honey Burst gitara elektryczna;1;https://b2b.laudacentral.eu/product-details/Gibson-Slash-Jessica-Les-Paul-Standard-Honey-Burst-gitara-elektryczna/9e68f106-6d1c-4073-a290-689843e5e01a
L0702364;Gibson Theodore Standard Vintage Cherry gitara elektryczna;0;https://b2b.laudacentral.eu/product-details/Gibson-Theodore-Standard-Vintage-Cherry-gitara-elektryczna/08702851-d9af-46eb-95de-5de102218919
L0702363;Gibson Theodore Standard Ebony gitara elektryczna;0;https://b2b.laudacentral.eu/product-details/Gibson-Theodore-Standard-Ebony-gitara-elektryczna/a2cba01b-be60-49c3-bb65-855115e8c060
L0702362;Gibson Theodore Standard Antique Natural gitara elektryczna;0;https://b2b.laudacentral.eu/product-details/Gibson-Theodore-Standard-Antique-Natural-gitara-elektryczna/5d8a9f6a-86d3-41a5-aa49-de74de6a6234
L0702361;Gibson SG Standard 61 Stop Bar TV Yellow gitara elektryczna;0;https://b2b.laudacentral.eu/product-details/Gibson-SG-Standard-61-Stop-Bar-TV-Yellow-gitara-elektryczna/c25ce37c-7355-4cc1-bfb0-25ed7c56f525
L0702360;Gibson SG Standard 61 Stop Bar Translucent Teal gitara elektryczna;0;https://b2b.laudacentral.eu/product-details/Gibson-SG-Standard-61-Stop-Bar-Translucent-Teal-gitara-elektryczna/c44aa93f-9bfb-4d9f-a393-590df3de63eb
L0702358;Gibson SG Standard 61 Stop Bar Pelham Blue Burst gitara elektryczna;0;https://b2b.laudacentral.eu/product-details/Gibson-SG-Standard-61-Stop-Bar-Pelham-Blue-Burst-gitara-elektryczna/437a2a03-dafc-445b-89c5-bb342915b0ca
L0702357;Gibson DISC SG Standard 61 Stop Bar Classic White gitara elektryczna;0;https://b2b.laudacentral.eu/product-details/Gibson-DISC-SG-Standard-61-Stop-Bar-Classic-White-gitara-elektryczna/8e7a5c0c-bf84-459a-a6b3-03c451b2030e
L0702355;Gibson Les Paul Standard 60s Plain Top Classic White Top gitara elektryczna;0;https://b2b.laudacentral.eu/product-details/Gibson-Les-Paul-Standard-60s-Plain-Top-Classic-White-Top-gitara-elektryczna/75ba892e-fcb6-4a33-9c7c-5fcec65f519e
L0702353;Gibson Les Paul Standard 60s Plain Top Pelham Blue Top gitara elektryczna;0;https://b2b.laudacentral.eu/product-details/Gibson-Les-Paul-Standard-60s-Plain-Top-Pelham-Blue-Top-gitara-elektryczna/b55f136f-2555-489d-8d5e-442ec0d744af
L0702350;Gibson Les Paul Standard 60s Plain Top Ebony Top gitara elektryczna;0;https://b2b.laudacentral.eu/product-details/Gibson-Les-Paul-Standard-60s-Plain-Top-Ebony-Top-gitara-elektryczna/130c1ea9-5d2c-4514-a0d7-ec09e193cf97
L0702345;Gibson Les Paul Standard 60s Figured Top Honey Amber gitara elektryczna;0;https://b2b.laudacentral.eu/product-details/Gibson-Les-Paul-Standard-60s-Figured-Top-Honey-Amber-gitara-elektryczna/c3148c6a-f8b1-419c-ad5d-8ad5844ca59e
L0702344;Gibson Les Paul Standard 60s Figured Top Blueberry Burst gitara elektryczna;1;https://b2b.laudacentral.eu/product-details/Gibson-Les-Paul-Standard-60s-Figured-Top-Blueberry-Burst-gitara-elektryczna/ef50d762-66b0-49ca-8cde-b504f0b9c3ec
L0702343;Gibson Les Paul Standard 50s Plain Top Classic White Top gitara elektryczna;0;https://b2b.laudacentral.eu/product-details/Gibson-Les-Paul-Standard-50s-Plain-Top-Classic-White-Top-gitara-elektryczna/0b1cda5b-8b67-44b3-a935-db9bd4b723e6
L0702341;Gibson Les Paul Standard 50s Plain Top Pelham Blue Top gitara elektryczna;0;https://b2b.laudacentral.eu/product-details/Gibson-Les-Paul-Standard-50s-Plain-Top-Pelham-Blue-Top-gitara-elektryczna/16ce3ef0-5d2c-4f45-83fe-f5c6754d4827
L0702338;Gibson Les Paul Standard 50s Plain Top Ebony Top gitara elektryczna;1;https://b2b.laudacentral.eu/product-details/Gibson-Les-Paul-Standard-50s-Plain-Top-Ebony-Top-gitara-elektryczna/cf3d176f-07be-4923-897d-9f910cf0505d
L0702334;Gibson Les Paul Standard 50s Figured Top Ocean Blue gitara elektryczna;0;https://b2b.laudacentral.eu/product-details/Gibson-Les-Paul-Standard-50s-Figured-Top-Ocean-Blue-gitara-elektryczna/c33d7e9f-8767-45c7-ba68-61a7970b7061
L0702333;Gibson Les Paul Standard 50s Figured Top Honey Amber gitara elektryczna;0;https://b2b.laudacentral.eu/product-details/Gibson-Les-Paul-Standard-50s-Figured-Top-Honey-Amber-gitara-elektryczna/98173878-f337-4e32-8cc9-c3f39378de15
L0702332;Gibson Les Paul Standard 50s Figured Top Blueberry Burst gitara elektryczna;0;https://b2b.laudacentral.eu/product-details/Gibson-Les-Paul-Standard-50s-Figured-Top-Blueberry-Burst-gitara-elektryczna/defddbc1-3ecd-4cce-8120-5dc77e677083
L0702331;Gibson 70s Explorer Antique Natural gitara elektryczna;0;https://b2b.laudacentral.eu/product-details/Gibson-70s-Explorer-Antique-Natural-gitara-elektryczna/61f5eac3-68b7-4b5b-b4e9-90b48374248b
L0702330;Gibson 70s Flying V Antique Natural gitara elektryczna;0;https://b2b.laudacentral.eu/product-details/Gibson-70s-Flying-V-Antique-Natural-gitara-elektryczna/c7c50e85-7f81-43a3-b1b6-45d547e65952
L0702329;Gibson SG Supreme Wine Red gitara elektryczna;0;https://b2b.laudacentral.eu/product-details/Gibson-SG-Supreme-Wine-Red-gitara-elektryczna/ef964e2d-9ec0-4e18-860d-e11e0d07be54
L0702328;Gibson SG Supreme Fireburst gitara elektryczna;0;https://b2b.laudacentral.eu/product-details/Gibson-SG-Supreme-Fireburst-gitara-elektryczna/a6f96c82-01fe-4feb-9f2a-3bc9ae364e69
L0702327;Gibson SG Supreme Translucent Ebony Burst gitara elektryczna;0;https://b2b.laudacentral.eu/product-details/Gibson-SG-Supreme-Translucent-Ebony-Burst-gitara-elektryczna/59d8380d-7ba9-48d3-a974-eb35ed7e91ff
L0702323;Gibson SG Standard Pelham Blue Burst gitara elektryczna;0;https://b2b.laudacentral.eu/product-details/Gibson-SG-Standard-Pelham-Blue-Burst-gitara-elektryczna/e6d92fb7-29a1-4a2d-8cca-d5045f9b94bf
L0702321;Gibson DISC SG Standard Cardinal Red Burst gitara elektryczna;0;https://b2b.laudacentral.eu/product-details/Gibson-DISC-SG-Standard-Cardinal-Red-Burst-gitara-elektryczna/897976ba-d09a-4eb6-b45b-9e4c1a63ad3f
L0702319;Gibson DISC Les Paul Modern Lite TV Wheat gitara elektryczna;0;https://b2b.laudacentral.eu/product-details/Gibson-DISC-Les-Paul-Modern-Lite-TV-Wheat-gitara-elektryczna/3134600c-9571-4458-b16c-dcaf3e504edc
L0702315;Gibson Les Paul Modern Studio Worn White gitara elektryczna;1;https://b2b.laudacentral.eu/product-details/Gibson-Les-Paul-Modern-Studio-Worn-White-gitara-elektryczna/9f6d7d81-811e-4f9b-9cc3-242fced585d1
L0702314;Gibson Les Paul Modern Studio Smokehouse Satin gitara elektryczna;0;https://b2b.laudacentral.eu/product-details/Gibson-Les-Paul-Modern-Studio-Smokehouse-Satin-gitara-elektryczna/1890bad7-3f6a-4fb8-a83e-fe8f022610c1
L0702313;Gibson Les Paul Modern Studio Wine Red Satin gitara elektryczna;0;https://b2b.laudacentral.eu/product-details/Gibson-Les-Paul-Modern-Studio-Wine-Red-Satin-gitara-elektryczna/13603f49-72bb-49f4-9993-6e8494aa6768
L0702312;Gibson Les Paul Modern Figured Seafoam Green gitara elektryczna;0;https://b2b.laudacentral.eu/product-details/Gibson-Les-Paul-Modern-Figured-Seafoam-Green-gitara-elektryczna/92c6e91a-94f4-420e-904d-1aa0ad6141de
L0702311;Gibson Les Paul Modern Figured Cobalt Burst gitara elektryczna;0;https://b2b.laudacentral.eu/product-details/Gibson-Les-Paul-Modern-Figured-Cobalt-Burst-gitara-elektryczna/08df7527-31b5-445b-93ce-28d88342ab56
L0702310;Gibson Les Paul Modern Figured Cherry Burst gitara elektryczna;0;https://b2b.laudacentral.eu/product-details/Gibson-Les-Paul-Modern-Figured-Cherry-Burst-gitara-elektryczna/3e094f99-6b5d-411a-a296-30b477f14ed0
L0702260;Gibson Kirk Hammett Greeny Les Paul Standard Greeny Burst gitara elektryczna;0;https://b2b.laudacentral.eu/product-details/Gibson-Kirk-Hammett-Greeny-Les-Paul-Standard-Greeny-Burst-gitara-elektryczna/07b1a5b8-153e-427e-9ebf-8156ba297f6b
L0702259;Gibson Les Paul Supreme Wine Red gitara elektryczna;0;https://b2b.laudacentral.eu/product-details/Gibson-Les-Paul-Supreme-Wine-Red-gitara-elektryczna/98bad571-4ab1-4525-bfa9-02956707e5d7
L0702258;Gibson Les Paul Supreme Fireburst gitara elektryczna;0;https://b2b.laudacentral.eu/product-details/Gibson-Les-Paul-Supreme-Fireburst-gitara-elektryczna/277f867d-3f33-4677-b215-eaf1c95a721e
L0702257;Gibson Les Paul Supreme Translucent Ebony Burst gitara elektryczna;0;https://b2b.laudacentral.eu/product-details/Gibson-Les-Paul-Supreme-Translucent-Ebony-Burst-gitara-elektryczna/467bea14-8be8-43c4-a005-dbc982b516e6
L0702256;Gibson 80s Explorer Ebony gitara elektryczna;0;https://b2b.laudacentral.eu/product-details/Gibson-80s-Explorer-Ebony-gitara-elektryczna/c3355935-ab28-4a21-8748-1908430c8bf9
L0702255;Gibson 80s Flying V Ebony gitara elektryczna;0;https://b2b.laudacentral.eu/product-details/Gibson-80s-Flying-V-Ebony-gitara-elektryczna/50209995-0335-4517-8c92-47562a782662
L0702254;Gibson Les Paul 70s Deluxe Wine Red gitara elektryczna;0;https://b2b.laudacentral.eu/product-details/Gibson-Les-Paul-70s-Deluxe-Wine-Red-gitara-elektryczna/65836fd9-7d23-4996-91ab-9f7a179cb46c
L0701752;Gibson Slash Les Paul Standard LEFTY NV November Burst gitara elektryczna;0;https://b2b.laudacentral.eu/product-details/Gibson-Slash-Les-Paul-Standard-LEFTY-NV-November-Burst-gitara-elektryczna/19b73671-031f-4f82-8303-ca1dd6369ba5
L0701751;Gibson Slash Les Paul Standard LEFTY AP Appetite Burst gitara elektryczna;0;https://b2b.laudacentral.eu/product-details/Gibson-Slash-Les-Paul-Standard-LEFTY-AP-Appetite-Burst-gitara-elektryczna/8cc4dcf7-7b92-4238-9e83-252a30978af4
L0701747;Gibson SG Standard LEFTY Heritage Cherry gitara elektryczna;0;https://b2b.laudacentral.eu/product-details/Gibson-SG-Standard-LEFTY-Heritage-Cherry-gitara-elektryczna/d1ea4b15-eb02-4f77-bb8c-d16e2c353172
L0701746;Gibson SG Standard LEFTY Ebony gitara elektryczna;0;https://b2b.laudacentral.eu/product-details/Gibson-SG-Standard-LEFTY-Ebony-gitara-elektryczna/39096822-dac1-4df8-a089-fdf845af9cae
L0701745;Gibson SG Modern LEFTY Blueberry Fade gitara elektryczna;0;https://b2b.laudacentral.eu/product-details/Gibson-SG-Modern-LEFTY-Blueberry-Fade-gitara-elektryczna/0f82daf3-cefa-49bf-a22a-981c0f73759e
L0701744;Gibson SG Modern LEFTY Trans Black Fade gitara elektryczna;0;https://b2b.laudacentral.eu/product-details/Gibson-SG-Modern-LEFTY-Trans-Black-Fade-gitara-elektryczna/4dd2ffcd-014a-4c79-8b98-8520a17e6066
L0701734;Gibson 70s Explorer LEFTY CW Classic White gitara elektryczna leworeczna;0;https://b2b.laudacentral.eu/product-details/Gibson-70s-Explorer-LEFTY-CW-Classic-White-gitara-elektryczna-leworeczna/7f39ba9a-2251-437b-bc61-00d8c7c91355
L0701732;Gibson ES 345 LEFTY VB Vintage Burst gitara elektryczna leworeczna;0;https://b2b.laudacentral.eu/product-details/Gibson-ES-345-LEFTY-VB-Vintage-Burst-gitara-elektryczna-leworeczna/73453258-1a0a-4d42-a190-15b1c3a5014e
L0701731;Gibson ES 335 Figured LEFTY SC Sixties Cherry gitara elektryczna leworeczna;0;https://b2b.laudacentral.eu/product-details/Gibson-ES-335-Figured-LEFTY-SC-Sixties-Cherry-gitara-elektryczna-leworeczna/08d17026-542f-46ff-9818-7aeab3df6e33
L0701724;Gibson SG Standard 61 LEFTY Vintage Cherry gitara elektryczna;0;https://b2b.laudacentral.eu/product-details/Gibson-SG-Standard-61-LEFTY-Vintage-Cherry-gitara-elektryczna/9cb8a2af-a69d-459b-aaa0-e9d7670ad416
L0701723;Gibson Les Paul Special LEFTY TV Yellow gitara elektryczna;0;https://b2b.laudacentral.eu/product-details/Gibson-Les-Paul-Special-LEFTY-TV-Yellow-gitara-elektryczna/49f95794-022f-4ccf-a87c-ef9c0e0c0463
L0701720;Gibson Les Paul Standard Figured Top 60s LEFTY Iced Tea gitara elektryczna leworeczna;0;https://b2b.laudacentral.eu/product-details/Gibson-Les-Paul-Standard-Figured-Top-60s-LEFTY-Iced-Tea-gitara-elektryczna-leworeczna/17f386f4-06aa-4708-a435-44bb789ff292
L0701719;Gibson Les Paul Standard Figured Top 60s LEFTY B8 Bourbon Burst gitara elektryczna leworeczna;0;https://b2b.laudacentral.eu/product-details/Gibson-Les-Paul-Standard-Figured-Top-60s-LEFTY-B8-Bourbon-Burst-gitara-elektryczna-leworeczna/c85e96a5-49e6-45f4-8a17-c6e4e9ebd5fa
L0701718;Gibson Les Paul Standard 50s LEFTY Humbucker Gold Top gitara elektryczna leworeczna;0;https://b2b.laudacentral.eu/product-details/Gibson-Les-Paul-Standard-50s-LEFTY-Humbucker-Gold-Top-gitara-elektryczna-leworeczna/b1a33e2b-6bb9-41ee-ae39-e21de1ecc48c
L0701717;Gibson Les Paul Standard Figured Top 50s LEFTY HS Heritage Cherry Sunburst gitara elektryczna leworeczna;0;https://b2b.laudacentral.eu/product-details/Gibson-Les-Paul-Standard-Figured-Top-50s-LEFTY-HS-Heritage-Cherry-Sunburst-gitara-elektryczna-leworeczna/f21d2efb-a200-4bb7-9601-b08c092d7cd2
L0701716;Gibson Les Paul Junior LEFTY VT Vintage Tobacco Burst gitara elektryczna leworeczna;0;https://b2b.laudacentral.eu/product-details/Gibson-Les-Paul-Junior-LEFTY-VT-Vintage-Tobacco-Burst-gitara-elektryczna-leworeczna/9a5be90a-f13f-467b-b77c-c9ac862efa26
L0701705;Gibson Les Paul Deluxe 70s Goldtop gitara elektryczna;0;https://b2b.laudacentral.eu/product-details/Gibson-Les-Paul-Deluxe-70s-Goldtop-gitara-elektryczna/364321e7-1b99-44de-9fc2-49405ec2f7b7
L0701645;Gibson Slash Victoria Les Paul Standard DG Goldtop Dark Back gitara elektryczna;0;https://b2b.laudacentral.eu/product-details/Gibson-Slash-Victoria-Les-Paul-Standard-DG-Goldtop-Dark-Back-gitara-elektryczna/37e69ad9-23ef-44e1-92ac-871fcaaafdf5
L0701365;Gibson DISC ES 335 Satin SV Satin Vintage Burst gitara elektryczna;0;https://b2b.laudacentral.eu/product-details/Gibson-DISC-ES-335-Satin-SV-Satin-Vintage-Burst-gitara-elektryczna/9428557f-fb94-4819-b13f-00d0426a9e68
L0701364;Gibson DISC ES 335 Satin WC Satin Cherry gitara elektryczna;0;https://b2b.laudacentral.eu/product-details/Gibson-DISC-ES-335-Satin-WC-Satin-Cherry-gitara-elektryczna/edf97988-8f34-4c26-b1af-d3d420d33fea
L0701363;Gibson ES 339 Figured B9 Blueberry Burst gitara elektryczna;0;https://b2b.laudacentral.eu/product-details/Gibson-ES-339-Figured-B9-Blueberry-Burst-gitara-elektryczna/238bb6c5-c50b-455e-b2ad-c7979af9c3fe
L0701362;Gibson ES 339 Figured SC Sixties Cherry gitara elektryczna;0;https://b2b.laudacentral.eu/product-details/Gibson-ES-339-Figured-SC-Sixties-Cherry-gitara-elektryczna/8bd5cb9c-b86e-470f-b894-7e56af47c3a0
L0701361;Gibson ES 339 BL Trans Ebony gitara elektryczna;0;https://b2b.laudacentral.eu/product-details/Gibson-ES-339-BL-Trans-Ebony-gitara-elektryczna/f562d9d8-927c-4bc0-bb9a-3489d5859e1f
L0701360;Gibson ES 339 CH Cherry gitara elektryczna;0;https://b2b.laudacentral.eu/product-details/Gibson-ES-339-CH-Cherry-gitara-elektryczna/8798c947-3f2f-4ad9-a05f-19d722decc48
L0701359;Gibson ES 345 VB Vintage Burst gitara elektryczna;0;https://b2b.laudacentral.eu/product-details/Gibson-ES-345-VB-Vintage-Burst-gitara-elektryczna/e16a0cff-2285-4e0f-a015-4536f36c6f4f
L0701358;Gibson ES 345 SC Sixties Cherry gitara elektryczna;0;https://b2b.laudacentral.eu/product-details/Gibson-ES-345-SC-Sixties-Cherry-gitara-elektryczna/0ac4177d-79c6-4025-bf6b-c4869f3721ea
L0701357;Gibson ES 335 Figured IT Ice Tea gitara elektryczna;0;https://b2b.laudacentral.eu/product-details/Gibson-ES-335-Figured-IT-Ice-Tea-gitara-elektryczna/50d41f39-2066-4698-95ec-cd7d72fe380b
L0701356;Gibson ES 335 Figured AN Antique Natural gitara elektryczna;0;https://b2b.laudacentral.eu/product-details/Gibson-ES-335-Figured-AN-Antique-Natural-gitara-elektryczna/23570cbf-ea06-4f52-b695-ffe2770ec347
L0701355;Gibson ES 335 Figured SC Sixties Cherry gitara elektryczna;0;https://b2b.laudacentral.eu/product-details/Gibson-ES-335-Figured-SC-Sixties-Cherry-gitara-elektryczna/e0db8124-06e7-4ad8-b426-f3a084d0e454
L0701354;Gibson DISC ES 335 VB Vintage Burst gitara elektryczna;0;https://b2b.laudacentral.eu/product-details/Gibson-DISC-ES-335-VB-Vintage-Burst-gitara-elektryczna/a3a29d44-834d-4e11-9da5-4ac8547a572d
L0701353;Gibson DISC ES 335 VY Vintage Ebony gitara elektryczna;0;https://b2b.laudacentral.eu/product-details/Gibson-DISC-ES-335-VY-Vintage-Ebony-gitara-elektryczna/24039b25-6856-449a-ae82-b5925621a13a
L0701349;Gibson Slash Les Paul Standard AP Appetite Burst gitara elektryczna;0;https://b2b.laudacentral.eu/product-details/Gibson-Slash-Les-Paul-Standard-AP-Appetite-Burst-gitara-elektryczna/24bee85d-7b48-4ffa-8064-5c6adb95f014
L0701348;Gibson Slash Les Paul Standard NV November Burst gitara elektryczna;1;https://b2b.laudacentral.eu/product-details/Gibson-Slash-Les-Paul-Standard-NV-November-Burst-gitara-elektryczna/76c767dc-f802-4e21-a61d-75c8732688af
L0701339;Gibson EXPLORER 70s CW Classic White gitara elektryczna;0;https://b2b.laudacentral.eu/product-details/Gibson-EXPLORER-70s-CW-Classic-White-gitara-elektryczna/d341a09c-63bf-4a46-8e74-dec33c604352
L0701338;Gibson FLYING V 70s CW Classic White gitara elektryczna;0;https://b2b.laudacentral.eu/product-details/Gibson-FLYING-V-70s-CW-Classic-White-gitara-elektryczna/36b08e77-96eb-47c8-9e87-ad5b57213ad9
L0701337;Gibson Les Paul Junior EB Ebony gitara elektryczna;0;https://b2b.laudacentral.eu/product-details/Gibson-Les-Paul-Junior-EB-Ebony-gitara-elektryczna/aafebd0c-b8bb-4f13-82ec-fd482477dd62
L0701336;Gibson Les Paul Special VE Vintage Cherry gitara elektryczna;0;https://b2b.laudacentral.eu/product-details/Gibson-Les-Paul-Special-VE-Vintage-Cherry-gitara-elektryczna/e8954c11-e325-458b-8659-44ac17d8e454
L0701192;Gibson SG Standard 61 Vintage Cherry gitara elektryczna;0;https://b2b.laudacentral.eu/product-details/Gibson-SG-Standard-61-Vintage-Cherry-gitara-elektryczna/adc36e53-b47a-415e-a1f7-43322b7a27de
L0701190;Gibson SG Standard 61 Maestro Vibrola Vintage Cherry gitara elektryczna;0;https://b2b.laudacentral.eu/product-details/Gibson-SG-Standard-61-Maestro-Vibrola-Vintage-Cherry-gitara-elektryczna/c7cf03cd-ec44-4684-b049-0cd201621906
L0701189;Gibson Les Paul Junior Vintage Tobacco Burst gitara elektryczna;0;https://b2b.laudacentral.eu/product-details/Gibson-Les-Paul-Junior-Vintage-Tobacco-Burst-gitara-elektryczna/0ac66776-79b2-45f0-b952-a32bd1933001
L0701188;Gibson Les Paul Special TV Yellow gitara elektryczna;0;https://b2b.laudacentral.eu/product-details/Gibson-Les-Paul-Special-TV-Yellow-gitara-elektryczna/9e276fe9-7df8-491b-a73f-184f85bf5311
L0701187;Gibson Les Paul Standard Figured Top 60s Unburst gitara elektryczna;0;https://b2b.laudacentral.eu/product-details/Gibson-Les-Paul-Standard-Figured-Top-60s-Unburst-gitara-elektryczna/946a90fd-af14-45bf-9333-6a6f98ea0f86
L0701186;Gibson Les Paul Standard Figured Top 60s Iced Tea gitara elektryczna;0;https://b2b.laudacentral.eu/product-details/Gibson-Les-Paul-Standard-Figured-Top-60s-Iced-Tea-gitara-elektryczna/7a845564-0e89-4ac0-a4ad-f625f9fc058a
L0701185;Gibson Les Paul Standard Figured Top 60s Bourbon Burst gitara elektryczna;0;https://b2b.laudacentral.eu/product-details/Gibson-Les-Paul-Standard-Figured-Top-60s-Bourbon-Burst-gitara-elektryczna/2fac61cd-fb53-40cd-9a68-3f4830c8d758
L0701184;Gibson Les Paul Standard 50s P90 Gold Top gitara elektryczna;0;https://b2b.laudacentral.eu/product-details/Gibson-Les-Paul-Standard-50s-P90-Gold-Top-gitara-elektryczna/08c9dc4b-1658-47b3-b56c-362eb4517faf
L0701183;Gibson Les Paul Standard 50s Humbucker Gold Top gitara elektryczna;0;https://b2b.laudacentral.eu/product-details/Gibson-Les-Paul-Standard-50s-Humbucker-Gold-Top-gitara-elektryczna/d9a7a735-e69d-4ee3-99ea-7677cb2dc393
L0701182;Gibson Les Paul Standard Figured Top 50s Tobacco Burst gitara elektryczna;1;https://b2b.laudacentral.eu/product-details/Gibson-Les-Paul-Standard-Figured-Top-50s-Tobacco-Burst-gitara-elektryczna/8dc99b59-bcea-4193-bc1e-1ebbd83a4424
L0701181;Gibson Les Paul Standard Figured Top 50s Heritage Cherry Sunburst gitara elektryczna;0;https://b2b.laudacentral.eu/product-details/Gibson-Les-Paul-Standard-Figured-Top-50s-Heritage-Cherry-Sunburst-gitara-elektryczna/0ba705a9-0a38-42a7-9e17-f35a7f63d8c7
L0701178;Gibson SG Standard Heritage Cherry gitara elektryczna;0;https://b2b.laudacentral.eu/product-details/Gibson-SG-Standard-Heritage-Cherry-gitara-elektryczna/1d2fa6e0-cf64-422a-a69b-94e41640154b
L0701177;Gibson SG Standard Ebony gitara elektryczna;0;https://b2b.laudacentral.eu/product-details/Gibson-SG-Standard-Ebony-gitara-elektryczna/74b2edae-beef-403e-90ac-67e4cdc8ef3d
L0701176;Gibson SG Modern Blueberry Fade gitara elektryczna;0;https://b2b.laudacentral.eu/product-details/Gibson-SG-Modern-Blueberry-Fade-gitara-elektryczna/1c803f85-03f6-4f7e-9c80-c009de716c68
L0701175;Gibson SG Modern Trans Black Fade gitara elektryczna;0;https://b2b.laudacentral.eu/product-details/Gibson-SG-Modern-Trans-Black-Fade-gitara-elektryczna/43a45445-b24d-416b-a157-bacf2dc6c104
L0561259;Epiphone Futura SG Custom Dragonfly Shift GIT ELE;0;https://b2b.laudacentral.eu/product-details/Epiphone-Futura-SG-Custom-Dragonfly-Shift---GIT-ELE/1481c919-e304-46cc-911d-cb5fa336ff5c
L0561258;Epiphone Futura Les Paul Custom Midnight Ember Shift GIT ELE;0;https://b2b.laudacentral.eu/product-details/Epiphone-Futura-Les-Paul-Custom-Midnight-Ember-Shift---GIT-ELE/a5e43906-f7e2-44c0-ba32-daf726d55cb3
L0561257;Epiphone Futura Firebird Custom Midnight Ember Shift GIT ELE;0;https://b2b.laudacentral.eu/product-details/Epiphone-Futura-Firebird-Custom-Midnight-Ember-Shift---GIT-ELE/0c89d4a2-959a-4b17-a6b5-c20e081429b2
L0561255;Epiphone Futura SG Custom Midnight Ember Shift GIT ELE;0;https://b2b.laudacentral.eu/product-details/Epiphone-Futura-SG-Custom-Midnight-Ember-Shift---GIT-ELE/19aab1e5-03db-4697-869d-31ac7c769be2
L0561254;Epiphone Futura SG Custom Nitro Shift GIT ELE;0;https://b2b.laudacentral.eu/product-details/Epiphone-Futura-SG-Custom-Nitro-Shift---GIT-ELE/fe6e5e65-75a0-48c2-b422-f996b64782e3
L0561253;Epiphone Futura RD Custom Midnight Ember Shift GIT ELE;0;https://b2b.laudacentral.eu/product-details/Epiphone-Futura-RD-Custom-Midnight-Ember-Shift---GIT-ELE/9142fe00-f244-4d34-9620-0577b4b3d770
L0561252;Epiphone Futura RD Custom Twilight Shift GIT ELE;0;https://b2b.laudacentral.eu/product-details/Epiphone-Futura-RD-Custom-Twilight-Shift---GIT-ELE/41812aaa-f812-4bcb-8064-dab4cad48ca8
L0561251;Epiphone Futura Flying V Custom Solaris Shift GIT ELE;0;https://b2b.laudacentral.eu/product-details/Epiphone-Futura-Flying-V-Custom-Solaris-Shift---GIT-ELE/3a953aa0-222e-47e9-af3e-1b9433f5e995
L0561250;Epiphone Futura Flying V Custom Quicksilver Shift GIT ELE;0;https://b2b.laudacentral.eu/product-details/Epiphone-Futura-Flying-V-Custom-Quicksilver-Shift---GIT-ELE/3fa5f6a3-3179-403d-be21-c74f09078749
L0561249;Epiphone Futura Firebird Custom Quicksilver Shift GIT ELE;0;https://b2b.laudacentral.eu/product-details/Epiphone-Futura-Firebird-Custom-Quicksilver-Shift---GIT-ELE/9f8fa606-f834-4cf0-a7cc-83d74d695594
L0561248;Epiphone Futura Firebird Custom Firestorm Shift GIT ELE;0;https://b2b.laudacentral.eu/product-details/Epiphone-Futura-Firebird-Custom-Firestorm-Shift---GIT-ELE/2c1fc120-c54f-4162-bead-a618bdf36b7e
L0561247;Epiphone Futura Explorer Custom Dragonfly Shift GIT ELE;0;https://b2b.laudacentral.eu/product-details/Epiphone-Futura-Explorer-Custom-Dragonfly-Shift---GIT-ELE/f840d848-6cfc-43d1-981d-28b3cbb9aba9
L0561246;Epiphone Futura ES 355 Dragonfly Shift GIT ELE;0;https://b2b.laudacentral.eu/product-details/Epiphone-Futura-ES-355-Dragonfly-Shift---GIT-ELE/43bb9b9b-15a7-42fc-952e-e6db9260b3c1
L0561245;Epiphone Futura ES 355 Firestorm Shift GIT ELE;0;https://b2b.laudacentral.eu/product-details/Epiphone-Futura-ES-355-Firestorm-Shift---GIT-ELE/7c8bd264-6f14-4890-b4ff-afbf061418e0
L0561168;Epiphone EXCLUSIVE ES 335 Block Dark Walnut GITE ELE;0;https://b2b.laudacentral.eu/product-details/Epiphone-EXCLUSIVE-ES-335-Block-Dark-Walnut---GITE-ELE/9968369a-a182-4bb9-b3e0-a5bd32a734fe
L0561147;Epiphone EXCLUSIVE SG Special P 90 TV Yellow GITE ELE;0;https://b2b.laudacentral.eu/product-details/Epiphone-EXCLUSIVE-SG-Special-P-90-TV-Yellow---GITE-ELE/d47cb96b-75b7-499f-b591-f1ea0adc0033
L0561146;Epiphone ZERO TOUCH Ltd Ed SG Special I Ebony GIT ELE;0;https://b2b.laudacentral.eu/product-details/Epiphone-ZERO-TOUCH-Ltd-Ed-SG-Special-I-Ebony---GIT-ELE/963307e9-173d-4d1b-8e11-d1cc42d1edfd
L0561145;Epiphone ZERO TOUCH Ltd Ed SG Special I Cherry GIT ELE;0;https://b2b.laudacentral.eu/product-details/Epiphone-ZERO-TOUCH-Ltd-Ed-SG-Special-I-Cherry---GIT-ELE/d15f858c-d80e-41a8-a511-36dfde0e6b5c
L0561144;Epiphone ZERO TOUCH Ltd Ed Special I Worn Ebony GIT ELE;1;https://b2b.laudacentral.eu/product-details/Epiphone-ZERO-TOUCH-Ltd-Ed-Special-I-Worn-Ebony---GIT-ELE/1cbac4fb-98df-4898-9981-b44ca3cb3329
L0561143;Epiphone ZERO TOUCH Les Paul Special I Worn Gray GIT ELE;0;https://b2b.laudacentral.eu/product-details/Epiphone-ZERO-TOUCH-Les-Paul-Special-I-Worn-Gray---GIT-ELE/35d9e16f-f700-475b-9a56-c89d7cee25cf
L0561139;Epiphone Eric Church Hummingbird Dark Studio Cobra Burst GIT ELE;1;https://b2b.laudacentral.eu/product-details/Epiphone-Eric-Church-Hummingbird-Dark-Studio-Cobra-Burst---GIT-ELE/66f7fe97-be9f-4e7f-83f2-814906336711
L0561134;Epiphone Futura Les Paul Custom Twilight Shift GIT ELE;0;https://b2b.laudacentral.eu/product-details/Epiphone-Futura-Les-Paul-Custom-Twilight-Shift---GIT-ELE/47336ea3-824b-4014-ad15-cb8e09d31ec5
L0561133;Epiphone Futura Les Paul Custom Firestorm Shift GIT ELE;0;https://b2b.laudacentral.eu/product-details/Epiphone-Futura-Les-Paul-Custom-Firestorm-Shift---GIT-ELE/6d725c2f-453b-4a58-b519-8defde8134f8
L0561132;Epiphone Futura Explorer Custom Firestorm Shift GIT ELE;0;https://b2b.laudacentral.eu/product-details/Epiphone-Futura-Explorer-Custom-Firestorm-Shift---GIT-ELE/99f71004-c9c0-4155-a011-c4c625d5cb36
L0561103;Epiphone Bonehead Riviera Left handed Dark Tobacco Burst gitara elektryczna;0;https://b2b.laudacentral.eu/product-details/Epiphone--Bonehead-Riviera---Left-handed-Dark-Tobacco-Burst-gitara-elektryczna/f7128fb4-3d98-43df-a394-3eca11f2ceb9
L0561102;Epiphone Bonehead Riviera Dark Tobacco Burst gitara elektryczna;0;https://b2b.laudacentral.eu/product-details/Epiphone--Bonehead-Riviera-Dark-Tobacco-Burst-gitara-elektryczna/997987cd-e54d-40ce-a74c-8a52daf37432
L0561101;Epiphone Masterbilt Gem Archer Sheraton Left handed Cherry Red gitara elektryczna;0;https://b2b.laudacentral.eu/product-details/Epiphone--Masterbilt-Gem-Archer-Sheraton---Left-handed-Cherry-Red-gitara-elektryczna/d1971756-fa8e-446d-807c-6cd51e26d1d1
L0561100;Epiphone Masterbilt Gem Archer Sheraton Cherry Red gitara elektryczna;0;https://b2b.laudacentral.eu/product-details/Epiphone--Masterbilt-Gem-Archer-Sheraton-Cherry-Red-gitara-elektryczna/810d9bc8-9aed-440e-85d2-2f0ef6365cc8
L0561099;Epiphone Firebird Vintage Sunburst gitara elektryczna;0;https://b2b.laudacentral.eu/product-details/Epiphone--Firebird-Vintage-Sunburst-gitara-elektryczna/b9544c48-0d02-46e7-b75e-19a40fa84fae
L0561098;Epiphone Les Paul Special Double Cut TV Yellow gitara elektryczna;0;https://b2b.laudacentral.eu/product-details/Epiphone--Les-Paul-Special-Double-Cut-TV-Yellow-gitara-elektryczna/7337d908-27c6-4f1c-b811-0e5e625ea00c
L0561097;Epiphone Les Paul Special Double Cut Cherry Red gitara elektryczna;0;https://b2b.laudacentral.eu/product-details/Epiphone--Les-Paul-Special-Double-Cut-Cherry-Red-gitara-elektryczna/1d208e34-1a01-457c-9ec8-1f8847433a8c
L0561096;Epiphone SG Standard Left handed Ebony gitara elektryczna;0;https://b2b.laudacentral.eu/product-details/Epiphone-SG-Standard---Left-handed-Ebony-gitara-elektryczna/7be680a6-a231-44f8-9a7a-6effeb05368f
L0561095;Epiphone SG Standard Left handed Cherry gitara elektryczna;0;https://b2b.laudacentral.eu/product-details/Epiphone-SG-Standard---Left-handed-Cherry-gitara-elektryczna/4566cac2-591c-49a0-ab55-70d323c31788
L0561094;Epiphone Les Paul Special Double Cut Figured Ocean Water gitara elektryczna;0;https://b2b.laudacentral.eu/product-details/Epiphone--Les-Paul-Special-Double-Cut-Figured-Ocean-Water-gitara-elektryczna/e1e38ae2-c0b1-4f52-8bd5-1d5f74936c37
L0561093;Epiphone Les Paul Special Double Cut Figured Bourbon Burst gitara elektryczna;0;https://b2b.laudacentral.eu/product-details/Epiphone--Les-Paul-Special-Double-Cut-Figured-Bourbon-Burst-gitara-elektryczna/2dc8c12e-97b5-4261-b066-65b35f5516b1
L0561092;Epiphone SG Modern Figured Incl Premium Gig Bag Iguana Burst gitara elektryczna;0;https://b2b.laudacentral.eu/product-details/Epiphone--SG-Modern-Figured---Incl-Premium-Gig-Bag-Iguana-Burst-gitara-elektryczna/0227f2ef-0534-4e9d-aec6-d8bd4d27df3b
L0561091;Epiphone Les Paul Standard 60s Figured Left handed Iced Tea Burst gitara elektryczna;0;https://b2b.laudacentral.eu/product-details/Epiphone-Les-Paul-Standard-60s-Figured---Left-handed-Iced-Tea-Burst-gitara-elektryczna/47d05dce-f7a2-4bce-990c-836b638565cb
L0561090;Epiphone Les Paul Standard 60s Left handed Ebony gitara elektryczna;0;https://b2b.laudacentral.eu/product-details/Epiphone-Les-Paul-Standard-60s---Left-handed-Ebony-gitara-elektryczna/70d46f50-4119-43cf-98aa-134d776d4e13
L0561089;Epiphone Les Paul Standard 50s Figured Left handed Washed Cherry Sunburst gitara elektryczna;0;https://b2b.laudacentral.eu/product-details/Epiphone-Les-Paul-Standard-50s-Figured---Left-handed-Washed-Cherry-Sunburst-gitara-elektryczna/d3073c3a-6ef0-4fc9-9820-ea2bef911f1d
L0561088;Epiphone Les Paul Standard 50s Left handed Goldtop gitara elektryczna;0;https://b2b.laudacentral.eu/product-details/Epiphone-Les-Paul-Standard-50s---Left-handed-Goldtop-gitara-elektryczna/d9f9f41e-3496-41ae-a291-09e75479727e
L0561087;Epiphone Flying V 70s Maui Blue gitara elektryczna;0;https://b2b.laudacentral.eu/product-details/Epiphone-Flying-V-70s-Maui-Blue-gitara-elektryczna/3b4bab0d-c962-4037-a462-52638fcf42f6
L0561086;Epiphone Firebird Left handed Wine Red gitara elektryczna;0;https://b2b.laudacentral.eu/product-details/Epiphone-Firebird---Left-handed-Wine-Red-gitara-elektryczna/3ec24602-c759-4f8f-b580-f933dfd57ae5
L0561083;Epiphone SG Prophecy Incl Premium Gig Bag Aged White Tiger gitara elektryczna;0;https://b2b.laudacentral.eu/product-details/Epiphone--SG-Prophecy---Incl-Premium-Gig-Bag-Aged-White-Tiger-gitara-elektryczna/ecca2139-3eb7-4271-9d35-5c53de1f21db
L0561082;Epiphone Flying V Prophecy Incl Premium Gig Bag Left handed Aged White Tiger gitara elektryczna;0;https://b2b.laudacentral.eu/product-details/Epiphone--Flying-V-Prophecy---Incl-Premium-Gig-Bag-Left-handed-Aged-White-Tiger-gitara-elektryczna/aeebb404-aa83-48bd-a6f3-30734b130c1e
L0561081;Epiphone Flying V Prophecy Incl Premium Gig Bag Left handed Aged Bengal Tiger gitara elektryczna;0;https://b2b.laudacentral.eu/product-details/Epiphone-Flying-V-Prophecy---Incl-Premium-Gig-Bag-Left-handed-Aged-Bengal-Tiger-gitara-elektryczna/3dde1994-ea53-44e2-97a2-3f6df9d3fd5b
L0561080;Epiphone Flying V Prophecy Incl Premium Gig Bag Aged White Tiger gitara elektryczna;0;https://b2b.laudacentral.eu/product-details/Epiphone--Flying-V-Prophecy---Incl-Premium-Gig-Bag-Aged-White-Tiger-gitara-elektryczna/b3a93385-4f6a-4fad-8148-d783e78f63a4
L0561079;Epiphone Extura Prophecy Incl Premium Gig Bag Left handed Aged Bengal Tiger gitara elektryczna;0;https://b2b.laudacentral.eu/product-details/Epiphone--Extura-Prophecy---Incl-Premium-Gig-Bag-Left-handed-Aged-Bengal-Tiger-gitara-elektryczna/c725d645-1ec1-4515-acf6-cf606ff4afb0
L0561078;Epiphone Extura Prophecy Incl Premium Gig Bag Left handed Aged White Tiger gitara elektryczna;0;https://b2b.laudacentral.eu/product-details/Epiphone--Extura-Prophecy---Incl-Premium-Gig-Bag-Left-handed-Aged-White-Tiger-gitara-elektryczna/4fdca36b-051e-4eb5-9f4e-6948a3fd6f85
L0561077;Epiphone Extura Prophecy Incl Premium Gig Bag Aged White Tiger gitara elektryczna;0;https://b2b.laudacentral.eu/product-details/Epiphone--Extura-Prophecy---Incl-Premium-Gig-Bag-Aged-White-Tiger-gitara-elektryczna/b09b3756-4ef3-4d17-b1e6-8a84deff0608
L0561076;Epiphone Les Paul Prophecy Incl Premium Gig Bag Left handed Aged Bengal Tiger gitara elektryczna;0;https://b2b.laudacentral.eu/product-details/Epiphone--Les-Paul-Prophecy---Incl-Premium-Gig-Bag-Left-handed-Aged-Bengal-Tiger-gitara-elektryczna/c0ca9b32-e83b-43c3-b832-153856ef3f6d
L0561075;Epiphone Les Paul Prophecy Incl Premium Gig Bag Left handed Aged White Tiger gitara elektryczna;0;https://b2b.laudacentral.eu/product-details/Epiphone--Les-Paul-Prophecy---Incl-Premium-Gig-Bag-Left-handed-Aged-White-Tiger-gitara-elektryczna/0f5d32e0-ed0b-481d-b6d5-1d09e6c01e2c
L0561069;Epiphone J 45 Studio Vintage Sunburst gitara elektroakustyczna;0;https://b2b.laudacentral.eu/product-details/Epiphone-J-45-Studio-Vintage-Sunburst-gitara-elektroakustyczna/a79c6c68-f75c-481c-b2d6-654a78cca50f
L0561068;Epiphone J 45 Studio Natural gitara elektroakustyczna;0;https://b2b.laudacentral.eu/product-details/Epiphone-J-45-Studio-Natural-gitara-elektroakustyczna/2d21e962-e056-4c3e-91d6-d30dfa017be7
L0561067;Epiphone Les Paul Junior TV Yellow gitara elektryczna;1;https://b2b.laudacentral.eu/product-details/Epiphone-Les-Paul-Junior-TV-Yellow-gitara-elektryczna/2437241c-fd0e-42b3-ab84-541c23a487ab
L0561060;Epiphone SG Tribute Plus Vintage Sunburst gitara elektryczna;0;https://b2b.laudacentral.eu/product-details/Epiphone-SG-Tribute-Plus-Vintage-Sunburst-gitara-elektryczna/7dd23faf-9d9d-4ec9-b7cc-04d7124ad4a2
L0561059;Epiphone SG Tribute Plus Ebony Burst gitara elektryczna;0;https://b2b.laudacentral.eu/product-details/Epiphone-SG-Tribute-Plus-Ebony-Burst-gitara-elektryczna/53c21ca9-729a-4879-9f58-cc197a491fb2
L0561058;Epiphone SG Tribute Plus Cherry Burst gitara elektryczna;0;https://b2b.laudacentral.eu/product-details/Epiphone-SG-Tribute-Plus-Cherry-Burst-gitara-elektryczna/5c2c09d0-bd6e-499d-bcec-32dd5968440e
L0561057;Epiphone Les Paul Tribute Plus Vintage Sunburst gitara elektryczna;0;https://b2b.laudacentral.eu/product-details/Epiphone-Les-Paul-Tribute-Plus-Vintage-Sunburst-gitara-elektryczna/2d36883c-3bc0-41ee-a0b3-419d77c002ab
L0561056;Epiphone Les Paul Tribute Plus Heritage Cherry Sunburst gitara elektryczna;0;https://b2b.laudacentral.eu/product-details/Epiphone-Les-Paul-Tribute-Plus-Heritage-Cherry-Sunburst-gitara-elektryczna/bbd44dc0-090b-44d5-a37b-28bc58627572
L0561055;Epiphone Les Paul Tribute Plus Ebony Burst gitara elektryczna;0;https://b2b.laudacentral.eu/product-details/Epiphone-Les-Paul-Tribute-Plus-Ebony-Burst-gitara-elektryczna/657d5eb8-acba-4cb9-8a4b-c5209c84559a
L0561054;Epiphone SG Special P 90 Cherry Red gitara elektryczna;0;https://b2b.laudacentral.eu/product-details/Epiphone-SG-Special-P-90-Cherry-Red-gitara-elektryczna/2928678b-2e1b-4a1b-8827-d55d2e095b53
L0561053;Epiphone Les Paul Modern Figured Incl Premium Gig Bag Iguana Burst gitara elektryczna;0;https://b2b.laudacentral.eu/product-details/Epiphone-Les-Paul-Modern-Figured---Incl-Premium-Gig-Bag-Iguana-Burst-gitara-elektryczna/652287db-af19-41c4-9f16-a96eafe73076
L0561052;Epiphone Joe Bonamassa 59 Les Paul Custom Bigsby Antique Ebony gitara elektryczna;0;https://b2b.laudacentral.eu/product-details/Epiphone-Joe-Bonamassa-59-Les-Paul-Custom-Bigsby-Antique-Ebony-gitara-elektryczna/26e2357f-716f-4556-9dee-33927018059a
L0561051;Epiphone SG Standard Ebony RW gitara elektryczna;0;https://b2b.laudacentral.eu/product-details/Epiphone-SG-Standard-Ebony-RW-gitara-elektryczna/85097193-ef5a-46d0-9c6a-7d9858377721
L0561050;Epiphone SG Standard Cherry RW gitara elektryczna;0;https://b2b.laudacentral.eu/product-details/Epiphone-SG-Standard-Cherry-RW-gitara-elektryczna/94415777-f304-4e80-8e58-b5957a5cd325
L0561049;Epiphone EXCLUSIVE Les Paul Custom Figured Incl Premium Gig Bag Heritage Cherry Sunburst RW gitara elektryczna;0;https://b2b.laudacentral.eu/product-details/Epiphone-EXCLUSIVE-Les-Paul-Custom-Figured---Incl-Premium-Gig-Bag-Heritage-Cherry-Sunburst-RW-gitara-elektryczna/6e4dfbd0-1fc1-4245-b555-aa3b83fe3748
L0561048;Epiphone Les Paul Standard 60s Figured Iced Tea Burst RW gitara elektryczna;0;https://b2b.laudacentral.eu/product-details/Epiphone-Les-Paul-Standard-60s-Figured-Iced-Tea-Burst-RW-gitara-elektryczna/b70ba5f8-30e6-410f-b6e9-ff388b661796
L0561047;Epiphone Les Paul Standard 60s Ebony RW gitara elektryczna;0;https://b2b.laudacentral.eu/product-details/Epiphone-Les-Paul-Standard-60s-Ebony-RW-gitara-elektryczna/d68da6cb-b8c1-4bba-9d8b-35fe20177777
L0561046;Epiphone Les Paul Standard 50s Figured Washed Cherry Sunburst RW gitara elektryczna;0;https://b2b.laudacentral.eu/product-details/Epiphone-Les-Paul-Standard-50s-Figured-Washed-Cherry-Sunburst-RW-gitara-elektryczna/e932dd4c-47bd-42c7-918d-63bf06f3f61a
L0561045;Epiphone Les Paul Standard 50s Goldtop RW gitara elektryczna;0;https://b2b.laudacentral.eu/product-details/Epiphone-Les-Paul-Standard-50s-Goldtop-RW-gitara-elektryczna/0afa1faf-1b03-4c29-8637-b9176ebe8239
L0561044;Epiphone Fatoumata Diawara SG Ember Red wGraphic gitara elektryczna;0;https://b2b.laudacentral.eu/product-details/Epiphone-Fatoumata-Diawara-SG-Ember-Red-wGraphic-gitara-elektryczna/5a7a8975-c074-45b8-9418-a636119cd155
L0561043;Epiphone Firebird Wine Red gitara elektryczna;0;https://b2b.laudacentral.eu/product-details/Epiphone-Firebird-Wine-Red-gitara-elektryczna/8c66d699-8139-4db9-8166-ca0ba2cab860
L0561042;Epiphone EXCLUSIVE Explorer 80s EMG Classic White gitara elektryczna;0;https://b2b.laudacentral.eu/product-details/Epiphone-EXCLUSIVE-Explorer-80s---EMG-Classic-White-gitara-elektryczna/d26a6831-34ed-4004-bf16-f12adec60d4f
L0561040;Epiphone ZERO TOUCH Special II PlusTop TL Trans Blue gitara elektryczna;0;https://b2b.laudacentral.eu/product-details/Epiphone-ZERO-TOUCH-Special-II-PlusTop-TL-Trans-Blue-gitara-elektryczna/a1ee6cf4-9ea9-41a3-b4af-cdb49f68779b
L0561039;Epiphone ZERO TOUCH Special II PlusTop TB Trans Black gitara elektryczna;0;https://b2b.laudacentral.eu/product-details/Epiphone-ZERO-TOUCH-Special-II-PlusTop-TB-Trans-Black-gitara-elektryczna/47f25d6f-c2c8-4dec-b78d-349eae28ea6d
L0561038;Epiphone ZERO TOUCH Special II PlusTop HS gitara elektryczna;0;https://b2b.laudacentral.eu/product-details/Epiphone-ZERO-TOUCH-Special-II-PlusTop-HS-gitara-elektryczna/b0a67698-12b2-4af3-8c7c-4f700c3f5282
L0561034;Epiphone EXCLUSIVE Les Paul Custom P 90 Incl Premium Gig Bag EM gitara elektryczna;0;https://b2b.laudacentral.eu/product-details/Epiphone-EXCLUSIVE-Les-Paul-Custom-P-90---Incl-Premium-Gig-Bag-EM-gitara-elektryczna/b7b318cc-b875-4111-828b-b3fb0abc5625
L0561031;Epiphone ZERO TOUCH Ltd Ed SG Special I PE gitara elektryczna;0;https://b2b.laudacentral.eu/product-details/Epiphone-ZERO-TOUCH-Ltd-Ed-SG-Special-I-PE-gitara-elektryczna/202771fb-acd1-4fea-8f43-fa877825ef82
L0561020;Epiphone 1960 Les Paul Special Double Cut Reissue TV Yellow gitara elektryczna;0;https://b2b.laudacentral.eu/product-details/Epiphone-1960-Les-Paul-Special-Double-Cut-Reissue-TV-Yellow-gitara-elektryczna/7a7f2d66-dcb1-44d4-9445-efff3e512363
L0561019;Epiphone 1962 ES 335 Reissue Left handed Sixties Cherry gitara elektryczna leworeczna;0;https://b2b.laudacentral.eu/product-details/Epiphone-1962-ES-335-Reissue---Left-handed-Sixties-Cherry-gitara-elektryczna-leworeczna/2ec0f13b-84e5-4c0f-81a6-fd32789b067b
L0561018;Epiphone 1962 ES 335 Reissue Vintage Burst gitara elektryczna;0;https://b2b.laudacentral.eu/product-details/Epiphone-1962-ES-335-Reissue-Vintage-Burst-gitara-elektryczna/ca3b6594-f4c3-4c5f-bdef-30d2325ec635
L0561017;Epiphone 1962 ES 335 Reissue Sixties Cherry gitara elektryczna;0;https://b2b.laudacentral.eu/product-details/Epiphone-1962-ES-335-Reissue-Sixties-Cherry-gitara-elektryczna/41c4b86d-6d95-437e-ac6c-0af7fc70c844
L0561013;Epiphone 1964 SG Standard with Maestro Vibrola Reissue Cherry Red gitara elektryczna;0;https://b2b.laudacentral.eu/product-details/Epiphone-1964-SG-Standard-with-Maestro-Vibrola-Reissue-Cherry-Red-gitara-elektryczna/8a133653-59e9-4996-8fd1-79e3c0793bcb
L0561011;Epiphone 1963 Firebird I Reissue Cardinal Red gitara elektryczna;1;https://b2b.laudacentral.eu/product-details/Epiphone-1963-Firebird-I-Reissue-Cardinal-Red-gitara-elektryczna/c2c811d5-a8a5-45f3-a0af-32f1472dae58
L0561008;Epiphone 1960 Les Paul Standard Reissue Left handed Iced Tea Burst gitara elektryczna leworeczna;0;https://b2b.laudacentral.eu/product-details/Epiphone-1960-Les-Paul-Standard-Reissue---Left-handed-Iced-Tea-Burst-gitara-elektryczna-leworeczna/15f2ebc1-3eb8-48d6-9b10-fffc18ab2151
L0561007;Epiphone 1960 Les Paul Standard Reissue Iced Tea Burst gitara elektryczna;0;https://b2b.laudacentral.eu/product-details/Epiphone-1960-Les-Paul-Standard-Reissue-Iced-Tea-Burst-gitara-elektryczna/8080ba33-b47a-4294-a48e-861a34daf403
L0561006;Epiphone 1960 Les Paul Standard Reissue Washed Cherry Sunburst gitara elektryczna;0;https://b2b.laudacentral.eu/product-details/Epiphone-1960-Les-Paul-Standard-Reissue-Washed-Cherry-Sunburst-gitara-elektryczna/f0eb0cd1-b0d8-4488-b5d7-98cfc7e89cbd
L0561003;Epiphone 1959 Les Paul Standard Reissue Left handed Deep Cherry Sunburst gitara elektryczna leworeczna;0;https://b2b.laudacentral.eu/product-details/Epiphone-1959-Les-Paul-Standard-Reissue---Left-handed-Deep-Cherry-Sunburst-gitara-elektryczna-leworeczna/2dc96ccc-633a-4a69-bc78-c4aa7f42718c
L0561002;Epiphone 1959 Les Paul Standard Reissue Washed Bourbon Burst gitara elektryczna;0;https://b2b.laudacentral.eu/product-details/Epiphone-1959-Les-Paul-Standard-Reissue-Washed-Bourbon-Burst-gitara-elektryczna/e8a89bbd-b680-4ef1-8e5f-d685e55faa29
L0561001;Epiphone 1959 Les Paul Standard Reissue Deep Cherry Sunburst gitara elektryczna;0;https://b2b.laudacentral.eu/product-details/Epiphone-1959-Les-Paul-Standard-Reissue-Deep-Cherry-Sunburst-gitara-elektryczna/0056d1a4-13a9-48ec-b5f4-c9969941a628
L0561000;Epiphone 1957 Les Paul Goldtop Reissue Double Gold gitara elektryczna;0;https://b2b.laudacentral.eu/product-details/Epiphone-1957-Les-Paul-Goldtop-Reissue-Double-Gold-gitara-elektryczna/f84cbc2c-1ae0-409f-a1ad-30c47e0b0a21
L0560993;Epiphone 1963 Firebird V With Maestro Vibrola Reissue Left handed Polaris White gitara elektryczna leworeczna;0;https://b2b.laudacentral.eu/product-details/Epiphone-1963-Firebird-V-With-Maestro-Vibrola-Reissue---Left-handed-Polaris-White-gitara-elektryczna-leworeczna/9787771e-42be-4ab5-a076-5fd9124b79d1
L0560992;Epiphone 1963 Firebird V With Maestro Vibrola Reissue Polaris White gitara elektryczna;0;https://b2b.laudacentral.eu/product-details/Epiphone-1963-Firebird-V-With-Maestro-Vibrola-Reissue-Polaris-White-gitara-elektryczna/9db2926a-3fc6-463c-871f-8c47dc3792da
L0560981;Epiphone DISC Les Paul Standard 60s Incl Premium Gig Bag Silver Mist gitara elektryczna;0;https://b2b.laudacentral.eu/product-details/Epiphone-DISC-Les-Paul-Standard-60s-Incl-Premium-Gig-Bag-Silver-Mist-gitara-elektryczna/0f773ea0-2471-4af3-8294-074cd908c02d
L0560978;Epiphone DISC Les Paul Standard 60s Incl Premium Gig Bag Heather Poly gitara elektryczna;1;https://b2b.laudacentral.eu/product-details/Epiphone-DISC-Les-Paul-Standard-60s-Incl-Premium-Gig-Bag-Heather-Poly-gitara-elektryczna/c7589712-6b07-4fdc-844e-0264be5e60b4
L0560973;Epiphone DISC Les Paul Standard 50s Figured Incl Premium Gig Bag Washed Cherry Sunburst gitara elektryczna;0;https://b2b.laudacentral.eu/product-details/Epiphone-DISC-Les-Paul-Standard-50s-Figured-Incl-Premium-Gig-Bag-Washed-Cherry-Sunburst-gitara-elektryczna/8114f22d-7562-4185-81c3-fc439df8b009
L0560971;Epiphone DISC Les Paul Standard 50s Incl Premium Gig Bag Inverness Green gitara elektryczna;0;https://b2b.laudacentral.eu/product-details/Epiphone-DISC-Les-Paul-Standard-50s-Incl-Premium-Gig-Bag-Inverness-Green-gitara-elektryczna/3b501013-e07a-4976-8df2-97387cec67c7
L0560969;Epiphone DISC Les Paul Standard 50s Incl Premium Gig Bag Cardinal Red gitara elektryczna;0;https://b2b.laudacentral.eu/product-details/Epiphone-DISC-Les-Paul-Standard-50s-Incl-Premium-Gig-Bag-Cardinal-Red-gitara-elektryczna/49e54f04-1d84-4c08-930e-2e080ce0975a
L0560966;Epiphone SG Custom 2 Hum Incl Premium Gig Bag Ebony gitara elektryczna;0;https://b2b.laudacentral.eu/product-details/Epiphone-SG-Custom-2-Hum-Incl-Premium-Gig-Bag-Ebony-gitara-elektryczna/1b1cf8d4-8d73-4ea1-b872-c7af34fc915b
L0560965;Epiphone SG Custom 2 Hum Incl Premium Gig Bag Alpine White gitara elektryczna;0;https://b2b.laudacentral.eu/product-details/Epiphone-SG-Custom-2-Hum-Incl-Premium-Gig-Bag-Alpine-White-gitara-elektryczna/308c8866-a51b-4c8e-9ef3-426002054824
L0560963;Epiphone Les Paul Custom Incl Premium Gig Bag Ebony gitara elektryczna;0;https://b2b.laudacentral.eu/product-details/Epiphone-Les-Paul-Custom-Incl-Premium-Gig-Bag-Ebony-gitara-elektryczna/5c44f78c-3004-48cd-bbc5-ce3f00bf6cbd
L0560962;Epiphone Les Paul Custom Incl Premium Gig Bag Alpine White gitara elektryczna;0;https://b2b.laudacentral.eu/product-details/Epiphone-Les-Paul-Custom-Incl-Premium-Gig-Bag-Alpine-White-gitara-elektryczna/f25f987c-f539-4422-9230-86c943a42049
L0560958;Epiphone SG Tribute Ebony gitara elektryczna;1;https://b2b.laudacentral.eu/product-details/Epiphone-SG-Tribute-Ebony-gitara-elektryczna/7cd0eb12-d627-473c-ae34-58eed7015da9
L0560956;Epiphone SG Tribute Cherry gitara elektryczna;0;https://b2b.laudacentral.eu/product-details/Epiphone-SG-Tribute-Cherry-gitara-elektryczna/c85c5399-8ae7-46e2-9e62-2710ec03e93d
L0560955;Epiphone Les Paul Tribute Vintage Sunburst gitara elektryczna;1;https://b2b.laudacentral.eu/product-details/Epiphone-Les-Paul-Tribute-Vintage-Sunburst-gitara-elektryczna/a5aff6e3-52af-4f24-a78c-e6c1d0ab08a1
L0560954;Epiphone Les Paul Tribute Heritage Cherry Sunburst LEFTY gitara elektryczna leworeczna;0;https://b2b.laudacentral.eu/product-details/Epiphone-Les-Paul-Tribute-Heritage-Cherry-Sunburst-LEFTY-gitara-elektryczna-leworeczna/e7137403-79c6-4157-aa0e-ab99e626a1a9
L0560953;Epiphone Les Paul Tribute Heritage Cherry Sunburst gitara elektryczna;0;https://b2b.laudacentral.eu/product-details/Epiphone-Les-Paul-Tribute-Heritage-Cherry-Sunburst-gitara-elektryczna/10c1286b-914c-4b66-959c-7fe0244d5937
L0560952;Epiphone Les Paul Tribute Ebony gitara elektryczna;0;https://b2b.laudacentral.eu/product-details/Epiphone-Les-Paul-Tribute-Ebony-gitara-elektryczna/38bdb7ef-ddcb-48cd-ae71-64db67c6048b
L0560915;Epiphone Les Paul Custom Incl Hard Case Ebony gitara elektryczna;0;https://b2b.laudacentral.eu/product-details/Epiphone-Les-Paul-Custom-Incl-Hard-Case-Ebony-gitara-elektryczna/5b7f22bd-4d2c-4c6b-82bc-151a2ffcfed5
L0560914;Epiphone Les Paul Custom Incl Hard Case Alpine White gitara elektryczna;0;https://b2b.laudacentral.eu/product-details/Epiphone-Les-Paul-Custom-Incl-Hard-Case-Alpine-White-gitara-elektryczna/9784365e-e8c3-4347-87ad-5a37cad527a4
L0560909;Epiphone 1963 Les Paul SG Custom With Maestro Vibrola Incl Hard Case Classic White gitara elektryczna;0;https://b2b.laudacentral.eu/product-details/Epiphone-1963-Les-Paul-SG-Custom-With-Maestro-Vibrola-Incl-Hard-Case-Classic-White-gitara-elektryczna/2e1e28ca-42ce-4620-b46c-d2972f17f5d5
L0560901;Epiphone 1959 ES 355 Incl Hard Case Cherry Red gitara elektryczna;0;https://b2b.laudacentral.eu/product-details/Epiphone-1959-ES-355-Incl-Hard-Case-Cherry-Red-gitara-elektryczna/5eb495c0-0f44-40f8-9838-0d98b431ad00
L0560898;Epiphone EXCLUSIVE Firebird Incl Premium Gig Bag Ruby Red Metallic gitara elektryczna;0;https://b2b.laudacentral.eu/product-details/Epiphone-EXCLUSIVE-Firebird-Incl-Premium-Gig-Bag-Ruby-Red-Metallic-gitara-elektryczna/b0fc3724-96aa-4a9f-9282-300819b0e265
L0560897;Epiphone EXCLUSIVE Explorer Incl Premium Gig Bag Ruby Red Metallic gitara elektryczna;0;https://b2b.laudacentral.eu/product-details/Epiphone-EXCLUSIVE-Explorer-Incl-Premium-Gig-Bag-Ruby-Red-Metallic-gitara-elektryczna/7adaa1d8-6f35-42c4-b255-4446f738226f
L0560896;Epiphone EXCLUSIVE Flying V Incl Premium Gig Bag Ruby Red Metallic gitara elektryczna;0;https://b2b.laudacentral.eu/product-details/Epiphone-EXCLUSIVE-Flying-V-Incl-Premium-Gig-Bag-Ruby-Red-Metallic-gitara-elektryczna/f8d623ce-6477-48b9-91a7-8eda2f6c236f
L0560892;Epiphone EXCLUSIVE Flying V Incl Premium Gig BagPurple Sparkle gitara elektryczna;0;https://b2b.laudacentral.eu/product-details/Epiphone-EXCLUSIVE-Flying-V-Incl-Premium-Gig-BagPurple-Sparkle-gitara-elektryczna/57a9c95b-bb97-4094-87df-2371b67f9482
L0560890;Epiphone EXCLUSIVE Les Paul Standard 60s Figured Incl Premium Gig Bag Heritage Cherry Sunburst gitara elektryczna;0;https://b2b.laudacentral.eu/product-details/Epiphone-EXCLUSIVE-Les-Paul-Standard-60s-Figured-Incl-Premium-Gig-Bag-Heritage-Cherry-Sunburst-gitara-elektryczna/4c5bf76c-cec7-4718-9d42-b353067fa3c6
L0560888;Epiphone EXCLUSIVE Les Paul Standard 60s Incl Premium Gig Bag Candy Red Metallic gitara elektryczna;0;https://b2b.laudacentral.eu/product-details/Epiphone-EXCLUSIVE-Les-Paul-Standard-60s-Incl-Premium-Gig-Bag-Candy-Red-Metallic-gitara-elektryczna/d7e1332e-66d3-45c0-a815-10067528f878
L0560887;Epiphone EXCLUSIVE Les Paul Standard 60s Figured Incl Premium Gig Bag Fireball gitara elektryczna;0;https://b2b.laudacentral.eu/product-details/Epiphone-EXCLUSIVE-Les-Paul-Standard-60s-Figured-Incl-Premium-Gig-Bag-Fireball-gitara-elektryczna/db9797b6-d240-4d2f-99e0-ca777ab2fa55
L0560886;Epiphone EXCLUSIVE ES 335 Bigsby Incl Premium Gig Bag Watermelon Red gitara elektryczna;0;https://b2b.laudacentral.eu/product-details/Epiphone-EXCLUSIVE-ES-335-Bigsby-Incl-Premium-Gig-Bag-Watermelon-Red-gitara-elektryczna/29fef3f0-e300-4c04-a3bc-934c3bd9bdd8
L0560884;Epiphone EXCLUSIVE Les Paul Standard 60s Incl Premium Gig Bag Purple Sparkle gitara elektryczna;0;https://b2b.laudacentral.eu/product-details/Epiphone-EXCLUSIVE-Les-Paul-Standard-60s-Incl-Premium-Gig-Bag-Purple-Sparkle-gitara-elektryczna/2842a61b-20b9-474d-b8ca-f0149dfe4bac
L0560883;Epiphone EXCLUSIVE Les Paul Standard 60s Incl Premium Gig Bag Brunswick Blue Sparkle gitara elektryczna;0;https://b2b.laudacentral.eu/product-details/Epiphone-EXCLUSIVE-Les-Paul-Standard-60s-Incl-Premium-Gig-Bag-Brunswick-Blue-Sparkle-gitara-elektryczna/6541953b-f1ae-49a7-bb6a-1c8af17769ca
L0560882;Epiphone EXCLUSIVE ES 335 Figured Small Block Inlay Incl Premium Gig Bag Sixties Cherry gitara elektryczna;0;https://b2b.laudacentral.eu/product-details/Epiphone-EXCLUSIVE-ES-335-Figured-Small-Block-Inlay-Incl-Premium-Gig-Bag-Sixties-Cherry-gitara-elektryczna/c4aad8d8-c44d-47b8-859d-60d43b56c553
L0560881;Epiphone EXCLUSIVE SG Custom Figured Incl Premium Gig Bag Viper Blue gitara elektryczna;0;https://b2b.laudacentral.eu/product-details/Epiphone-EXCLUSIVE-SG-Custom-Figured-Incl-Premium-Gig-Bag-Viper-Blue-gitara-elektryczna/b9535a6c-6e06-44cc-8af3-d56c8278337b
L0560879;Epiphone EXCLUSIVE ES 335 Incl Premium Gig Bag Olive Drab gitara elektryczna;0;https://b2b.laudacentral.eu/product-details/Epiphone-EXCLUSIVE-ES-335-Incl-Premium-Gig-Bag-Olive-Drab-gitara-elektryczna/faa5abf3-34a3-4578-9cf9-0abb60b1b76f
L0560878;Epiphone EXCLUSIVE SG Standard 60s Incl Premium Gig Bag Dark Wine Red gitara elektryczna;0;https://b2b.laudacentral.eu/product-details/Epiphone-EXCLUSIVE-SG-Standard-60s-Incl-Premium-Gig-Bag-Dark-Wine-Red-gitara-elektryczna/08a8edcb-0adc-4db7-81be-8061e9ae4c70
L0560877;Epiphone EXCLUSIVE Les Paul Special Incl Premium Gig Bag Pelham Blue gitara elektryczna;0;https://b2b.laudacentral.eu/product-details/Epiphone-EXCLUSIVE-Les-Paul-Special-Incl-Premium-Gig-Bag-Pelham-Blue-gitara-elektryczna/ff2019ea-2bd0-4aac-9243-a8e7c6e7f63d
L0560870;Epiphone Thunderbird 64 Silver Mist gitara elektryczna;0;https://b2b.laudacentral.eu/product-details/Epiphone-Thunderbird-64-Silver-Mist-gitara-elektryczna/ab14748a-2410-4888-921a-0655e1aa7603
L0560868;Epiphone Thunderbird 64 Ember Red gitara elektryczna;0;https://b2b.laudacentral.eu/product-details/Epiphone-Thunderbird-64-Ember-Red-gitara-elektryczna/7ba3c30f-48e7-42bc-9ef1-880e071c841a
L0560859;Epiphone DISC 1963 Firebird I Incl Hard Case Heather Poly gitara elektryczna;0;https://b2b.laudacentral.eu/product-details/Epiphone-DISC-1963-Firebird-I-Incl-Hard-Case-Heather-Poly-gitara-elektryczna/ca4ad161-b2fe-45af-94b4-805ef0c3a699
L0560846;Epiphone DISC Kirk Hammett Greeny 1959 Les Paul Standard Incl Hard Case Greeny Burst gitara elektryczna;0;https://b2b.laudacentral.eu/product-details/Epiphone-DISC-Kirk-Hammett-Greeny-1959-Les-Paul-Standard-Incl-Hard-Case-Greeny-Burst-gitara-elektryczna/e8f99cf1-93a9-4160-90e0-477510d934b8
L0560845;Epiphone Adam Jones 1979 Les Paul Custom Incl Protector Case Antique Silverburst gitara elektryczna;0;https://b2b.laudacentral.eu/product-details/Epiphone-Adam-Jones-1979-Les-Paul-Custom-Incl-Protector-Case-Antique-Silverburst-gitara-elektryczna/c0862d93-0fd7-4c16-ba17-7b989b69af35
L0560800;Epiphone DISC Dave Mustaine Flying V Custom Incl Hard Case;0;https://b2b.laudacentral.eu/product-details/Epiphone-DISC-Dave-Mustaine-Flying-V-Custom-Incl-Hard-Case/6540e75b-9555-4ec9-ae33-22d7d1cc9136
L0560795;Epiphone Sheraton Left handed VS gitara elektryczna leworeczna;0;https://b2b.laudacentral.eu/product-details/Epiphone-Sheraton-Left-handed-VS--gitara-elektryczna-leworeczna/f2ae06c4-eb8c-4edc-bfbc-43c7f8f0029f
L0560794;Epiphone Sheraton VS gitara elektryczna;0;https://b2b.laudacentral.eu/product-details/Epiphone-Sheraton-VS-gitara-elektryczna/218e611f-17d8-42a5-8d34-6eb24d2816ff
L0560793;Epiphone Sheraton Left handed NA gitara elektryczna leworeczna;0;https://b2b.laudacentral.eu/product-details/Epiphone-Sheraton-Left-handed-NA--gitara-elektryczna-leworeczna/33a4dba3-5c64-43eb-b3ba-30bf63af59d3
L0560792;Epiphone Sheraton NA gitara elektryczna;0;https://b2b.laudacentral.eu/product-details/Epiphone-Sheraton-NA-gitara-elektryczna/0f54f9ee-199d-44a9-9a2f-6f3e38bb2b0f
L0560791;Epiphone Casino Left handed VS gitara elektryczna;0;https://b2b.laudacentral.eu/product-details/Epiphone-Casino-Left-handed-VS-gitara-elektryczna/bf6f62db-709e-4c08-8511-ce4bb7e63610
L0560790;Epiphone Casino VS gitara elektryczna;0;https://b2b.laudacentral.eu/product-details/Epiphone-Casino-VS-gitara-elektryczna/9bc16d76-ee49-4f3f-9cc0-4bb05a86b6d1
L0560789;Epiphone Casino Left handed NA gitara elektryczna leworeczna;0;https://b2b.laudacentral.eu/product-details/Epiphone-Casino-Left-handed-NA--gitara-elektryczna-leworeczna/0e64cd17-2024-4854-b27a-ab932ca63a5f
L0560788;Epiphone Casino NA gitara elektryczna;0;https://b2b.laudacentral.eu/product-details/Epiphone-Casino-NA-gitara-elektryczna/7c1ee6ad-75d3-447f-b222-fbc2b1826e4d
L0560787;Epiphone Broadway Left handed WR gitara elektryczna leworeczna;0;https://b2b.laudacentral.eu/product-details/Epiphone-Broadway-Left-handed-WR-gitara-elektryczna-leworeczna/a0f5b6b1-271f-4526-ac66-56749df122a2
L0560786;Epiphone Broadway WR gitara elektryczna;0;https://b2b.laudacentral.eu/product-details/Epiphone-Broadway-WR-gitara-elektryczna/31f1a2ea-6bc3-4578-b8c0-0c041bc2cd57
L0560785;Epiphone Broadway Left handed VS gitara elektryczna leworeczna;0;https://b2b.laudacentral.eu/product-details/Epiphone-Broadway-Left-handed--VS-gitara-elektryczna-leworeczna/143d5c77-5546-4366-9d6a-c3e13b3fa1b9
L0560784;Epiphone Broadway VS gitara elektryczna;1;https://b2b.laudacentral.eu/product-details/Epiphone-Broadway-VS-gitara-elektryczna/7c17f452-a8e3-4f58-a04d-b419bfae5b76
L0560771;Epiphone DISC Korina Flying V Incl Hard Case ANA gitara elektryczna;0;https://b2b.laudacentral.eu/product-details/Epiphone-DISC-Korina-Flying-V-Incl-Hard-Case-ANA-gitara-elektryczna/2e4f27f9-31f1-40f7-9391-3ff0d99ad4ba
L0560735;Epiphone BB King Lucille Incl EpiLite Case EB Ebony gitara elektryczna;0;https://b2b.laudacentral.eu/product-details/Epiphone-BB-King-Lucille-Incl-EpiLite-Case-EB-Ebony-gitara-elektryczna/8dea8e7c-7d2e-405d-a456-a01ea6f0f16b
L0560724;Epiphone ES 335 Left handed VS Vintage Sunburst gitara elektryczna leworeczna;0;https://b2b.laudacentral.eu/product-details/Epiphone-ES-335-Left-handed-VS-Vintage-Sunburst-gitara-elektryczna-leworeczna/08c768a5-e96e-4df5-b9f6-46e35524b763
L0560600;Epiphone Coronet EB gitara elektryczna;0;https://b2b.laudacentral.eu/product-details/Epiphone-Coronet-EB-gitara-elektryczna/36127218-2d87-4939-8c43-06f9205e1f86
L0560599;Epiphone Coronet CH gitara elektryczna;0;https://b2b.laudacentral.eu/product-details/Epiphone-Coronet-CH-gitara-elektryczna/68c0f819-570b-49e9-aa41-6296a769eb80
L0560598;Epiphone Wilshire P 90S EB gitara elektryczna;0;https://b2b.laudacentral.eu/product-details/Epiphone-Wilshire-P-90S-EB-gitara-elektryczna/8e5afbd4-0a8f-4efb-b9e0-9408413848fb
L0560597;Epiphone Wilshire P 90S CH gitara elektryczna;0;https://b2b.laudacentral.eu/product-details/Epiphone-Wilshire-P-90S-CH-gitara-elektryczna/5bf0b35a-3132-4061-ae74-1eab2f3de70f
L0560596;Epiphone Crestwood Custom Tremotone CH gitara elektryczna;0;https://b2b.laudacentral.eu/product-details/Epiphone-Crestwood-Custom-Tremotone-CH-gitara-elektryczna/f367c2bb-4131-4bfe-8040-1d10179cc334
L0560595;Epiphone Crestwood Custom Tremotone PO gitara elektryczna;0;https://b2b.laudacentral.eu/product-details/Epiphone-Crestwood-Custom-Tremotone-PO-gitara-elektryczna/d8a7766a-7db1-4ca0-a43a-287723cad055
L0560591;Epiphone Riviera Frequensator Tailpiece SBU Sparkling Burgundy gitara elektryczna;0;https://b2b.laudacentral.eu/product-details/Epiphone-Riviera-Frequensator-Tailpiece-SBU-Sparkling-Burgundy-gitara-elektryczna/c6a3bcc5-9e55-449e-8d5b-abdcfb462e9d
L0560590;Epiphone Riviera Frequensator Tailpiece RT Royal Tan gitara elektryczna;0;https://b2b.laudacentral.eu/product-details/Epiphone-Riviera-Frequensator-Tailpiece-RT-Royal-Tan-gitara-elektryczna/dd9f5981-d680-4fae-9dd2-838883ac59dc
L0560577;Epiphone ES335 Figured RTB Raspberry Tea Burst gitara elektryczna;0;https://b2b.laudacentral.eu/product-details/Epiphone-ES335-Figured-RTB-Raspberry-Tea-Burst-gitara-elektryczna/a3d46464-b223-49e4-9d1b-961dde5a55b3
L0560576;Epiphone ES335 Figured BBB Blueberry Burst gitara elektryczna;0;https://b2b.laudacentral.eu/product-details/Epiphone-ES335-Figured-BBB-Blueberry-Burst-gitara-elektryczna/96a710c2-bf50-4c22-a621-64a681a499a3
L0560575;Epiphone ES335 VS Vintage Sunburst gitara elektryczna;0;https://b2b.laudacentral.eu/product-details/Epiphone-ES335-VS-Vintage-Sunburst-gitara-elektryczna/b51597b5-be37-4be5-a3cb-e63e070f29d2
L0560574;Epiphone ES335 CH Cherry gitara elektryczna;0;https://b2b.laudacentral.eu/product-details/Epiphone-ES335-CH-Cherry-gitara-elektryczna/6eb4b537-4297-4efe-bb2d-5e24da6f8f3a
L0560573;Epiphone DISC Les Paul Prophecy RTA Red Tiger Aged Gloss gitara elektryczna;0;https://b2b.laudacentral.eu/product-details/Epiphone-DISC-Les-Paul-Prophecy-RTA-Red-Tiger-Aged-Gloss-gitara-elektryczna/a1e49501-0e5e-4967-b3a1-0f253f82d46a
L0560562;Epiphone ES 339 VS Vintage Sunburst gitara elektryczna;0;https://b2b.laudacentral.eu/product-details/Epiphone-ES-339-VS-Vintage-Sunburst-gitara-elektryczna/71272aae-d2f3-491b-a495-dea1633cecaa
L0560559;Epiphone ES 339 CH Cherry gitara elektryczna;0;https://b2b.laudacentral.eu/product-details/Epiphone-ES-339-CH-Cherry-gitara-elektryczna/8ee98e59-d78e-48b7-ba7d-01e6e35a196a
L0560516;Epiphone DISC SG Modern Figured TBF Trans Black Fade gitara elektryczna;0;https://b2b.laudacentral.eu/product-details/Epiphone-DISC-SG-Modern-Figured-TBF-Trans-Black-Fade-gitara-elektryczna/afbc9559-e491-4af0-955d-338ab370b43d
L0560512;Epiphone DISC Les Paul Studio AW Alpine White gitara elektryczna;0;https://b2b.laudacentral.eu/product-details/Epiphone-DISC-Les-Paul-Studio-AW-Alpine-White-gitara-elektryczna/6e8bfa34-071f-4f1c-9823-e765a9f6bfdc
L0560507;Epiphone DISC Les Paul Standard 50s MG Metallic Gold gitara elektryczna;0;https://b2b.laudacentral.eu/product-details/Epiphone-DISC-Les-Paul-Standard-50s-MG-Metallic-Gold-gitara-elektryczna/6582e1fa-fb6c-4aed-af63-093b5ca6971a
L0560502;Epiphone DISC Les Paul Junior VS Tobacco Burst gitara elektryczna;0;https://b2b.laudacentral.eu/product-details/Epiphone-DISC-Les-Paul-Junior-VS-Tobacco-Burst-gitara-elektryczna/5364a07f-a1ac-42ba-80bc-cfd6e924fbee
L0560492;Epiphone DISC Uptown Kat ES RUM Rubby Red Metallic gitara elektryczna;0;https://b2b.laudacentral.eu/product-details/Epiphone-DISC-Uptown-Kat-ES-RUM-Rubby-Red-Metallic-gitara-elektryczna/e2b971f3-e939-4bdf-b5de-c079d582a531
L0560387;Epiphone ZERO TOUCH Les Paul Melody Maker E1 SY Sunset Yellow gitara elektryczna;0;https://b2b.laudacentral.eu/product-details/Epiphone-ZERO-TOUCH-Les-Paul-Melody-Maker-E1-SY-Sunset-Yellow-gitara-elektryczna/c44d9ea3-ff68-4f83-97fd-e88e188f5e00
L0560348;Epiphone DISC SG Special Satin E1 CHV Cherry Vintage gitara elektryczna;0;https://b2b.laudacentral.eu/product-details/Epiphone-DISC-SG-Special-Satin-E1-CHV-Cherry-Vintage-gitara-elektryczna/e7d67c33-d370-4022-a349-54e1c3088272
L0560319;Epiphone DISC Les Paul Special Satin E1 HSV Heritage Cherry Vintage gitara elektryczna;0;https://b2b.laudacentral.eu/product-details/Epiphone-DISC-Les-Paul-Special-Satin-E1-HSV-Heritage-Cherry-Vintage-gitara-elektryczna/7be882fe-662f-4b1b-af32-452c7eaee2db
L0560318;Epiphone DISC Les Paul Special Satin E1 EBV Ebony Vintage gitara elektryczna;0;https://b2b.laudacentral.eu/product-details/Epiphone-DISC-Les-Paul-Special-Satin-E1-EBV-Ebony-Vintage-gitara-elektryczna/727530cc-6991-48c3-a32b-499f30512d78
L0560223;Epiphone DISC SPECIAL II VS PLAYER PACK zestaw gitarowy;0;https://b2b.laudacentral.eu/product-details/Epiphone-DISC-SPECIAL-II-VS-PLAYER-PACK-zestaw-gitarowy/ba066cef-96b6-4a8d-91a8-8d405cf1c760
L0560220;Epiphone DISC SPECIAL II EB PLAYER PACK zestaw gitarowy;0;https://b2b.laudacentral.eu/product-details/Epiphone-DISC-SPECIAL-II-EB-PLAYER-PACK-zestaw-gitarowy/c9e0c321-dd60-4750-bf72-9c8400a963b1
L0560217;Epiphone DISC SLASH AFD LP SPECIAL II PERFORMANCE PACK zestaw gitarowy;0;https://b2b.laudacentral.eu/product-details/Epiphone-DISC-SLASH-AFD-LP-SPECIAL-II-PERFORMANCE-PACK-zestaw-gitarowy/15c97f97-d811-4a27-9f55-af9a33a571ae
L0560212;Epiphone DISC SHERATON II PRO VS gitara elektryczna;0;https://b2b.laudacentral.eu/product-details/Epiphone-DISC-SHERATON-II-PRO-VS-gitara-elektryczna/7118f4d1-11db-41fe-8396-2fbb9c01f61a
L2050027;Arrow Calma 34 gloss gitara klasyczna 34;1;https://b2b.laudacentral.eu/product-details/Arrow-Calma-34-gloss---gitara-klasyczna-34/0928bc4b-6f25-48f5-a55d-66d8bdfe6d47
L2050026;Arrow Calma 34 mat gitara klasyczna 34;1;https://b2b.laudacentral.eu/product-details/Arrow-Calma-34-mat---gitara-klasyczna-34/bebf4a2b-7b09-4af7-b3ec-28dd0e6ed0ae
L2050025;Arrow Calma 12 gloss gitara klasyczna 12;1;https://b2b.laudacentral.eu/product-details/Arrow-Calma-12-gloss---gitara-klasyczna-12/fbeb4811-e805-4e5b-b968-91620ed2fcd6
L2050024;Arrow Calma 12 mat gitara klasyczna 12;1;https://b2b.laudacentral.eu/product-details/Arrow-Calma-12-mat---gitara-klasyczna-12/2564fd60-2982-425f-b535-42b608a9c607
L2050015;Arrow Calma 44 mat gitara klasyczna 44;0;https://b2b.laudacentral.eu/product-details/Arrow-Calma-44-mat---gitara-klasyczna-44/4196786d-a2e8-4d35-82e0-f0e18e600ba4
L2050002;Arrow Calma 44 gloss gitara klasyczna 44;0;https://b2b.laudacentral.eu/product-details/Arrow-Calma-44-gloss---gitara-klasyczna-44/61a1ef36-55cc-45a6-8370-69575918372d
L0560309;Epiphone Classical E1 34 Size Nylon 188 nut AN Antique Natural gitara klasyczna;1;https://b2b.laudacentral.eu/product-details/Epiphone-Classical-E1-34-Size-Nylon-188-nut-AN-Antique-Natural-gitara-klasyczna/7aed82be-0be4-4350-98f6-273dc5d340cc
L0560187;Epiphone Classical E1 Nylon 175 nut AN Antique Natural gitara klasyczna;1;https://b2b.laudacentral.eu/product-details/Epiphone-Classical-E1-Nylon-175-nut-AN-Antique-Natural-gitara-klasyczna/529cd511-b387-478b-9746-82fc109f8667
L0560186;Epiphone Classical E1 Full Size Nylon 20 nut AN Antique Natural gitara klasyczna;0;https://b2b.laudacentral.eu/product-details/Epiphone-Classical-E1-Full-Size-Nylon-20-nut-AN-Antique-Natural-gitara-klasyczna/5756501b-bd72-457b-b834-2272b1e2c7e2
L1080085;Novox MOBIVOX Lite bateryjny glosnik aktywny 300W;1;https://b2b.laudacentral.eu/product-details/Novox-MOBIVOX-Lite----bateryjny-glosnik-aktywny-300W/78b702c3-ae1d-4b38-aaf6-4b9cd7fbe823
L1910225;Fractal Morph MINI WASH glowa LEDWash;1;https://b2b.laudacentral.eu/product-details/Fractal-Morph-MINI-WASH---glowa-LEDWash/c8461ec6-c70e-45fc-aca0-4afcb50f00b8
L1910214;Fractal Lights SOLORAY 100W LED LED RING MOVING HEAD lampa LED;1;https://b2b.laudacentral.eu/product-details/Fractal-Lights-SOLORAY-100W-LED--LED-RING-MOVING-HEAD----lampa-LED/1c35bb67-76a7-4fdb-aa57-d2b3ceafc0bf
L1910213;Fractal Lights SOLORAY 40W Led Mini Moving HEAD lampa LED;1;https://b2b.laudacentral.eu/product-details/Fractal-Lights-SOLORAY-40W-Led-Mini-Moving-HEAD----lampa-LED/08d17b42-0d0c-4d15-8a4a-a9371079d2bd
L1910212;Fractal Lights DUORAY WASHSCOPE lampa LED;1;https://b2b.laudacentral.eu/product-details/Fractal-Lights-DUORAY-WASHSCOPE----lampa-LED/11db1c59-5efa-457b-b024-1c7cfd65c2c2
L1910211;Fractal Lights DUORAY LASERSCOPE lampa LED;1;https://b2b.laudacentral.eu/product-details/Fractal-Lights-DUORAY-LASERSCOPE----lampa-LED/d1ee6d67-3678-4138-9b56-c3d5a3aaa303
L1910210;Fractal Lights SYMETRO 100W 6x4W Moving Light lampa LED;1;https://b2b.laudacentral.eu/product-details/Fractal-Lights-SYMETRO-100W--6x4W-Moving-Light----lampa-LED/555eaec7-a8b4-4e17-9d61-bfca7e652774
L1910203;Fractal Lights SOLORAY 19x12W Zoom Moving Head Light lampa LED;1;https://b2b.laudacentral.eu/product-details/Fractal-Lights-SOLORAY-19x12W-Zoom-Moving-Head-Light----lampa-LED/799ff766-251b-4091-bd8d-516cbd658804
L1910202;Fractal Lights Morph MINI PIX 7x40W glowa ruchoma;1;https://b2b.laudacentral.eu/product-details/Fractal-Lights-Morph-MINI-PIX-7x40W---glowa-ruchoma/4b9cb506-a196-49d4-9152-98a6ca3eafe5
L1910201;Fractal Lights Morph MINI 7x40W glowa ruchoma;0;https://b2b.laudacentral.eu/product-details/Fractal-Lights-Morph-MINI-7x40W---glowa-ruchoma/ce2ee5dc-ddc5-417e-a16d-01cb4c41f2af
L1910198;Fractal Lights Symetro BSW 250 Beam 3in1;0;https://b2b.laudacentral.eu/product-details/Fractal-Lights-Symetro-BSW-250-Beam-3in1/56a25b34-8e9f-461f-849c-1d108aa6edea
L1910182;Fractal Lights O Ring 230w mini 7R beam moving head;1;https://b2b.laudacentral.eu/product-details/Fractal-Lights-O-Ring-230w-mini-7R-beam-moving-head/3f689d02-4169-4193-8eca-3b60865861d2
L1910180;Fractal Lights Elite spot LED 550W;1;https://b2b.laudacentral.eu/product-details/Fractal-Lights-Elite--spot-LED-550W/5deb4346-44de-43a2-ba72-ccdd20f6b443
L1910179;Fractal Lights DISC Elite spot LED 400W;0;https://b2b.laudacentral.eu/product-details/Fractal-Lights-DISC-Elite-spot-LED-400W/a08ca9da-6716-46d2-9820-4bdca4881122
L1910133;Fractal Lights DISC MORPH 150 W Moving Head 3 in 1;0;https://b2b.laudacentral.eu/product-details/Fractal-Lights-DISC-MORPH-150-W-Moving-Head-3-in-1/c728e590-cbed-4046-9311-6af2d88b6bdd
L1910132;Fractal Lights MORPH Spot 100W;1;https://b2b.laudacentral.eu/product-details/Fractal-Lights-MORPH-Spot-100W/24a8a58c-7339-4ba1-a281-a9772eca5388
L1910103;Fractal Lights MINI 715 ZOOM WASH;0;https://b2b.laudacentral.eu/product-details/Fractal-Lights-MINI-715-ZOOM-WASH/fa06b984-ea0f-46ce-99d0-55422d7ce841
L1910075;Fractal Lights Mini Wash 4 x 10 W RGBW;0;https://b2b.laudacentral.eu/product-details/Fractal-Lights-Mini-Wash-4-x-10-W-RGBW/51156766-ca33-4e7a-9fcf-8dbe744e1324
L1910069;Fractal Lights MINI LED GOBO SPOT 60 W;1;https://b2b.laudacentral.eu/product-details/Fractal-Lights-MINI-LED-GOBO-SPOT-60-W/08f337bc-d989-4f69-a7fe-eaf053ea30aa
L1910056;Fractal Lights MINI LED GOBO SPOT 30 W;1;https://b2b.laudacentral.eu/product-details/Fractal-Lights-MINI-LED-GOBO-SPOT-30-W/4200a8a8-66dc-4c16-9816-9c14f5189817
L1910004;Fractal Lights MINI LED MOVING HEAD 7x10W;1;https://b2b.laudacentral.eu/product-details/Fractal-Lights-MINI-LED-MOVING-HEAD-7x10W/20910569-8453-461f-9ad0-1c0b407881d6
L1000065;MOTU 10pre interfejs audio;1;https://b2b.laudacentral.eu/product-details/MOTU-10pre----interfejs-audio/e8c13772-249e-4bfd-a45f-c21c5946b9bb
L1000064;MOTU 848 audio interface;1;https://b2b.laudacentral.eu/product-details/MOTU-848---audio-interface/3b58023d-e89d-4d57-a875-432ba755cdbd
L1000063;MOTU 16A NEW interfejs audio;0;https://b2b.laudacentral.eu/product-details/MOTU-16A-NEW---interfejs-audio/c85b2e03-ac2c-4203-bd01-5a0090055dc4
L1000062;MOTU 828 NEW 2024 interfejs audio;1;https://b2b.laudacentral.eu/product-details/MOTU-828-NEW-2024-interfejs-audio/d8abac8b-f40a-468d-a1ee-bdeb3b4a6668
L1000061;MOTU M6 interfejs audio;1;https://b2b.laudacentral.eu/product-details/MOTU-M6---interfejs-audio/1d546afe-968c-4e71-b3da-c554d876ac18
L1000060;MOTU Ultralite mk5 interfejs audio;1;https://b2b.laudacentral.eu/product-details/MOTU-Ultralite-mk5---interfejs-audio/b68b371e-766f-4d73-bc44-17870caebe8c
L1000058;MOTU M4 interfejs audio;0;https://b2b.laudacentral.eu/product-details/MOTU-M4---interfejs-audio/f5e9126f-18ad-4cb8-87a2-293209138684
L1000057;MOTU M2 interfejs audio;0;https://b2b.laudacentral.eu/product-details/MOTU-M2---interfejs-audio/609ff42b-6e1c-4a25-b69a-aa372345bf3f
L1000027;MOTU MIDI Express XT USB interfejs MIDI;0;https://b2b.laudacentral.eu/product-details/MOTU-MIDI-Express-XT-USB---interfejs-MIDI/2c34d186-12d3-4f93-947f-d3f6dd482cf5
L1000026;MOTU MIDI Express 128 interfejs MIDI;0;https://b2b.laudacentral.eu/product-details/MOTU-MIDI-Express-128---interfejs-MIDI/0a74c00c-af94-4e04-9385-82610759e66a
L1000025;MOTU Microlite interfejs MIDI;0;https://b2b.laudacentral.eu/product-details/MOTU-Microlite---interfejs-MIDI/94f8c3f0-f947-4259-903b-9002a273d085
L1000011;MOTU AVB Switch Ethernet;0;https://b2b.laudacentral.eu/product-details/MOTU-AVB-Switch---Ethernet/8fb7cb5f-c976-4923-bcb9-379770cbd1a3
L2340433;Martin Capo Black kapodaster do gitary akustycznej;1;https://b2b.laudacentral.eu/product-details/Martin-Capo-Black-kapodaster-do-gitary-akustycznej/f31c0d0c-72b8-4ad3-999c-b276f7a7137e
L2270043;G7th Nashville 6st White C21093 kapodaster;0;https://b2b.laudacentral.eu/product-details/G7th-Nashville-6st-White---C21093---kapodaster/c3511043-4e5a-4104-a1f5-a36a82547f7c
L2270042;G7th Nashville 6st Green C21083 kapodaster;0;https://b2b.laudacentral.eu/product-details/G7th-Nashville-6st-Green---C21083---kapodaster/bef0d8fd-f15e-4773-a19d-1569a3a68910
L2270041;G7th Nashville 6st Blue C21073 kapodaster;0;https://b2b.laudacentral.eu/product-details/G7th-Nashville-6st-Blue---C21073---kapodaster/546e38b4-47eb-45fe-bec2-9d4e169eda46
L2270040;G7th Nashville 6st Red C21063 kapodaster;0;https://b2b.laudacentral.eu/product-details/G7th-Nashville-6st-Red---C21063---kapodaster/1c430159-f609-4cc3-988a-69b976273208
L2270039;G7th Heritage Guitar Style 3 12St 72113 kapodaster;0;https://b2b.laudacentral.eu/product-details/G7th-Heritage-Guitar-Style-3-12St---72113---kapodaster/4bcb70b3-ca2a-4535-9823-fc46a793c48c
L2270038;G7th Heritage Guitar Style 3 Wide 71113 kapodaster;0;https://b2b.laudacentral.eu/product-details/G7th-Heritage-Guitar-Style-3-Wide---71113---kapodaster/0a57e26e-2a2f-4d7c-b4d6-87d386b81ab1
L2270037;G7th Heritage Guitar Style 3 Std 71013 kapodaster;0;https://b2b.laudacentral.eu/product-details/G7th-Heritage-Guitar-Style-3-Std---71013---kapodaster/c7efa98f-dad6-41ae-b3dc-c61414752cea
L2270036;G7th Heritage Banjo Style 2 Wide 74112 kapodaster;0;https://b2b.laudacentral.eu/product-details/G7th-Heritage-Banjo-Style-2-Wide---74112---kapodaster/0ce20b0c-8e29-4648-aa56-ad312b1ca612
L2270035;G7th Heritage Banjo Style 2 Std 74012 kapodaster;0;https://b2b.laudacentral.eu/product-details/G7th-Heritage-Banjo-Style-2-Std---74012---kapodaster/e8ae8e7b-bae9-47b3-825c-553264453c6d
L2270034;G7th Heritage Guitar Style 2 12St 72112 kapodaster;0;https://b2b.laudacentral.eu/product-details/G7th-Heritage-Guitar-Style-2-12St---72112---kapodaster/dce6d630-b542-434f-bb29-58faf5db7540
L2270029;G7th Heritage Guitar Style 1 12st 72111 kapodaster;0;https://b2b.laudacentral.eu/product-details/G7th-Heritage-Guitar-Style-1-12st---72111---kapodaster/4ec30550-dd5c-46bd-8c56-b3d991bcae68
L2270028;G7th Heritage Guitar Style 1 Wide 71111 kapodaster;0;https://b2b.laudacentral.eu/product-details/G7th-Heritage-Guitar-Style-1-Wide---71111---kapodaster/69fab29a-66fa-4163-98a6-902662d551cb
L2270027;G7th Heritage Guitar Style 1 Std 71011 kapodaster;0;https://b2b.laudacentral.eu/product-details/G7th-Heritage-Guitar-Style-1-Std---71011---kapodaster/37565647-6ec4-4b3f-9cd5-0df811f7aa05
L2270026;G7th Performance 3 6st Celtic Gold C81153 kapodaster;0;https://b2b.laudacentral.eu/product-details/G7th-Performance-3-6st-Celtic-Gold---C81153---kapodaster/13093620-c2e1-4b94-81c9-11d235152fb7
L2270025;G7th Performance 3 6st Celtic Black C81123 kapodaster;0;https://b2b.laudacentral.eu/product-details/G7th-Performance-3-6st-Celtic-Black---C81123---kapodaster/4e48f0e8-dc9e-4582-99ab-9561c36b6b27
L2270024;G7th Performance 3 6st Celtic Silver C81113 kapodaster;0;https://b2b.laudacentral.eu/product-details/G7th-Performance-3-6st-Celtic-Silver---C81113---kapodaster/53fb23a6-6892-417d-9798-fbaf07ae792a
L2270023;G7th Performance 3 6st Gold Plate C81053 kapodaster;0;https://b2b.laudacentral.eu/product-details/G7th-Performance-3-6st-Gold-Plate---C81053---kapodaster/9acb5647-c69e-4f49-9d06-593c641c5c6c
L2270016;G7th Newport Partial 3 Silver C31513 kapodaster;0;https://b2b.laudacentral.eu/product-details/G7th-Newport-Partial-3-Silver---C31513---kapodaster/304cc587-70c7-456b-82b4-92da3183e04d
L2270012;G7th Performance 3 6st Black C81020 kapodaster;0;https://b2b.laudacentral.eu/product-details/G7th-Performance-3-6st-Black---C81020---kapodaster/4ff0f283-2862-4510-9499-0186a804b5df
L2270011;G7th Performance 3 6St Silver C81010 kapodaster;0;https://b2b.laudacentral.eu/product-details/G7th-Performance-3-6St-Silver---C81010---kapodaster/1497af05-8526-4df2-a69d-7e206afe8d14
L2270007;G7th Performance 2 Classical Silver C53013 kapodaster;0;https://b2b.laudacentral.eu/product-details/G7th-Performance-2-Classical-Silver---C53013---kapodaster/cc701370-1886-4161-b3e3-f7b5e94445e0
L2270006;G7th Newport 12St Chrome C32013 kapodaster;0;https://b2b.laudacentral.eu/product-details/G7th-Newport-12St-Chrome---C32013---kapodaster/f3a55e79-674c-4f9e-9181-daea64b97865
L2270005;G7th Newport 6st Black C31020 kapodaster;0;https://b2b.laudacentral.eu/product-details/G7th-Newport-6st-Black---C31020---kapodaster/bd3a8ed0-8854-401b-8851-32a0c13cd3d6
L2270004;G7th Newport 6st Chrome C31010 kapodaster;0;https://b2b.laudacentral.eu/product-details/G7th-Newport-6st-Chrome---C31010---kapodaster/9ca6e868-f2d1-49f5-ab69-2c1c3ba73c34
L2270003;G7th Nashville Classical Silver C23043 kapodaster;0;https://b2b.laudacentral.eu/product-details/G7th-Nashville-Classical-Silver---C23043---kapodaster/72991982-ed5d-4926-b140-a1efa37bf8c3
L2270002;G7th Nashville 6st Silver C21042 kapodaster;0;https://b2b.laudacentral.eu/product-details/G7th-Nashville-6st-Silver---C21042---kapodaster/c4eb9e14-3712-4427-98f2-b1e0712419eb
L2270001;G7th Nashville 6st Black C21022 kapodaster;0;https://b2b.laudacentral.eu/product-details/G7th-Nashville-6st-Black---C21022---kapodaster/ab097a8c-0e2e-4257-bed0-deb98be53b06
L1500033;GTR UK 1 CAPO kapodaster do ukulele;0;https://b2b.laudacentral.eu/product-details/GTR-UK-1-CAPO-kapodaster-do-ukulele/8dd5fc7d-ea2e-4e03-96ab-ffec22ea7e72
L1500012;GTR Tools Universal kapodaster CU 1;0;https://b2b.laudacentral.eu/product-details/GTR-Tools-Universal-kapodaster-CU-1/0f276fea-1d52-4b0d-b4c8-09b7d6c8fdf5
L1080075;Novox N SUB 18 subbas aktywny 1000W;0;https://b2b.laudacentral.eu/product-details/Novox-N-SUB-18---subbas-aktywny-1000W/74ea6b75-14b5-4b34-abeb-5fb8c769a4a5
L1080074;Novox N SUB 15 subbas aktywny 800W;1;https://b2b.laudacentral.eu/product-details/Novox-N-SUB-15---subbas-aktywny-800W/68b3cba6-68e2-4ac4-9d5f-96d994779fe1
L1080073;Novox N SUB 12 subbas aktywny 600W;1;https://b2b.laudacentral.eu/product-details/Novox-N-SUB-12---subbas-aktywny-600W/f38b216c-82e5-4572-8241-95caefc41309
L1080072;Novox N VIBE 15 kolumna aktywna 500W;0;https://b2b.laudacentral.eu/product-details/Novox-N-VIBE-15---kolumna-aktywna-500W/95dcd75f-27e7-4a1d-856c-2ab09037cd2d
L1080071;Novox N VIBE 12 kolumna aktywna 450W;1;https://b2b.laudacentral.eu/product-details/Novox-N-VIBE-12---kolumna-aktywna-450W/04519d9c-8dea-4e2f-a6b6-319938277643
L1080058;Novox NVX12 kolumna aktywna bluetooth700 W;0;https://b2b.laudacentral.eu/product-details/Novox-NVX12---kolumna-aktywna-bluetooth700-W/12a8e159-6e8a-4ac8-bcd9-d30aeef4c123
L1080022;Novox NV 15 kolumna aktywna usbmp3 bluetooth;0;https://b2b.laudacentral.eu/product-details/Novox-NV-15--kolumna-aktywna--usbmp3-bluetooth/c5c66233-f4e6-4e06-befc-7646b35bf86c
L1080021;Novox NV 12 kolumna aktywna usbmp3 bluetooth;0;https://b2b.laudacentral.eu/product-details/Novox-NV-12--kolumna-aktywna--usbmp3-bluetooth/50c9cb06-20eb-4fb7-ac3b-5124a106bda9
L1100034;Orla Bench lawa do pianina palisander PVC;0;https://b2b.laudacentral.eu/product-details/Orla-Bench---lawa-do-pianina-palisander-PVC/67707f06-1d98-463b-9ef2-ecfc67601416
L1080068;Novox NCX NEW mikrofon USB;1;https://b2b.laudacentral.eu/product-details/Novox-NCX-NEW-mikrofon-USB/545cf89a-c6f4-4495-8375-023519fbfd98
L1080067;Novox NC 1 NEW mikrofon USBstand;1;https://b2b.laudacentral.eu/product-details/Novox-NC-1-NEW-mikrofon-USBstand/dade32fc-75c3-4f48-84f4-0e08a7fd714a
L1080011;Novox NO 1 mikrofon pojemnosciowy;0;https://b2b.laudacentral.eu/product-details/Novox-NO-1---mikrofon-pojemnosciowy/53db5277-0061-4497-8ae4-2f61d52ad3ff
L1080009;Novox Drum Set zestaw mikrofonow do perkusji;0;https://b2b.laudacentral.eu/product-details/Novox-Drum-Set---zestaw-mikrofonow-do-perkusji/a7104fa4-de1a-4f48-912b-8bd724617ffc
L1080086;Novox One Air V2;1;https://b2b.laudacentral.eu/product-details/Novox-One-Air-V2/2cf86eb6-7e1d-44a5-b80e-8abe60e5afd6
L1080066;Novox DISC ONE Air system bezprzewodowy;0;https://b2b.laudacentral.eu/product-details/Novox-DISC-ONE-Air---system-bezprzewodowy/fab9d17d-ef87-4add-94ab-ace1a6f1fda9
L1080065;Novox DISC NC 1 CLASS mikrofon usb ze sluchawkami i statywem;0;https://b2b.laudacentral.eu/product-details/Novox-DISC-NC-1-CLASS---mikrofon-usb-ze-sluchawkami-i-statywem/f0dc7732-cc5f-4221-8fd3-0fce7ebe4174
L1080063;Novox DISC NC 1 Game BOX;0;https://b2b.laudacentral.eu/product-details/Novox-DISC-NC-1-Game-BOX/e233873e-449c-4eb7-84c9-6c8d1b8e5e86
L1080054;Novox DISC TSX1 uchwyt do mikrofonu NC 1 Silver;1;https://b2b.laudacentral.eu/product-details/Novox-DISC-TSX1---uchwyt-do-mikrofonu-NC-1-Silver/d260ab97-cdf2-4877-beaa-669541dfb0c8
L1080053;Novox DISC TSX1 uchwyt do mikrofonu NC 1 Black;1;https://b2b.laudacentral.eu/product-details/Novox-DISC-TSX1---uchwyt-do-mikrofonu-NC-1-Black/dcc6bedc-86af-407f-bd0c-74bd8fdeb776
L1080031;Novox NC TRIPOD;0;https://b2b.laudacentral.eu/product-details/Novox-NC-TRIPOD/6cc399aa-575f-46dc-91ac-bcdbbfd1ae6e
L1080020;Novox DISC NC 1 Black mikrofon USB;0;https://b2b.laudacentral.eu/product-details/Novox-DISC-NC-1-Black---mikrofon-USB/490e1bb3-b5c8-4031-88b3-e113c0bbd48a
L1080062;Novox M6 DSP MKII mikser audio;0;https://b2b.laudacentral.eu/product-details/Novox-M6-DSP-MKII-mikser-audio/1c297f7b-d5b7-4f5b-9b8b-1fa34a0247c1
L1080060;Novox M8 MKII mikser BTMP3USB;0;https://b2b.laudacentral.eu/product-details/Novox-M8-MKII-mikser-BTMP3USB/2ffd11b4-9e51-4db3-ac4d-dd6722ad0ecf
L1080048;Novox M4 MkII mikser;0;https://b2b.laudacentral.eu/product-details/Novox-M4-MkII-mikser/1ba95980-33a4-4d7a-8f38-6185896ca694
L1080041;Novox M6MKII mikser audio;0;https://b2b.laudacentral.eu/product-details/Novox-M6MKII-mikser-audio/dad388e7-e67e-41b1-870c-9c45bb78e621
L1080016;Novox M10 mikser audio;1;https://b2b.laudacentral.eu/product-details/Novox-M10---mikser-audio/d6b2b1e9-b6f5-4c2d-ac2c-12c1c304f541
L1080015;Novox M8 mikser audio;1;https://b2b.laudacentral.eu/product-details/Novox-M8---mikser-audio/17e39859-e21a-4e13-8023-fce05dd3bef3
L1910221;Fractal Lights OPTIRAY 19x15 ZOOM PAR Light lampa LED;1;https://b2b.laudacentral.eu/product-details/Fractal-Lights-OPTIRAY-19x15-ZOOM-PAR-Light----lampa-LED/855021c5-0009-4471-a04c-52cb550dfbac
L1910220;Fractal Lights VERTIX COB 10x50W lampa LED;1;https://b2b.laudacentral.eu/product-details/Fractal-Lights-VERTIX-COB-10x50W----lampa-LED/8849f002-2d4e-498b-9e81-28d35e7c4413
L1910218;Fractal Lights RAYTRO PYRAMID lampa LED;1;https://b2b.laudacentral.eu/product-details/Fractal-Lights-RAYTRO-PYRAMID----lampa-LED/79de2834-c63a-4f23-8069-ad523c05ff17
L1910209;Fractal Lights PLANARIS lampa LED;1;https://b2b.laudacentral.eu/product-details/Fractal-Lights-PLANARIS----lampa-LED/714ad4e1-1917-4d06-9349-9cb067aa7c38
L1910207;Fractal Lights OPTIRAY 18x18W RGBWAUV 6in1 LED IP65 Waterproof lampa LED;1;https://b2b.laudacentral.eu/product-details/Fractal-Lights-OPTIRAY-18x18W-RGBWAUV-6in1-LED-IP65-Waterproof----lampa-LED/485c9820-9131-4c50-a290-f300d0f2e2a8
L1910206;Fractal Lights OPTIRAY 18x15W RGBWA 5in1 LED PAR IP65 Waterproof lampa LED;1;https://b2b.laudacentral.eu/product-details/Fractal-Lights-OPTIRAY-18x15W-RGBWA-5in1-LED-PAR-IP65-Waterproof---lampa-LED/49bbed7a-8a65-4cf3-b4eb-846024def6b1
L1910162;Fractal Lights DISC PAR LED 6x4W Batt 12 godz;0;https://b2b.laudacentral.eu/product-details/Fractal-Lights-DISC-PAR-LED-6x4W-Batt-12-godz/e9d352dc-cd90-48ba-9c46-f6425b798501
L1910161;Fractal Lights PAR LED COB 100 W 50 W WW 50W PW;0;https://b2b.laudacentral.eu/product-details/Fractal-Lights-PAR-LED-COB-100-W---50-W-WW--50W-PW/8b839810-92c3-47ec-a312-b543fe0c16d4
L1910160;Fractal Lights PAR LED COB 100 W RGB;0;https://b2b.laudacentral.eu/product-details/Fractal-Lights-PAR-LED-COB-100-W-RGB/c642cc99-0374-4642-94bd-8434482c96fb
L1910159;Fractal Lights PAR LED COB 100 W WW;0;https://b2b.laudacentral.eu/product-details/Fractal-Lights-PAR-LED-COB-100-W-WW/b9044a1e-a534-48f2-9e27-846241d2729b
L1910109;Fractal Lights DISC LED PAR 6x12 W BATT RGBWAUV;0;https://b2b.laudacentral.eu/product-details/Fractal-Lights-DISC-LED-PAR-6x12-W-BATT-RGBWAUV/005eb707-eaf8-45eb-b6d8-3ca5c9c173ab
L1910096;Fractal Lights DISC Lights PAR LED 7 x 12 W 6 in 1 LED IP65;0;https://b2b.laudacentral.eu/product-details/Fractal-Lights-DISC-Lights-PAR-LED-7-x-12-W-6-in-1-LED-IP65/014a2a5f-469d-4810-b7f9-fa05292d3414
L1910095;Fractal Lights DISC WASH 20 x 12W RGBWUAUV IP65;0;https://b2b.laudacentral.eu/product-details/Fractal-Lights-DISC-WASH-20-x-12W-RGBWUAUV-IP65/20e19398-5dfa-4793-9be1-eb882b61977b
L1910093;Fractal Lights PAR 18x10W IP65 4in1;1;https://b2b.laudacentral.eu/product-details/Fractal-Lights-PAR-18x10W-IP65-4in1/91804fcb-1786-42b7-b95f-c96b2851681c
L1910092;Fractal Lights PARLED6x10WIP65v2;0;https://b2b.laudacentral.eu/product-details/Fractal-Lights-PARLED6x10WIP65v2/ba3daac2-b23d-47bb-a486-ea1d0d6ebfb5
L1910091;Fractal Lights DISC PAR 6x3W IP65v2;0;https://b2b.laudacentral.eu/product-details/Fractal-Lights-DISC-PAR-6x3W-IP65v2/dd568c75-d35d-4fb7-83df-04ba32bf323f
L1910053;Fractal Lights PAR Fix Bee Eye;1;https://b2b.laudacentral.eu/product-details/Fractal-Lights-PAR-Fix-Bee-Eye/2dd7bca0-ffed-4a01-9742-38d138152359
L1910051;Fractal Lights PAR LED 7x12W;1;https://b2b.laudacentral.eu/product-details/Fractal-Lights-PAR-LED-7x12W/7e84e2b7-5508-4b7e-afed-2662ff347125
L1910050;Fractal Lights PAR LED 7x10W;1;https://b2b.laudacentral.eu/product-details/Fractal-Lights-PAR-LED-7x10W/92d08a3b-8de3-4212-ad2e-bacb450579bf
L1910049;Fractal Lights PAR LED 7x9 W;1;https://b2b.laudacentral.eu/product-details/Fractal-Lights-PAR-LED-7x9-W/9c7af808-d62a-42b5-a6b4-dee94f43f909
L1910011;Fractal Lights PAR LED 12x3W;1;https://b2b.laudacentral.eu/product-details/Fractal-Lights-PAR-LED-12x3W/005e8854-5569-47b9-97f4-2f4e031fbe27
L1910010;Fractal Lights PAR LED 18x1W;0;https://b2b.laudacentral.eu/product-details/Fractal-Lights-PAR-LED-18x1W/a12185a1-5a0e-499e-ad00-874a01e2310f
L1910009;Fractal DISC Lights PAR LED 9x10 W;0;https://b2b.laudacentral.eu/product-details/Fractal-DISC-Lights-PAR-LED-9x10-W/a54f8cbd-51b0-4063-a820-16b35537df91
L1910008;Fractal Lights PAR LED 9x10W1x30W;0;https://b2b.laudacentral.eu/product-details/Fractal-Lights-PAR-LED-9x10W1x30W/c0a310a3-5e2b-4c2f-bedd-131b011a4ed5
L2340516;Martin StrapLifeIsGood pasek do gitary;1;https://b2b.laudacentral.eu/product-details/Martin--StrapLifeIsGood---pasek-do-gitary/1ec0dbd3-cd82-40f5-bb4f-057398c86080
L2340447;Martin Strap Buffalo Leather Black Lockit pasek do gitary;0;https://b2b.laudacentral.eu/product-details/Martin-Strap-Buffalo-Leather-Black-Lockit-pasek-do-gitary/795d7560-8a70-4ce6-b900-ff3b582151df
L2340444;Martin Strap Cotton Black Lockit pasek do gitary;0;https://b2b.laudacentral.eu/product-details/Martin-Strap-Cotton-Black-Lockit-pasek-do-gitary/c0580371-797e-42ef-b8a8-d4e029dfd1af
L2340334;Martin Strap VintageLeathrBel pasek do gitary;0;https://b2b.laudacentral.eu/product-details/Martin-Strap-VintageLeathrBel-pasek-do-gitary/c7dba95c-3293-4a2a-a1a0-917262c4a15e
L2340299;Martin DISC Strap Woven Brown wBrownLeatherEnds pasek do gitary;1;https://b2b.laudacentral.eu/product-details/Martin-DISC-Strap-Woven-Brown-wBrownLeatherEnds-pasek-do-gitary/21a99af2-5f27-407b-af78-72988000c634
L1100033;Orla Stage Concert pianino cyfrowe;0;https://b2b.laudacentral.eu/product-details/Orla-Stage-Concert---pianino-cyfrowe/a652f773-32a6-4e7e-b5f5-75125be81226
L1100027;Orla CDP 101 pianino cyfrowe palisander;0;https://b2b.laudacentral.eu/product-details/Orla-CDP-101---pianino-cyfrowe-palisander/151a0f8a-83b8-4d07-af96-2443b58ae1c8
L1100026;Orla CDP 101 BLK pianino cyfrowe czarny polysk;0;https://b2b.laudacentral.eu/product-details/Orla-CDP-101-BLK---pianino-cyfrowe-czarny-polysk/185dfd84-12ae-42de-8e60-77f143b81ce4
L1100025;Orla CDP 101 WH PVC pianino cyfrowe biale PVC matowe;0;https://b2b.laudacentral.eu/product-details/Orla-CDP-101-WH-PVC---pianino-cyfrowe-biale-PVC-matowe/997fdf28-8934-4086-bb2d-81aa4c49f2a3
L1100024;Orla CDP 101 WH pianino cyfrowe bialy polysk;0;https://b2b.laudacentral.eu/product-details/Orla-CDP-101-WH---pianino-cyfrowe-bialy-polysk/72354590-a7f8-4d18-8e06-41c31650c332
L1080057;Novox DISC PC 1000 powermikser 2 x 300 W4 Ohm;0;https://b2b.laudacentral.eu/product-details/Novox-DISC-PC-1000---powermikser-2-x-300-W4-Ohm/d0bc9f7b-1e93-4c0c-8f13-07be9b610143
L1080017;Novox M10P powermikser audio;0;https://b2b.laudacentral.eu/product-details/Novox-M10P---powermikser-audio/3d41d7f0-3e4b-441b-9919-cb7b4a723006
L2340440;Martin Cable Luxe StraitDeg 18ft 55m prostylamany przewod do gitary;0;https://b2b.laudacentral.eu/product-details/Martin-Cable-Luxe-StraitDeg-18ft-55m-prostylamany-przewod-do-gitary/643c4d74-d9e2-40f2-a8b8-09cfc3850d7a
L1910188;Fractal Lights kabel DMX IP65 5m;1;https://b2b.laudacentral.eu/product-details/Fractal-Lights-kabel-DMX-IP65-5m/9f5af80f-d10d-4ca5-8b13-c718134ee68d
L1910187;Fractal Lights kabel DMX IP65 2m;1;https://b2b.laudacentral.eu/product-details/Fractal-Lights-kabel-DMX-IP65-2m/c185d1f5-f640-4e0b-9f76-c5e11719dd62
L1910186;Fractal Lights kabel zasilajacy IP65 przedluzka 20m;1;https://b2b.laudacentral.eu/product-details/Fractal-Lights-kabel-zasilajacy-IP65-przedluzka-20m/452c6852-c980-4f80-912c-09f83d2b5f47
L1910185;Fractal Lights kabel zasilajacy IP65 przedluzka 10m;1;https://b2b.laudacentral.eu/product-details/Fractal-Lights-kabel-zasilajacy-IP65-przedluzka-10m/112f6695-7360-4b6a-a3d6-32f5bb3d6be4
L1910184;Fractal Lights kabel zasilajacy IP65 przedluzka 5m;1;https://b2b.laudacentral.eu/product-details/Fractal-Lights-kabel-zasilajacy-IP65-przedluzka-5m/0aaa93e7-20f0-4a6a-bc5b-ae1b58819f6b
L1910183;Fractal Lights kabel zasilajacy IP65 przedluzka 2m;1;https://b2b.laudacentral.eu/product-details/Fractal-Lights-kabel-zasilajacy-IP65-przedluzka-2m/cbfaa8b4-2026-4037-9bb3-057d4f5ed778
L1910158;Fractal Lights DISC DMX cable IP65 20 m do L1910128 L1910129;0;https://b2b.laudacentral.eu/product-details/Fractal-Lights-DISC-DMX-cable-IP65---20-m-do-L1910128-L1910129/cd1eadb1-5be3-48e9-8ef5-ea80ec5c207f
L1910157;Fractal Lights DISC DMX cable IP65 10 m do L1910128 L1910129;0;https://b2b.laudacentral.eu/product-details/Fractal-Lights-DISC-DMX-cable-IP65---10-m-do-L1910128-L1910129/c371bc63-7ca0-46a0-84ad-d8e68dea2475
L1910155;Fractal Lights DISC DMX cable IP65 2 m do L1910128 L1910129;0;https://b2b.laudacentral.eu/product-details/Fractal-Lights-DISC-DMX-cable-IP65---2-m-do-L1910128-L1910129/9a3cb7c1-bc22-4cca-9be3-b4b41bdf5fbc
L1910127;Fractal Lights power cable 10 m bez wtyku do L1910128 L1910129;0;https://b2b.laudacentral.eu/product-details/Fractal-Lights-power-cable-10-m-bez-wtyku-do-L1910128-L1910129/1169241a-0b3c-4854-89bb-d06aee7ec43b
L1910126;Fractal Lights power cable 5 m bez wtyku do L1910128 L1910129;0;https://b2b.laudacentral.eu/product-details/Fractal-Lights-power-cable-5-m-bez-wtyku-do-L1910128-L1910129/549180ab-3041-4cd7-9c6a-402b44735235
L1910125;Fractal Lights power cable 3 m bez wtyku do L1910128L 1910129;0;https://b2b.laudacentral.eu/product-details/Fractal-Lights-power-cable-3-m-bez-wtyku-do-L1910128L-1910129/4fe41fd8-c8a2-4653-8e1b-cdcd35f1a085
L1910124;Fractal Lights power cable 10 m wtyk do L1910128 L1910129;1;https://b2b.laudacentral.eu/product-details/Fractal-Lights-power-cable-10-m-wtyk-do-L1910128-L1910129/d7f59c99-24a8-45a0-9645-21f837c569d1
L1910123;Fractal Lights power cable 5 m wtyk do L1910128 L1910129;1;https://b2b.laudacentral.eu/product-details/Fractal-Lights-power-cable-5-m-wtyk-do-L1910128-L1910129/82e84f84-3b30-48b3-a4ca-e25d91715fa0
L1910122;Fractal Lights power cable 3 m wtyk do L1910128 L1910129;1;https://b2b.laudacentral.eu/product-details/Fractal-Lights-power-cable-3-m-wtyk-do-L1910128-L1910129/b365ac75-3e12-44a8-90aa-cdbac5519292
L1910121;Fractal Lights przewod DMX MaleFemale IP 10 m;0;https://b2b.laudacentral.eu/product-details/Fractal-Lights-przewod-DMX-MaleFemale-IP-10-m/d74eb1dd-f57b-4ec0-a58d-5fc9c503d035
L1910120;Fractal Lights przewod DMX MaleFemale IP 5 m;0;https://b2b.laudacentral.eu/product-details/Fractal-Lights-przewod-DMX-MaleFemale-IP-5-m/613cd2d9-e117-40a8-8b18-a8b758dc1852
L1910117;Fractal Lights przewod DMX Female IP 10 m;1;https://b2b.laudacentral.eu/product-details/Fractal-Lights-przewod-DMX-Female-IP-10-m/bfa778a1-c83e-45bb-b134-24b58565b150
L1910116;Fractal Lights przewod DMX Female IP 5 m;1;https://b2b.laudacentral.eu/product-details/Fractal-Lights-przewod-DMX-Female-IP-5-m/847c6295-ddb0-4e9a-aac3-f9f8ce0bee73
L1910115;Fractal Lights przewod DMX Female IP 3 m;0;https://b2b.laudacentral.eu/product-details/Fractal-Lights-przewod-DMX-Female-IP-3-m/1bb22c2e-b6e4-4124-99fa-2c8581faec62
L1910114;Fractal Lights przewod DMX Female IP 1 m;1;https://b2b.laudacentral.eu/product-details/Fractal-Lights-przewod-DMX-Female-IP-1-m/a24c0626-9595-4bb7-9be3-9e3f5698eea2
L1910113;Fractal Lights przewod DMX Male IP 10 m;0;https://b2b.laudacentral.eu/product-details/Fractal-Lights-przewod-DMX-Male-IP-10-m/076c1bc0-3774-4573-849d-fb448dedbaf7
L1910112;Fractal Lights przewod DMX Male IP 5 m;0;https://b2b.laudacentral.eu/product-details/Fractal-Lights-przewod-DMX-Male-IP-5-m/41addb53-8331-498a-8b76-dcd6e6fd7c93
L1080084;Novox SP 15M kabel Speakon;0;https://b2b.laudacentral.eu/product-details/Novox-SP-15M---kabel-Speakon/6479ca15-52ea-4d58-b2f3-9dadc2f69962
L1080083;Novox SP 10M kabel Speakon;0;https://b2b.laudacentral.eu/product-details/Novox-SP-10M---kabel-Speakon/30421aa6-8a50-43a9-9f66-4f4d8a2d5774
L1080082;Novox SP 5M kabel Speakon;0;https://b2b.laudacentral.eu/product-details/Novox-SP-5M---kabel-Speakon/64a14578-5e21-42df-ab8e-3a1e14e22537
L1080081;Novox XLR 20M kabel XLR;0;https://b2b.laudacentral.eu/product-details/Novox-XLR-20M---kabel-XLR/5cb7a3ae-637b-451d-9692-ddcfe91da8d4
L1080080;Novox XLR 15M kabel XLR;0;https://b2b.laudacentral.eu/product-details/Novox-XLR-15M---kabel-XLR/482f677e-94b2-44c1-9939-a512f802f0ee
L1080079;Novox XLR 10M kabel XLR;0;https://b2b.laudacentral.eu/product-details/Novox-XLR-10M---kabel-XLR/d3268590-5b04-447e-88e6-411126aab7de
L1080078;Novox XLR 15M kabel XLR;0;https://b2b.laudacentral.eu/product-details/Novox-XLR-15M---kabel-XLR/1ce7bc3b-1af9-4a1e-9f30-d9ed1742a340
L0990192;Monster 600542 00 M ROCK2 21 WW Prolink Rock 14 Kabel Instrumentalny 21 ft Jack Proty Jack Prosty;0;https://b2b.laudacentral.eu/product-details/Monster---600542-00---M-ROCK2-21-WW---Prolink-Rock-14-Kabel-Instrumentalny---21-ft---Jack-Proty---Jack-Prosty/9a016610-d6f8-404e-94d1-1e92483a416c
L0990191;Monster 600540 00 M ROCK2 12 WW Prolink Rock 14 Kabel Instrumentalny 12 ft Jack Proty Jack Prosty;0;https://b2b.laudacentral.eu/product-details/Monster--600540-00---M-ROCK2-12-WW---Prolink-Rock-14-Kabel-Instrumentalny---12-ft---Jack-Proty---Jack-Prosty/d745774b-0729-497d-b5b1-0b1391183838
L0990185;Monster 600550 00 M BASS2 21 WW Prolink Monster Bass 14 Kabel Instrumentalny 21 ft Jack Proty Jack Prosty;0;https://b2b.laudacentral.eu/product-details/Monster---600550-00---M-BASS2-21-WW---Prolink-Monster-Bass-14-Kabel-Instrumentalny---21-ft---Jack-Proty---Jack-Prosty/12b5a0e9-525d-41f4-9f24-68c0e3008f00
L0990184;Monster 600548 00 M BASS2 12 WW Prolink Monster Bass 14 Kabel Instrumentalny 12 ft Jack Proty Jack Prosty;0;https://b2b.laudacentral.eu/product-details/Monster---600548-00---M-BASS2-12-WW---Prolink-Monster-Bass-14-Kabel-Instrumentalny---12-ft---Jack-Proty---Jack-Prosty/1ffbf169-7725-4066-bf3e-c360ebce0053
L0990171;Monster 600496 00 CLAS I 21 WW Prolink Monster Classic 14 Kabel Instrumentalny 21 ft Jack Proty Jack Prosty;0;https://b2b.laudacentral.eu/product-details/Monster---600496-00---CLAS-I-21-WW---Prolink-Monster-Classic-14-Kabel-Instrumentalny---21-ft---Jack-Proty---Jack-Prosty/fd1b6271-5846-4b20-b32b-1e26adebb928
L0990170;Monster 600494 00 CLAS I 12 WW Prolink Monster Classic 14 Kabel Instrumentalny 12 ft Jack Proty Jack Prosty;0;https://b2b.laudacentral.eu/product-details/Monster---600494-00---CLAS-I-12-WW---Prolink-Monster-Classic-14-Kabel-Instrumentalny---12-ft---Jack-Proty---Jack-Prosty/ecb4c270-7a79-4911-bf31-00a70389beac
L1910085;Fractal Lights Split DMX 4 Outdoor IP65 splitter;0;https://b2b.laudacentral.eu/product-details/Fractal-Lights-Split-DMX-4-Outdoor-IP65-splitter/fcc1cfdd-d859-421d-908e-9ef2f07325be
L1910084;Fractal Lights SPLIT DMX 4 MINI splitter;0;https://b2b.laudacentral.eu/product-details/Fractal-Lights-SPLIT-DMX-4-MINI-splitter/af5f2c76-3be5-46be-b53d-e297f36f75d5
L1910083;Fractal Lights DMX 8 Box splitter;0;https://b2b.laudacentral.eu/product-details/Fractal-Lights-DMX-8-Box-splitter/8429792c-2550-4d99-99f3-578e7090147b
L1100023;Orla statyw do serii Stage;0;https://b2b.laudacentral.eu/product-details/Orla-statyw-do-serii-Stage/ad896a10-1d56-41a9-88cc-14d8b57bd4e6
L1080077;Novox TE S05 statyw kolumnowy;0;https://b2b.laudacentral.eu/product-details/Novox-TE-S05---statyw-kolumnowy/cc9c8efb-36c0-4f77-814c-5aa9f8641168
L1080076;Novox TE S07 sztyca;1;https://b2b.laudacentral.eu/product-details/Novox-TE-S07---sztyca/46492fb5-0ce9-4259-a6b2-4a08428074a6
L1080046;Novox ST 1 para statywow kolumnowych torbauchwyty;0;https://b2b.laudacentral.eu/product-details/Novox-ST-1---para-statywow-kolumnowych-torbauchwyty/48409bc4-b626-4ca8-8cee-1bc7b8e7dfa2
L1910081;Fractal Lights F3 DMX kontroler;1;https://b2b.laudacentral.eu/product-details/Fractal-Lights-F3-DMX--kontroler/93a2eddf-def7-4fb3-9607-db1a8a197b1a
L1910080;Fractal Lights F2 DMX kontroler;0;https://b2b.laudacentral.eu/product-details/Fractal-Lights-F2-DMX--kontroler/796886bb-7395-4333-8e96-164ee9147dd9
L2340525;Martin StringsSL AuthAcou HiTensTin 012 Ind;1;https://b2b.laudacentral.eu/product-details/Martin-StringsSL-AuthAcou-HiTensTin-012-Ind/06828f4a-fc14-4203-a729-ce100b8bf03a
L2340524;Martin StringsSL AuthAcou 025 Bronze Wnd Ind;1;https://b2b.laudacentral.eu/product-details/Martin-StringsSL-AuthAcou-025-Bronze-Wnd-Ind/7bf80deb-b0f6-466e-b92c-84723a2a4eff
L2340523;Martin StringsMartinCls SW 035 Ball End Ind;1;https://b2b.laudacentral.eu/product-details/Martin-StringsMartinCls-SW-035-Ball-End-Ind/f3c7bdf3-5537-463f-a377-622c9e7e5955
L2340518;Martin MEC13LTD20 Eric Clapton 20th Medium struny do gitary akustycznej;0;https://b2b.laudacentral.eu/product-details/Martin-MEC13LTD20-Eric-Clapton-20th-Medium---struny-do-gitary-akustycznej/cc029760-ce48-4126-bd93-d2526c643a13
L2340517;Martin MEC12LTD20 Eric Clapton 20th Light struny do gitary akustycznej;0;https://b2b.laudacentral.eu/product-details/Martin-MEC12LTD20-Eric-Clapton-20th-Light---struny-do-gitary-akustycznej/5569a1ab-7cb4-4502-a96f-578c74d88045
L2340515;Martin MK13FX Medium 6 String 13 56 Kovar struny do gitary akustycznej;1;https://b2b.laudacentral.eu/product-details/Martin-MK13FX-Medium-6-String-13-56--Kovar-struny-do-gitary-akustycznej/c9ccfbe2-3691-49ff-b348-5042d083abb6
L2340514;Martin MK12FX Light 6 String 12 54 Kovar struny do gitary akustycznej;1;https://b2b.laudacentral.eu/product-details/Martin-MK12FX-Light-6-String-12-54--Kovar-struny-do-gitary-akustycznej/236b5edc-3aff-4581-b216-3d595b9f613a
L2340513;Martin MK1012 Extra Light 12 String 10 27 Kovar struny do gitary akustycznej;1;https://b2b.laudacentral.eu/product-details/Martin-MK1012-Extra-Light-12-String-10-27--Kovar-struny-do-gitary-akustycznej/8ad5e23a-4343-4c0d-bf44-70a2209a9902
L2340512;Martin MK10 Extra Light 10 47 Kovar struny do gitary akustycznej;1;https://b2b.laudacentral.eu/product-details/Martin-MK10-Extra-Light-10-47--Kovar-struny-do-gitary-akustycznej/04cde02d-1929-49cf-a537-13f1430fc238
L2340508;Martin M14HTT AuthAcous HiTensileTin 014 Ind struna pojedyncza;1;https://b2b.laudacentral.eu/product-details/Martin-M14HTT-AuthAcous-HiTensileTin-014-Ind-struna-pojedyncza/333c5c73-4a10-49cf-9644-9fcbf0c0664b
L2340507;Martin M30SB Cls SW 030 Ball End Ind struna pojedyncza;1;https://b2b.laudacentral.eu/product-details/Martin-M30SB-Cls-SW-030-Ball-End-Ind-struna-pojedyncza/94822007-4400-48ab-ae47-b1be95d11b6a
L2340420;Martin M13HTT E1 013 AA Plain Steel struna pojedyncza akustyczna;1;https://b2b.laudacentral.eu/product-details/Martin-M13HTT-E1-013-AA-Plain-Steel-struna-pojedyncza-akustyczna/cab0b638-0b44-40a5-b16a-aaa3ecadba97
L2340419;Martin M12HTT E1 012 AA Plain Steel struna pojedyncza akustyczna;1;https://b2b.laudacentral.eu/product-details/Martin-M12HTT-E1-012-AA-Plain-Steel-struna-pojedyncza-akustyczna/8e5f09ce-1687-4f26-8417-6df62f5f7c9e
L2340417;Martin StringsElectric SL 012IndPlain Steel struny;1;https://b2b.laudacentral.eu/product-details/Martin-StringsElectric-SL-012IndPlain-Steel-struny/1cd88c86-afb5-4b32-978e-4cb9d4a99920
L2340416;Martin StringsElectric SL 010IndPlain Steel struny;1;https://b2b.laudacentral.eu/product-details/Martin-StringsElectric-SL-010IndPlain-Steel-struny/794ca9a4-72a0-4124-b4f3-18d76bb60b7b
L2340415;Martin StringsElectric SL 009 Ind Plain Stl struny;1;https://b2b.laudacentral.eu/product-details/Martin-StringsElectric-SL-009-Ind-Plain-Stl-struny/30769025-e17c-4e27-9534-3df0fc6180ee
L2340414;Martin StringsElectric SL 011 Ind Plain Stl struny;1;https://b2b.laudacentral.eu/product-details/Martin-StringsElectric-SL-011-Ind-Plain-Stl-struny/75edee1c-9407-4a4c-a6e5-ceca7e482863
L2340413;Martin StringsAuthAcous HiTensileTin 010 Ind struny 41M10HTT;1;https://b2b.laudacentral.eu/product-details/Martin-StringsAuthAcous-HiTensileTin-010-Ind-struny-41M10HTT/5bf79f9d-f0ec-440b-88c3-72137de3b69f
L2340411;Martin M170PK3 Extra Light 10 47 Originals Bronze 8020 trojpak strun do gitary akustycznej;1;https://b2b.laudacentral.eu/product-details/Martin-M170PK3-Extra-Light-10-47-Originals-Bronze-8020-trojpak-strun-do-gitary-akustycznej/1d6eab01-4bc9-4473-a089-fc019430577a
L2340410;Martin MA535PK3 Custom Light 11 52 AA Phosphore Bronze 928 trojpak strun do gitary akustycznej;0;https://b2b.laudacentral.eu/product-details/Martin-MA535PK3-Custom-Light-11-52-AA-Phosphore-Bronze-928-trojpak-strun-do-gitary-akustycznej/87fd3eda-7a24-446d-9516-e3df420f773f
L2340401;Martin MM12PK3 Retro 3 Packs 12 54 trojpak strun do gitary akustycznej;0;https://b2b.laudacentral.eu/product-details/Martin-MM12PK3-Retro-3-Packs-12-54-trojpak-strun-do-gitary-akustycznej/bacd9ff7-64c0-4c87-837a-1cafefcd23e3
L2340398;Martin M4750 Junior Bass Strings 45 96 struny do gitary akustycznej basowej;1;https://b2b.laudacentral.eu/product-details/Martin-M4750-Junior-Bass-Strings-45-96-struny-do-gitary-akustycznej-basowej/e5ede994-223c-4f9a-91c5-ef71e2b73446
L2340396;Martin MA535T PK3 Authentic Treated 3 Packs Custom Light 928 trojpak strun do gitary akustycznej;0;https://b2b.laudacentral.eu/product-details/Martin-MA535T-PK3-Authentic-Treated-3-Packs-Custom-Light-928-trojpak-strun-do-gitary-akustycznej/0269d4a2-e0b7-4af0-98ba-7b4ebf85e181
L2340395;Martin MM11PK3 Retro 3 Packs 11 52 trojpak strun do gitary akustycznej;0;https://b2b.laudacentral.eu/product-details/Martin-MM11PK3-Retro-3-Packs-11-52-trojpak-strun-do-gitary-akustycznej/5edf9932-1fa8-443e-b7d2-4de990b8f2f3
L2340394;Martin MA540FXPK3 Flexible core 3 Packs 12 54 trojpak strun do gitary akustycznej;0;https://b2b.laudacentral.eu/product-details/Martin-MA540FXPK3-Flexible-core-3-Packs-12-54-trojpak-strun-do-gitary-akustycznej/b1f62238-5367-4684-8c2a-4d89b29fc571
L2340393;Martin MA535FXPK3 Flexible core 3 Packs 11 52 trojpak strun do gitary akustycznej;0;https://b2b.laudacentral.eu/product-details/Martin-MA535FXPK3-Flexible-core-3-Packs-11-52-trojpak-strun-do-gitary-akustycznej/04628222-6ab8-461d-aa48-ac7ff60cf8d9
L2340392;Martin M140PK3 Originals 3 Packs Light 8020 trojpak strun do gitary akustycznej;1;https://b2b.laudacentral.eu/product-details/Martin-M140PK3-Originals-3-Packs-Light-8020-trojpak-strun-do-gitary-akustycznej/bcf8b193-4084-4ad5-9f03-a02e69ce9d18
L2340337;Martin M11HTT E1 011 AA Plain Steel struna pojedyncza akustyczna;1;https://b2b.laudacentral.eu/product-details/Martin-M11HTT-E1-011-AA-Plain-Steel-struna-pojedyncza-akustyczna/0d1e5134-a06c-4bd2-b355-8187b549a721
L2340336;Martin M40NB G3 040 Classical Nylon Ball End struna pojedyncza klasyczna;1;https://b2b.laudacentral.eu/product-details/Martin-M40NB-G3-040-Classical-Nylon-Ball-End-struna-pojedyncza-klasyczna/f62dec8c-e3a1-480c-9b99-ad9f53604b41
L2340335;Martin DISC Darco D930 Extra Light 09 42 Promo PACK 6 kmpl struny do gitary elektrycznej;1;https://b2b.laudacentral.eu/product-details/Martin-DISC-Darco-D930-Extra-Light-09-42-Promo-PACK-6-kmpl---struny-do-gitary-elektrycznej/4c29000e-af1a-409f-b385-cc599bb850b3
L2340331;Martin M43SB E6 043 Classical Nylon Ball End struna pojedyncza klasyczna;1;https://b2b.laudacentral.eu/product-details/Martin-M43SB-E6-043-Classical-Nylon-Ball-End-struna-pojedyncza-klasyczna/5a4134f6-6952-42ff-9670-696b8f09ba18
L2340330;Martin M28NB E1 028 Classical Nylon Ball End struna pojedyncza klasyczna;0;https://b2b.laudacentral.eu/product-details/Martin-M28NB-E1-028-Classical-Nylon-Ball-End-struna-pojedyncza-klasyczna/fc2bb951-ccb3-4989-a9d9-81ee86f9ce09
L2340106;Darco BOXD920 Light 10 46 25 kompletow strun do gitary elektrycznej;0;https://b2b.laudacentral.eu/product-details/Darco-BOXD920-Light-10-46-25-kompletow-strun-do-gitary-elektrycznej/319edd93-2183-48f0-8b4f-68e5e676a5ec
L2340105;Darco BOXD930 Extra Light 09 42 25 kompletow strun do gitary elektrycznej;0;https://b2b.laudacentral.eu/product-details/Darco-BOXD930-Extra-Light-09-42-25-kompletow-strun-do-gitary-elektrycznej/0d97e993-86ce-4a0f-89ae-333c343c4390
L2340104;Martin BOXMA550T Medium 13 56 AA Treated Phosphore Bronze 928 25 kompletow strun do gitary akustycznej;0;https://b2b.laudacentral.eu/product-details/Martin-BOXMA550T-Medium-13-56-AA-Treated-Phosphore-Bronze-928-25-kompletow-strun-do-gitary-akustycznej/89509d25-337f-4021-8aa9-0a32161e1bf5
L2340103;Martin BOXMA540T Light 12 54 AA Treated Phosphore Bronze 928 25 kompletow strun do gitary akustycznej;1;https://b2b.laudacentral.eu/product-details/Martin-BOXMA540T-Light-12-54-AA-Treated-Phosphore-Bronze-928-25-kompletow-strun-do-gitary-akustycznej/8406102e-54b3-4d3f-a228-ca4180c16576
L2340102;Martin BOXMA535T Custom Light 11 52 AA Treated Phosphore Bronze 928 25 kompletow strun do gitary akustycznej;1;https://b2b.laudacentral.eu/product-details/Martin-BOXMA535T-Custom-Light-11-52-AA-Treated-Phosphore-Bronze-928-25-kompletow-strun-do-gitary-akustycznej/9d852caf-14fa-49dd-8bb8-283f044dc9a6
L2340101;Martin BOXMA550 Medium 13 56 AA Phosphore Bronze 928 25 kompletow strun do gitary akustycznej;1;https://b2b.laudacentral.eu/product-details/Martin-BOXMA550-Medium-13-56-AA-Phosphore-Bronze-928-25-kompletow-strun-do-gitary-akustycznej/5f3dbed0-d9d4-448c-9dcd-b5da20093ef8
L2340100;Martin BOXMA540 Light 12 54 AA Phosphore Bronze 928 25 kompletow strun do gitary akustycznej;0;https://b2b.laudacentral.eu/product-details/Martin-BOXMA540-Light-12-54-AA-Phosphore-Bronze-928-25-kompletow-strun-do-gitary-akustycznej/ef8022f3-03c3-421d-94a9-cde55ad9133b
L2340099;Martin BOXMA535 Custom Light 11 52 AA Phosphore Bronze 928 25 kompletow strun do gitary akustycznej;0;https://b2b.laudacentral.eu/product-details/Martin-BOXMA535-Custom-Light-11-52-AA-Phosphore-Bronze-928-25-kompletow-strun-do-gitary-akustycznej/3aa01420-4bfc-46d4-932b-438aaafe2d1e
L2340098;Darco D9705 Light 45 130 5 Str struny do gitary basowej;1;https://b2b.laudacentral.eu/product-details/Darco-D9705-Light-45-130-5-Str-struny-do-gitary-basowej/1efaee30-0a39-42c5-bad8-3b84dc9647f0
L2340097;Darco D9500 Medium 45 105 struny do gitary basowej;0;https://b2b.laudacentral.eu/product-details/Darco-D9500-Medium-45-105-struny-do-gitary-basowej/6d623711-ba54-44f9-95c1-ce0ba92fec46
L2340096;Darco D9700 Light 45 100 struny do gitary basowej;1;https://b2b.laudacentral.eu/product-details/Darco-D9700-Light-45-100-struny-do-gitary-basowej/5b0e0d32-a865-446f-91bb-36a8e6d50826
L2340095;Darco D9900 Extra Light 40 95 struny do gitary basowej;1;https://b2b.laudacentral.eu/product-details/Darco-D9900-Extra-Light-40-95-struny-do-gitary-basowej/8393a731-4ff0-4136-9e72-98a0c1c8873c
L2340094;Darco D910 Heavy 12 56 struny do gitary elektrycznej;1;https://b2b.laudacentral.eu/product-details/Darco-D910-Heavy-12-56-struny-do-gitary-elektrycznej/8d1b4fc6-6724-451f-8e7a-27d1d3cc7599
L2340093;Darco D915 Custom Light 11 48 struny do gitary elektrycznej;1;https://b2b.laudacentral.eu/product-details/Darco-D915-Custom-Light-11-48--struny-do-gitary-elektrycznej/7b830075-59c4-421c-a2e8-e800790462b2
L2340092;Darco D960 LightHeavy 10 52 struny do gitary elektrycznej;1;https://b2b.laudacentral.eu/product-details/Darco-D960-LightHeavy-10-52--struny-do-gitary-elektrycznej/0a28fa22-d9d0-4966-849e-716cd80b04e6
L2340091;Darco D920 Light 10 46 struny do gitary elektrycznej;1;https://b2b.laudacentral.eu/product-details/Darco-D920-Light-10-46-struny-do-gitary-elektrycznej/41a02197-b78c-4d43-a570-ac7c072ed6af
L2340090;Darco D930 Extra Light 09 42 struny do gitary elektrycznej;1;https://b2b.laudacentral.eu/product-details/Darco-D930-Extra-Light-09-42-struny-do-gitary-elektrycznej/84afe337-13d0-4ba4-b360-38613e1045ab
L2340089;Darco D940 Super Light 08 38 struny do gitary elektrycznej;0;https://b2b.laudacentral.eu/product-details/Darco-D940-Super-Light-08-38-struny-do-gitary-elektrycznej/85538202-00fa-4304-8ad9-dcc491981a96
L2340088;Darco D230 Medium 13 56 Phosphor Bronze 928 struny do gitary akustycznej;1;https://b2b.laudacentral.eu/product-details/Darco-D230-Medium-13-56-Phosphor-Bronze-928-struny-do-gitary-akustycznej/e6de2062-0f84-434d-8f11-5f994ee71dd8
L2340087;Darco D220 Light 12 54 Phosphor Bronze 928 struny do gitary akustycznej;1;https://b2b.laudacentral.eu/product-details/Darco-D220-Light-12-54-Phosphor-Bronze-928-struny-do-gitary-akustycznej/39c79838-171f-4b66-bd45-eeef3e149a45
L2340086;Darco D210 Extra Light 10 47 Phosphor Bronze 928 struny do gitary akustycznej;1;https://b2b.laudacentral.eu/product-details/Darco-D210-Extra-Light-10-47-Phosphor-Bronze-928-struny-do-gitary-akustycznej/23535e6b-36bc-447e-8244-c79a5b4a8c6b
L2340085;Darco D200 Light 10 47 Phosphor Bronze 928 struny do gitary 12 str akustycznej;1;https://b2b.laudacentral.eu/product-details/Darco-D200-Light-10-47-Phosphor-Bronze-928-struny-do-gitary-12-str-akustycznej/86143b04-608c-4277-8ad9-3421d664215b
L2340084;Darco D530 Medium 13 56 Bronze 8020 struny do gitary akustycznej;1;https://b2b.laudacentral.eu/product-details/Darco-D530-Medium-13-56-Bronze-8020-struny-do-gitary-akustycznej/53c3f189-69a2-4aff-83e8-bb8f70029cfb
L2340083;Darco D520 Light 12 54 Bronze 8020 struny do gitary akustycznej;0;https://b2b.laudacentral.eu/product-details/Darco-D520-Light-12-54-Bronze-8020-struny-do-gitary-akustycznej/92f35e61-cfe5-445a-8d5c-d9272dd5a2df
L2340082;Darco D510 Extra Light 10 47 Bronze 8020 struny do gitary akustycznej;0;https://b2b.laudacentral.eu/product-details/Darco-D510-Extra-Light-10-47--Bronze-8020-struny-do-gitary-akustycznej/ca63d277-b4bb-4802-a4c3-fc7657fa266c
L2340081;Darco D500 Light 10 47 Bronze 8020 struny do gitary 12 str akustycznej;1;https://b2b.laudacentral.eu/product-details/Darco-D500-Light-10-47-Bronze-8020-struny-do-gitary-12-str-akustycznej/e0a29ca5-52db-436a-9c1c-8e635442430c
L2340080;Martin M175 Custom Light 11 52 Originals Bronze 8020 struny do gitary akustycznej;0;https://b2b.laudacentral.eu/product-details/Martin-M175-Custom-Light-11-52-Originals-Bronze-8020-struny-do-gitary-akustycznej/88bb3d84-71ba-4b13-9633-510a8996c6d0
L2340079;Martin M170 Extra Light 10 47 Originals Bronze 8020 struny do gitary akustycznej;1;https://b2b.laudacentral.eu/product-details/Martin-M170-Extra-Light-10-47-Originals-Bronze-8020-struny-do-gitary-akustycznej/e8c9139c-269b-4f52-b68a-3aadbec3a715
L2340078;Martin M150 Medium 13 56 Originals Bronze 8020 struny do gitary akustycznej;1;https://b2b.laudacentral.eu/product-details/Martin-M150-Medium-13-56-Originals-Bronze-8020-struny-do-gitary-akustycznej/28b36979-1240-41c2-91b5-ebb5320da8c1
L2340077;Martin M140 Light 12 54 Originals Bronze 8020 struny do gitary akustycznej;0;https://b2b.laudacentral.eu/product-details/Martin-M140-Light-12-54-Originals-Bronze-8020-struny-do-gitary-akustycznej/c8cb4a70-6871-48e4-bc3b-a050edede74f
L2340075;Martin M465 Mandolin Medium 11 40 Retro struny do mandoliny;0;https://b2b.laudacentral.eu/product-details/Martin-M465-Mandolin-Medium-11-40-Retro-struny-do-mandoliny/a885fa3c-0998-4eec-bd6a-eef90dbef1d5
L2340074;Martin M400 Mandolin Light 10 34 Bronze struny do mandoliny;0;https://b2b.laudacentral.eu/product-details/Martin-M400-Mandolin-Light-10-34-Bronze-struny-do-mandoliny/4660be51-b232-48bf-89d9-cec813a91c31
L2340073;Martin V740 Vega Banjo Medium 10 23 Retro Monel struny do banjo pieciostrunowego;0;https://b2b.laudacentral.eu/product-details/Martin-V740-Vega-Banjo-Medium-10-23-Retro-Monel-struny-do-banjo-pieciostrunowego/c6d29590-bccb-4674-8ad8-3157a90b6dbd
L2340072;Martin V720 Vega Banjo Tenor 09 30 struny do banjo czterostrunowego;1;https://b2b.laudacentral.eu/product-details/Martin-V720-Vega-Banjo-Tenor-09-30-struny-do-banjo-czterostrunowego/d5b138af-307b-40d9-a351-5deef35d65a6
L2340071;Martin V730 Vega Banjo Medium 10 23 struny do banjo pieciostrunowego;0;https://b2b.laudacentral.eu/product-details/Martin-V730-Vega-Banjo-Medium-10-23-struny-do-banjo-pieciostrunowego/f25fa031-b7a2-4e0e-b22c-303d37951633
L2340070;Martin V700 Vega Banjo Light 09 20 struny do banjo pieciostrunowego;1;https://b2b.laudacentral.eu/product-details/Martin-V700-Vega-Banjo-Light-09-20-struny-do-banjo-pieciostrunowego/9baf4d36-232e-456d-bad8-9ab9844205d0
L2340069;Martin M630 Ukulele Baritone 22 35 Fluorocarbon struny do ukulele;1;https://b2b.laudacentral.eu/product-details/Martin-M630-Ukulele-Baritone-22-35-Fluorocarbon-struny-do-ukulele/f1dad9f5-db74-4479-8668-90df094e5a43
L2340068;Martin M625 Ukulele Tenor Premium 24 24 Polygut struny do ukulele;1;https://b2b.laudacentral.eu/product-details/Martin-M625-Ukulele-Tenor-Premium-24-24-Polygut-struny-do-ukulele/c4dd5ab5-80ce-4012-a14a-2d38c8e779aa
L2340067;Martin M620 Ukulele Tenor 22 25 Fluorocarbon struny do ukulele;1;https://b2b.laudacentral.eu/product-details/Martin-M620-Ukulele-Tenor-22-25-Fluorocarbon-struny-do-ukulele/db45fa93-15da-40b9-934e-fa29399a44e8
L2340066;Martin M610 Ukulele Concert Premium 23 34 Polygut struny do ukulele;1;https://b2b.laudacentral.eu/product-details/Martin-M610-Ukulele-Concert-Premium-23-34-Polygut-struny-do-ukulele/4563162b-a34e-476f-bc76-9dd2f98e8da9
L2340065;Martin M605 Ukulele Soprano Premium 22 23 Polygut struny do ukulele;1;https://b2b.laudacentral.eu/product-details/Martin-M605-Ukulele-Soprano-Premium-22-23-Polygut-struny-do-ukulele/9d314c41-fad4-4fc7-8d59-e2c06797a18c
L2340064;Martin M600 Ukulele SopranoConcert 19 22 Fluorocarbon struny do ukulele;0;https://b2b.laudacentral.eu/product-details/Martin-M600-Ukulele-SopranoConcert-19-22-Fluorocarbon-struny-do-ukulele/b6dffc49-4c35-40c7-b4f9-cdd3073a1245
L2340063;Martin M265 Magnifico Normal Tension Silver Tie End struny do gitary klasycznej;0;https://b2b.laudacentral.eu/product-details/Martin-M265-Magnifico-Normal-Tension-Silver-Tie-End-struny-do-gitary-klasycznej/13547305-443e-487e-aaa7-499871366dfb
L2340062;Martin M260 Classical Normal Tension Bronze Ball End struny do gitary klasycznej;0;https://b2b.laudacentral.eu/product-details/Martin-M260-Classical-Normal-Tension-Bronze-Ball-End-struny-do-gitary-klasycznej/0a10b6de-3136-4c4f-9d93-7de91b87caf2
L2340061;Martin M165 Magnifico Hard Tension Silver Tie End struny do gitary klasycznej;0;https://b2b.laudacentral.eu/product-details/Martin-M165-Magnifico-Hard-Tension-Silver-Tie-End-struny-do-gitary-klasycznej/6ab359f0-4daf-44dd-adfa-93ff55df4702
L2340060;Martin M160 Classical Hard Tension Silver Ball End struny do gitary klasycznej;1;https://b2b.laudacentral.eu/product-details/Martin-M160-Classical-Hard-Tension-Silver-Ball-End-struny-do-gitary-klasycznej/ea5102d6-f511-41c8-9f3e-7489b1eca9dc
L2340057;Martin MA550T Light 13 56 Phosphore Bronze 928 PACK3 trojpak strun do gitary akustycznej;1;https://b2b.laudacentral.eu/product-details/Martin-MA550T-Light-13-56-Phosphore-Bronze-928-PACK3-trojpak-strun-do-gitary-akustycznej/e807f13b-cc19-42bd-b9ec-605ceffd06a7
L2340056;Martin MA540T Light 12 54 Phosphore Bronze 928 PACK3 trojpak strun do gitary akustycznej;0;https://b2b.laudacentral.eu/product-details/Martin-MA540T-Light-12-54-Phosphore-Bronze-928-PACK3-trojpak-strun-do-gitary-akustycznej/07687c82-ca98-4109-87ee-0341c8124d2a
L2340055;Martin MA550PK3 Medium 13 56 AA Phosphore Bronze 928 trojpak strun do gitary akustycznej;1;https://b2b.laudacentral.eu/product-details/Martin-MA550PK3-Medium-13-56-AA-Phosphore-Bronze-928-trojpak-strun-do-gitary-akustycznej/536364b9-e6ef-4ffa-925f-f6c775f9edd3
L2340054;Martin MA540PK3 Light 12 54 AA Phosphore Bronze 928 trojpak strun do gitary akustycznej;0;https://b2b.laudacentral.eu/product-details/Martin-MA540PK3-Light-12-54-AA-Phosphore-Bronze-928-trojpak-strun-do-gitary-akustycznej/c1318bb2-ba7d-4a66-8b5d-85ac2e6464fc
L2340053;Martin MA150PK3 Medium 13 56 AA Bronze 8020 trojpak strun do gitary akustycznej;1;https://b2b.laudacentral.eu/product-details/Martin-MA150PK3-Medium-13-56-AA-Bronze-8020-trojpak-strun-do-gitary-akustycznej/4137cbe9-8c6c-4c3a-a951-b4fcd3b1f92c
L2340052;Martin MA140PK3 Light 12 54 AA Bronze 8020 trojpak strun do gitary akustycznej;1;https://b2b.laudacentral.eu/product-details/Martin-MA140PK3-Light-12-54-AA-Bronze-8020-trojpak-strun-do-gitary-akustycznej/154c6849-3ae0-4d45-9756-4a01703743f7
L2340051;Martin MA175PK3 Custom Light 11 52 AA Bronze 8020 trojpak strun do gitary akustycznej;0;https://b2b.laudacentral.eu/product-details/Martin-MA175PK3-Custom-Light-11-52-AA-Bronze-8020-trojpak-strun-do-gitary-akustycznej/2f74cb33-50ae-4b8e-aad8-ab1447c6b83e
L2340050;Martin MA170PK3 Extra Light 10 47 AA Bronze 8020 trojpak strun do gitary akustycznej;1;https://b2b.laudacentral.eu/product-details/Martin-MA170PK3-Extra-Light-10-47-AA-Bronze-8020-trojpak-strun-do-gitary-akustycznej/70000bcd-5712-406a-9d3c-0a15bc227f14
L2340049;Martin MA4850 Medium 45 105 AA Phosphore Bronze 928 struny do gitary basowej akustycznej;1;https://b2b.laudacentral.eu/product-details/Martin-MA4850-Medium-45-105-AA-Phosphore-Bronze-928-struny-do-gitary-basowej-akustycznej/00eadcd3-f7d1-4816-b71c-97ed4ee82c90
L2340048;Martin MA4800 Light 45 100 AA Phosphor Bronze 928 struny do gitary basowej akustycznej;0;https://b2b.laudacentral.eu/product-details/Martin-MA4800-Light-45-100-AA-Phosphor-Bronze-928-struny-do-gitary-basowej-akustycznej/65f36c16-45dd-4141-a495-88eb7c9af676
L2340047;Martin MA500FX Extra Light 10 57 AA Flexible Core Phosphore Bronze 928 struny do gitary 12 str akustycznej;0;https://b2b.laudacentral.eu/product-details/Martin-MA500FX-Extra-Light-10-57-AA-Flexible-Core-Phosphore-Bronze-928-struny-do-gitary-12-str-akustycznej/780214fd-c064-4258-b4a4-f003e3843ca8
L2340046;Martin MA550FX Medium 13 56 AA Flexible Core Phosphore Bronze 928 struny do gitary akustycznej;0;https://b2b.laudacentral.eu/product-details/Martin-MA550FX-Medium-13-56-AA-Flexible-Core-Phosphore-Bronze-928-struny-do-gitary-akustycznej/e403cd45-4c12-4f26-962e-779bbad59131
L2340045;Martin MA540FX Light 12 54 AA Flexible Core Phosphore Bronze 928 struny do gitary akustycznej;0;https://b2b.laudacentral.eu/product-details/Martin-MA540FX-Light-12-54-AA-Flexible-Core-Phosphore-Bronze-928--struny-do-gitary-akustycznej/84de3249-1f48-49bf-b78c-f6a66414ce57
L2340044;Martin MA535FX Custom Light 11 52 AA Flexible Core Phosphore Bronze 928 struny do gitary akustycznej;0;https://b2b.laudacentral.eu/product-details/Martin-MA535FX-Custom-Light-11-52-AA-Flexible-Core-Phosphore-Bronze-928-struny-do-gitary-akustycznej/5f311e23-f4d5-459b-b730-d63146172d95
L2340043;Martin MA130FX Custom 115 470 AA Flexible Core Silk Steel struny do gitary akustycznej;0;https://b2b.laudacentral.eu/product-details/Martin-MA130FX-Custom-115---470-AA-Flexible-Core-Silk--Steel--struny-do-gitary-akustycznej/aca3d389-3722-4a96-a07a-8a10201121a9
L2340042;Martin MA500T Extra Light 10 47 AA Treated Phosphore Bronze 928 struny do gitary 12 str akustycznej;0;https://b2b.laudacentral.eu/product-details/Martin-MA500T-Extra-Light-10-47-AA-Treated-Phosphore-Bronze-928-struny-do-gitary-12-str-akustycznej/d540b51e-62eb-4194-b413-c0d547234655
L2340041;Martin MA550T Medium 13 56 AA Treated Phosphore Bronze 928 struny do gitary akustycznej;0;https://b2b.laudacentral.eu/product-details/Martin-MA550T-Medium-13-56-AA-Treated-Phosphore-Bronze-928-struny-do-gitary-akustycznej/cf7e24b1-e41c-431e-b2f4-e69cc5cbb291
L2340040;Martin MA540T Light 12 54 AA Treated Phosphore Bronze 928 struny do gitary akustycznej;0;https://b2b.laudacentral.eu/product-details/Martin-MA540T-Light-12-54-AA-Treated-Phosphore-Bronze-928-struny-do-gitary-akustycznej/45348129-46d7-400d-b50e-0083182da4ec
L2340039;Martin MA535T Custom Light 11 52 AA Treated Phosphore Bronze 928 struny do gitary akustycznej;0;https://b2b.laudacentral.eu/product-details/Martin-MA535T-Custom-Light-11-52-AA-Treated-Phosphore-Bronze-928-struny-do-gitary-akustycznej/daae2bca-d88f-4407-abc5-c428286cf752
L2340038;Martin MA530T Extra Light 10 47 AA Treated Phosphore Bronze 928 struny do gitary akustycznej;0;https://b2b.laudacentral.eu/product-details/Martin-MA530T-Extra-Light-10-47-AA-Treated-Phosphore-Bronze-928--struny-do-gitary-akustycznej/fd4fe948-886f-48be-84fa-e04b693c7c8b
L2340037;Martin MA180T Extra Light 10 47 AA Treated Bronze 8020 struny do gitary 12 str akustycznej;1;https://b2b.laudacentral.eu/product-details/Martin-MA180T-Extra-Light-10-47-AA-Treated-Bronze-8020-struny-do-gitary-12-str-akustycznej/9afd14a1-33cd-438e-b485-5b72563432fc
L2340036;Martin MA150T Medium 13 56 AA Treated Bronze 8020 struny do gitary akustycznej;1;https://b2b.laudacentral.eu/product-details/Martin-MA150T-Medium-13-56-AA-Treated-Bronze-8020--struny-do-gitary-akustycznej/a9d18236-0cbb-4105-bd48-2421a0212691
L2340035;Martin MA140T Light 12 54 AA Treated Bronze 8020 struny do gitary akustycznej;1;https://b2b.laudacentral.eu/product-details/Martin-MA140T-Light-12-54-AA-Treated-Bronze-8020--struny-do-gitary-akustycznej/8f571071-12ae-4837-a9b1-205a77b4d3da
L2340034;Martin MA175T Custom Light 11 52 AA Treated Bronze 8020 struny do gitary akustycznej;0;https://b2b.laudacentral.eu/product-details/Martin-MA175T-Custom-Light-11-52-AA-Treated-Bronze-8020-struny-do-gitary-akustycznej/5b954e8b-e09f-4eb6-a369-1526b5d3a53f
L2340033;Martin MA170T Extra Light 10 47 AA Treated Bronze 8020 struny do gitary akustycznej;1;https://b2b.laudacentral.eu/product-details/Martin-MA170T-Extra-Light-10-47-AA-Treated-Bronze-8020-struny-do-gitary-akustycznej/b9a7fe37-5438-471b-bb27-98f774a889b9
L2340032;Martin MA500S Extra Light 10 47 AA Silked Phosphore Bronze 928 struny do gitary 12 str akustycznej;1;https://b2b.laudacentral.eu/product-details/Martin-MA500S-Extra-Light-10-47-AA-Silked-Phosphore-Bronze-928-struny-do-gitary-12-str-akustycznej/984403e8-521f-4138-8956-9c873eb285d8
L2340031;Martin MA550S Medium 13 56 AA Silked Phosphore Bronze 928 struny do gitary akustycznej;1;https://b2b.laudacentral.eu/product-details/Martin-MA550S-Medium-13-56-AA-Silked-Phosphore-Bronze-928-struny-do-gitary-akustycznej/ce84e0f7-3447-45b4-9bcb-54c5f207fb46
L2340030;Martin MA540S Light 12 54 AA Silked Phosphore Bronze 928 struny do gitary akustycznej;0;https://b2b.laudacentral.eu/product-details/Martin-MA540S-Light-12-54-AA-Silked-Phosphore-Bronze-928-struny-do-gitary-akustycznej/6d6d68a8-04d4-491f-af73-d0495cabaed9
L2340029;Martin MA535S Custom Light 11 52 AA Silked Phosphore Bronze 928 struny do gitary akustycznej;0;https://b2b.laudacentral.eu/product-details/Martin-MA535S-Custom-Light-11-52-AA-Silked-Phosphore-Bronze-928-struny-do-gitary-akustycznej/2969feef-cb7a-4dcf-a503-46f9613d78d0
L2340028;Martin MA530S Extra Light 10 47 AA Silked Phosphore Bronze 928 struny do gitary akustycznej;0;https://b2b.laudacentral.eu/product-details/Martin-MA530S-Extra-Light-10-47-AA-Silked-Phosphore-Bronze-928-struny-do-gitary-akustycznej/2f706195-63c1-4519-b986-c587f43a4355
L2340027;Martin MA180S Extra Light 10 47 AA Silked Bronze 8020 struny do gitary 12 str akustycznej;1;https://b2b.laudacentral.eu/product-details/Martin-MA180S-Extra-Light-10-47-AA-Silked-Bronze-8020-struny-do-gitary-12-str-akustycznej/82374e27-bc1c-49d1-8112-a8eae687fbcd
L2340026;Martin MA150S Medium 13 56 AA Silked Bronze 8020 struny do gitary akustycznej;1;https://b2b.laudacentral.eu/product-details/Martin-MA150S-Medium-13-56-AA-Silked-Bronze-8020--struny-do-gitary-akustycznej/c2657029-724b-4d9a-9ccf-0b365f1e0447
L2340025;Martin MA140S Light 12 54 AA Silked Bronze 8020 struny do gitary akustycznej;1;https://b2b.laudacentral.eu/product-details/Martin-MA140S-Light-12-54-AA-Silked-Bronze-8020--struny-do-gitary-akustycznej/6af4ee02-f730-45dd-91e2-46a08517e191
L2340024;Martin MA175S Custom Light 11 52 AA Bronze 8020 struny do gitary akustycznej;0;https://b2b.laudacentral.eu/product-details/Martin-MA175S-Custom-Light-11-52-AA-Bronze-8020-struny-do-gitary-akustycznej/c6edec68-a0c7-4d43-b99a-ec02d618b195
L2340023;Martin MA170S Extra Light 10 47 AA Silked Bronze 8020 struny do gitary akustycznej;0;https://b2b.laudacentral.eu/product-details/Martin-MA170S-Extra-Light-10-47-AA-Silked-Bronze-8020-struny-do-gitary-akustycznej/edf46a4d-4577-4b13-ba21-24007ff8e2f2
L2340022;Martin MA130S Custom 115 470 AA Silked Silk Steel struny do gitary akustycznej;1;https://b2b.laudacentral.eu/product-details/Martin-MA130S-Custom-115---470-AA-Silked-Silk--Steel--struny-do-gitary-akustycznej/c7c52c85-dc08-4739-8372-54c9fc69959f
L2340021;Martin MA500 Extra Light 10 47 AA Phosphore Bronze 928 struny do gitary 12 str akustycznej;0;https://b2b.laudacentral.eu/product-details/Martin-MA500-Extra-Light-10-47-AA-Phosphore-Bronze-928-struny-do-gitary-12-str-akustycznej/fcf37222-25e4-4f11-8ef6-0151145e65eb
L2340020;Martin MA550 Medium 13 56 AA Phosphore Bronze 928 struny do gitary akustycznej;0;https://b2b.laudacentral.eu/product-details/Martin-MA550-Medium-13-56-AA-Phosphore-Bronze-928-struny-do-gitary-akustycznej/30f9a8df-a910-456b-b37d-b1a3be9eef44
L2340019;Martin MA545 LightMedium 125 55 AA Phosphore Bronze 928 struny do gitary akustycznej;1;https://b2b.laudacentral.eu/product-details/Martin-MA545-LightMedium-125-55-AA-Phosphore-Bronze-928-struny-do-gitary-akustycznej/a9920cb6-d63c-425e-94f6-1ac64aadc6e7
L2340018;Martin MA540 Light 12 54 AA Phosphore Bronze 928 struny do gitary akustycznej;0;https://b2b.laudacentral.eu/product-details/Martin-MA540-Light-12-54-AA-Phosphore-Bronze-928-struny-do-gitary-akustycznej/b8bb7fcd-5e51-4792-a62b-b6b9ee234c3d
L2340017;Martin MA535 Custom Light 11 52 AA Phosphore Bronze 928 struny do gitary akustycznej;0;https://b2b.laudacentral.eu/product-details/Martin-MA535-Custom-Light-11-52-AA-Phosphore-Bronze-928-struny-do-gitary-akustycznej/069dbbbc-effa-4bdf-bb9a-ddd42a10318e
L2340016;Martin MA530 Extra Light 10 47 AA Phosphore Bronze 928 struny do gitary akustycznej;0;https://b2b.laudacentral.eu/product-details/Martin-MA530-Extra-Light-10-47-AA-Phosphore-Bronze-928-struny-do-gitary-akustycznej/63e52f9c-596a-4c3b-ab50-37537b77abd5
L2340015;Martin MA240 Bluegrass 12 56 AA Bronze 8020 struny do gitary akustycznej;0;https://b2b.laudacentral.eu/product-details/Martin-MA240-Bluegrass-12-56-AA-Bronze-8020-struny-do-gitary-akustycznej/ef87fc94-64c6-43b1-a7ee-c4246ba2b6af
L2340014;Martin MA190 Light 12 54 AA Bronze 8020 struny do gitary 12 str akustycznej;1;https://b2b.laudacentral.eu/product-details/Martin-MA190-Light-12-54-AA-Bronze-8020-struny-do-gitary-12-str-akustycznej/2c472f34-4d5d-451d-afcc-9cdff2848739
L2340013;Martin MA180 Extra Light 10 47 AA Bronze 8020 struny do gitary 12 str akustycznej;0;https://b2b.laudacentral.eu/product-details/Martin-MA180-Extra-Light-10-47-AA-Bronze-8020-struny-do-gitary-12-str-akustycznej/de7d4ea4-5e75-4591-83f0-b052ba52f60d
L2340012;Martin MA150 Medium 13 56 AA Bronze 8020 struny do gitary akustycznej;0;https://b2b.laudacentral.eu/product-details/Martin-MA150-Medium-13-56-AA-Bronze-8020--struny-do-gitary-akustycznej/6ccef7d0-e731-454e-9bf7-8e213f7fee97
L2340011;Martin MA140 Light 12 54 AA Bronze 8020 struny do gitary akustycznej;0;https://b2b.laudacentral.eu/product-details/Martin-MA140-Light-12-54-AA-Bronze-8020--struny-do-gitary-akustycznej/6cabe811-5e7e-499a-a42f-9988e929bf59
L2340010;Martin MA175 Custom Light 11 52 AA Bronze 8020 struny do gitary akustycznej;0;https://b2b.laudacentral.eu/product-details/Martin-MA175-Custom-Light-11-52-AA-Bronze-8020-struny-do-gitary-akustycznej/3ca2efc9-98f2-4550-b33d-5f706e64c4f1
L2340009;Martin MA170 Extra Light 10 47 AA Bronze 8020 struny do gitary akustycznej;1;https://b2b.laudacentral.eu/product-details/Martin-MA170-Extra-Light-10-47-AA-Bronze-8020-struny-do-gitary-akustycznej/e568826e-e855-4cff-8289-849148a3a05e
L2340008;Martin MA130 Custom 115 470 AA Silk Steel struny do gitary akustycznej;1;https://b2b.laudacentral.eu/product-details/Martin-MA130-Custom-115---470-AA-Silk--Steel-struny-do-gitary-akustycznej/de078bb5-f130-42e9-93a3-ef37491c530e
L2340007;Martin MM1012 Extra Light 10 47 Retro Monel struny do gitary 12 str akustycznej;1;https://b2b.laudacentral.eu/product-details/Martin-MM1012-Extra-Light-10-47-Retro-Monel--struny-do-gitary-12-str-akustycznej/21444948-7103-46bd-92cf-c6a7965d028c
L2340006;Martin MTR13 Bluegrass 13 56 Retro Tony Rice Monel struny do gitary akustycznej;0;https://b2b.laudacentral.eu/product-details/Martin-MTR13-Bluegrass-13-56-Retro-Tony-Rice-Monel-struny-do-gitary-akustycznej/588240ba-6a34-499f-96b3-c6bea389ef9c
L2340005;Martin MLJ13 Medium 13 56 Retro LJ Monel struny do gitary akustycznej;1;https://b2b.laudacentral.eu/product-details/Martin-MLJ13--Medium-13-56-Retro-LJ-Monel-struny-do-gitary-akustycznej/22eceae6-851f-408c-bd49-0af15c898634
L2340004;Martin MM13 Medium 13 56 Retro Monel struny do gitary akustycznej;0;https://b2b.laudacentral.eu/product-details/Martin-MM13-Medium-13-56-Retro-Monel-struny-do-gitary-akustycznej/782b3ebc-1907-481a-9a18-fe57ff7490a5
L2340003;Martin MM12 Light 12 54 Retro Monel struny do gitary akustycznej;0;https://b2b.laudacentral.eu/product-details/Martin-MM12-Light-12-54-Retro-Monel-struny-do-gitary-akustycznej/c51be771-2bae-4bf3-91cf-e35b7d2237bf
L2340002;Martin MM11 Custom Light 11 52 Retro Monel struny do gitary akustycznej;0;https://b2b.laudacentral.eu/product-details/Martin-MM11-Custom-Light-11-52-Retro-Monel-struny-do-gitary-akustycznej/2027f0d0-93be-476b-92ab-dd0e0332f13b
L2340001;Martin MM10 Extra Light 10 47 Retro Monel struny do gitary akustycznej;0;https://b2b.laudacentral.eu/product-details/Martin-MM10-Extra-Light-10-47-Retro-Monel-struny-do-gitary-akustycznej/7553b9e1-f470-47dc-8af0-7e28da41a177
L2340000;Martin MTCN160 Light 12 55 Titanium Core Nickel struny do gitary akustycznej;1;https://b2b.laudacentral.eu/product-details/Martin-MTCN160-Light-12-55-Titanium-Core-Nickel-struny-do-gitary-akustycznej/d3359a64-1436-4c23-bc97-b8400d68ee22
L0550186;Elixir ATTUNE Phos Bronze Medium 13 56 STR AKU;1;https://b2b.laudacentral.eu/product-details/Elixir-ATTUNE--Phos-Bronze-Medium-13-56---STR-AKU/c0ab92ba-22c7-440a-a9dc-6252c7bb4766
L0550185;Elixir ATTUNE Phos Bronze Light 12 53 STR AKU;0;https://b2b.laudacentral.eu/product-details/Elixir-ATTUNE--Phos-Bronze-Light-12-53---STR-AKU/02bb2dea-9168-45ad-bff9-1a0f03638eaf
L0550184;Elixir ATTUNE Phos Bronze Custom Light 11 52 STR AKU;1;https://b2b.laudacentral.eu/product-details/Elixir-ATTUNE--Phos-Bronze-Custom-Light-11-52---STR-AKU/616a6ed0-81ba-431c-8071-ccc1311b025b
L0550183;Elixir ATTUNE Phos Bronze Extra Light 10 47 STR AKU;1;https://b2b.laudacentral.eu/product-details/Elixir-ATTUNE--Phos-Bronze-Extra-Light-10-47---STR-AKU/1638308c-9f1c-4f90-93b4-0922fc790527
L0550182;Elixir 16572 Elec Nckl OW Lt 3Pk 19052 potrojny zestaw strun;0;https://b2b.laudacentral.eu/product-details/Elixir-16572-Elec-Nckl-OW-Lt-3Pk-19052----potrojny-zestaw-strun/78bba9fe-c11e-4f58-864d-10505b41332d
L0550181;Elixir 16571 Elec Nckl OW SuLt 3Pk 19002 potrojny zestaw strun;1;https://b2b.laudacentral.eu/product-details/Elixir-16571-Elec-Nckl-OW-SuLt-3Pk-19002----potrojny-zestaw-strun/d2980417-0abf-4d47-bb8f-c0ec0219cb98
L0550180;Elixir 16570 Acou Phos NW Med 3Pk 16102 potrojny zestaw strun;0;https://b2b.laudacentral.eu/product-details/Elixir-16570-Acou-Phos-NW-Med-3Pk-16102----potrojny-zestaw-strun/b8801130-6089-4d3b-9567-b8b80848489c
L0550179;Elixir 16569 Acou Phos NW Lt 3Pk 16052 potrojny zestaw strun;0;https://b2b.laudacentral.eu/product-details/Elixir-16569-Acou-Phos-NW-Lt-3Pk-16052----potrojny-zestaw-strun/2045e856-5e2c-4b1a-b877-a6b5e2377cb8
L0550178;Elixir 16568 Acou Phos NW CusLt 3Pk 16027 potrojny zestaw strun;0;https://b2b.laudacentral.eu/product-details/Elixir-16568-Acou-Phos-NW-CusLt-3Pk-16027----potrojny-zestaw-strun/e65f9e39-e429-4c80-ad02-659c82fcde7c
L0550177;Elixir 16567 Elec Nckl NW Lt 3Pk 12052 potrojny zestaw strun;0;https://b2b.laudacentral.eu/product-details/Elixir-16567-Elec-Nckl-NW-Lt-3Pk-12052----potrojny-zestaw-strun/6309d13e-4950-41c4-910d-3604672c3fec
L0550176;Elixir 16566 Elec Nckl NW SuLt 3Pk 12002 potrojny zestaw strun;0;https://b2b.laudacentral.eu/product-details/Elixir-16566-Elec-Nckl-NW-SuLt-3Pk-12002----potrojny-zestaw-strun/c48565d7-b42a-4b1c-95f3-d3a61d6b42da
L0550175;Elixir 16565 Acou 8020 NW Lt 3Pk 11052 potrojny zestaw strun;1;https://b2b.laudacentral.eu/product-details/Elixir-16565-Acou-8020-NW-Lt-3Pk-11052----potrojny-zestaw-strun/97ed203a-161b-45f3-974f-ec1a51fb1d86
L0550174;Elixir 16564 Acou 8020 NW CusLt 3Pk 11027 potrojny zestaw strun;0;https://b2b.laudacentral.eu/product-details/Elixir-16564-Acou-8020-NW-CusLt-3Pk-11027---potrojny-zestaw-strun/5493ff36-31d8-4bfe-8f09-72c621f53064
L0550170;Elixir 13346 Bass SS NW 045 single;0;https://b2b.laudacentral.eu/product-details/Elixir-13346-Bass-SS-NW-045-single/9a058306-0d8d-4bfd-b93c-cca6f5e10f06
L0550169;Elixir 15340 Bass Nckl NW 040 single;1;https://b2b.laudacentral.eu/product-details/Elixir-15340-Bass-Nckl-NW-040-single/f8ae1021-d435-4b77-bc62-2dbaf4bee4b2
L0550168;Elixir 13436 Bass SS NW 130 single;0;https://b2b.laudacentral.eu/product-details/Elixir-13436-Bass-SS-NW-130-single/de674ff1-a454-4d96-8ec1-58038f220f03
L0550167;Elixir 13426 Bass SS NW 125 single;0;https://b2b.laudacentral.eu/product-details/Elixir-13426-Bass-SS-NW-125-single/89691dbf-5113-40b2-8825-f69d7dce1586
L0550166;Elixir 11308 16 70 NW struny barytonowe;1;https://b2b.laudacentral.eu/product-details/Elixir-11308---16-70-NW-struny-barytonowe/660f55aa-17f7-48a9-a631-3243280aecfa
L0550165;Elixir 11028 Bronze NW CoLt 011 100 Bulk zestaw 100 strun do gitary akustycznej;0;https://b2b.laudacentral.eu/product-details/Elixir-11028-Bronze-NW-CoLt-011-100-Bulk---zestaw-100-strun-do-gitary-akustycznej/272e6916-14fa-4a23-8736-47e0f9c3767e
L0550162;Elixir 14125 struna pojedyncza NW 025 Ph Br;0;https://b2b.laudacentral.eu/product-details/Elixir-14125---struna-pojedyncza-NW-025-Ph-Br/42876b83-a6c5-4a65-8518-d95e63d3f974
L0550161;Elixir 13122 struna pojedyncza PW 022 Bronze;0;https://b2b.laudacentral.eu/product-details/Elixir-13122---struna-pojedyncza-PW-022-Bronze/520a887b-b99d-4cae-bd8b-076343351927
L0550159;Elixir 16026 Phosphor Bronze NW CusLt 011 25 Mini Bulk zestaw 25 strun do gitary akustycznej;0;https://b2b.laudacentral.eu/product-details/Elixir-16026-Phosphor-Bronze-NW-CusLt-011-25-Mini-Bulk---zestaw-25-strun-do-gitary-akustycznej/e595e747-88e5-42e8-a57d-76885a65a1bd
L0550158;Elixir 16057 Phosphor Bronze NW 12 53 Mini BULK zestaw 25 strun;0;https://b2b.laudacentral.eu/product-details/Elixir-16057-Phosphor-Bronze-NW-12-53-Mini-BULK---zestaw-25-strun/62c13afe-973a-44cd-ab14-c5bd3a61e506
L0550157;Elixir 16054 Phosphor Bronze NW 12 53 Mini BULK zestaw 100 strun;0;https://b2b.laudacentral.eu/product-details/Elixir-16054-Phosphor-Bronze-NW-12-53-Mini-BULK---zestaw-100-strun/81df53cd-19cb-4692-b59f-ba36870cf0d9
L0550155;Elixir 19106 Optiweb medium 11 59 struny do gitary elektrycznej 7;1;https://b2b.laudacentral.eu/product-details/Elixir-19106-Optiweb-medium-11-59---struny-do-gitary-elektrycznej---7/6b895bca-54f2-4550-b254-5c3eea5572cc
L0550154;Elixir 19074 Optiweb LtHeavy 10 59 struny do gitary elektrycznej 7;1;https://b2b.laudacentral.eu/product-details/Elixir-19074-Optiweb-LtHeavy-10-59---struny-do-gitary-elektrycznej---7/d683e2d7-273f-4e26-9b18-cc33a2c34905
L0550153;Elixir 19057 Optiweb 10 56 struny do gitary elektrycznej 7;1;https://b2b.laudacentral.eu/product-details/Elixir-19057-Optiweb-10-56---struny-do-gitary-elektrycznej---7/133b9e25-ed35-4879-a964-087a551f3802
L0550152;Elixir 19062 Optiweb Lt 10 74 struny do gitary elektrycznej 8;1;https://b2b.laudacentral.eu/product-details/Elixir-19062-Optiweb-Lt-10-74---struny-do-gitary-elektrycznej---8/0783a1bd-190a-48d1-882e-8d1d4b67827a
L0550151;Elixir 19007 Optiweb SuLt 9 52 struny do gitary elektrycznej 7;1;https://b2b.laudacentral.eu/product-details/Elixir-19007-Optiweb-SuLt-9-52---struny-do-gitary-elektrycznej---7/09033516-53d9-4014-84ac-2fc56ebff29d
L0550150;Elixir 12106 Medium 11 59 NW struny do gitary elektrycznej 7;1;https://b2b.laudacentral.eu/product-details/Elixir-12106-Medium-11-59-NW-struny-do-gitary-elektrycznej---7/632668b7-d588-4431-882a-6e24947a9485
L0550149;Elixir 12074 Light Heavy 10 59 NW struny do gitary elektrycznej 7;1;https://b2b.laudacentral.eu/product-details/Elixir-12074-Light-Heavy-10-59-NW---struny-do-gitary-elektrycznej---7/8945c828-393a-4a2a-b2f9-bb3fd10845b9
L0550148;Elixir 12007 SuLt 09 52 NW Struny do gitary elektrycznej 7;0;https://b2b.laudacentral.eu/product-details/Elixir-12007-SuLt-09-52--NW-Struny-do-gitary-elektrycznej---7/365f5456-41db-4353-8bc3-1b69b8e8e992
L0550147;Elixir 12055 NW Lt 010 Mini Bulk zestaw 25 strun do gitary elektrycznej;0;https://b2b.laudacentral.eu/product-details/Elixir-12055-NW-Lt-010-Mini-Bulk---zestaw-25-strun-do-gitary-elektrycznej/91455cce-727a-486e-83f9-c7e516afc0dc
L0550146;Elixir 11026 bronze NW CoLt 011 Mini Bulk zestaw 25 strun do gitary akusycznej;0;https://b2b.laudacentral.eu/product-details/Elixir-11026-bronze-NW-CoLt-011-Mini-Bulk---zestaw-25-strun-do-gitary-akusycznej/12da54aa-d0b0-4cfe-9295-4b89a00d7667
L0550145;Elixir 12062 Light 10 74 NW struny do gitary elektrycznej 8;1;https://b2b.laudacentral.eu/product-details/Elixir-12062-Light-10-74-NW-struny-do-gitary-elektrycznej---8/2a65c976-0a18-4235-afa1-c15c32e10fa1
L0550144;Elixir 12100 Medium 11 49 PW struny do gitary elektrycznej;0;https://b2b.laudacentral.eu/product-details/Elixir-12100-Medium-11-49-PW---struny-do-gitary-elektrycznej/17fd9e0a-69fe-46b6-ad3d-84eab6462cda
L0550143;Elixir 12025 CuLt 9 46 PW struny do gitary elektrycznej;0;https://b2b.laudacentral.eu/product-details/Elixir-12025-CuLt-9-46-PW---struny-do-gitary-elektrycznej/38ac225f-d972-4edf-832d-9610a45a9fac
L0550134;Elixir 16252 struna pojedyncza;0;https://b2b.laudacentral.eu/product-details/Elixir-16252---struna-pojedyncza/219bf254-0c23-46bb-aaf3-bbd9848d1ded
L0550133;Elixir 16249 struna pojedyncza;1;https://b2b.laudacentral.eu/product-details/Elixir-16249---struna-pojedyncza/c83d01f5-de66-4009-9b21-5475c2e43c6c
L0550132;Elixir 16246 struna pojedyncza;0;https://b2b.laudacentral.eu/product-details/Elixir-16246---struna-pojedyncza/0d5c795b-8f2e-494d-9dff-166848db652e
L0550131;Elixir 16224 struna pojedyncza;0;https://b2b.laudacentral.eu/product-details/Elixir-16224---struna-pojedyncza/6f16cecf-bf9c-4c14-9c86-a42eebceba50
L0550130;Elixir 16242 struna pojedyncza;1;https://b2b.laudacentral.eu/product-details/Elixir-16242---struna-pojedyncza/d810098f-4e72-48b5-a681-ddaaf965e248
L0550129;Elixir 16238 struna pojedyncza;1;https://b2b.laudacentral.eu/product-details/Elixir-16238---struna-pojedyncza/7ddcb604-0555-4b32-944e-df9f7fe62aaf
L0550128;Elixir 16236 struna pojedyncza;1;https://b2b.laudacentral.eu/product-details/Elixir-16236---struna-pojedyncza/a513a23e-3eb2-4d22-bfd8-267912a052fd
L0550127;Elixir 16232 struna pojedyncza;1;https://b2b.laudacentral.eu/product-details/Elixir-16232---struna-pojedyncza/cfe289cb-2636-4d6e-b269-b2ed5a912e90
L0550126;Elixir 16228 struna pojedyncza;1;https://b2b.laudacentral.eu/product-details/Elixir-16228---struna-pojedyncza/89cbe49f-446a-42cd-9fec-2473a7d32862
L0550125;Elixir 16226 struna pojedyncza;1;https://b2b.laudacentral.eu/product-details/Elixir-16226---struna-pojedyncza/e99b989b-de59-4b04-923a-5ca472ae9300
L0550124;Elixir 19102 Optiweb Medium struny do gitary elektrycznej 11 49;1;https://b2b.laudacentral.eu/product-details/Elixir-19102-Optiweb-Medium---struny-do-gitary-elektrycznej-11-49/b468b787-fe98-4896-8763-a139f638756d
L0550123;Elixir 19077 Optiweb LightHeavy struny do gitary elektrycznej 10 52;0;https://b2b.laudacentral.eu/product-details/Elixir-19077-Optiweb-LightHeavy---struny-do-gitary-elektrycznej-10-52/abab4175-b0d3-46f7-9887-454e3b33bab9
L0550121;Elixir 19027 Optiweb Custom Light struny do gitary elektrycznej 9 46;1;https://b2b.laudacentral.eu/product-details/Elixir-19027-Optiweb-Custom-Light---struny-do-gitary-elektrycznej-9-46/e54a7dab-e652-4b5d-9074-c46ba92b3cc3
L0550117;Elixir 14207 5 String LTMed45 105135 NV Long Scale struny basowe;0;https://b2b.laudacentral.eu/product-details/Elixir-14207-5-String-LTMed45-105135-NV-Long-Scale-struny-basowe/a21c02d0-a16c-4144-bce0-aefb8e4d3bd3
L0550116;Elixir 14782 LightMedium 45 105135 NW Long Scale struny basowe stalowe;1;https://b2b.laudacentral.eu/product-details/Elixir-14782-LightMedium-45-105135-NW-Long-Scale--struny-basowe-stalowe/3e1fa18a-bd23-45ff-865f-a6ddad921d96
L0550105;Elixir 14702 Medium 50 105 NW Long Scale struny basowe stalowe;1;https://b2b.laudacentral.eu/product-details/Elixir-14702-Medium-50-105-NW-Long-Scale---struny-basowe-stalowe/a764daac-c643-4e60-8b46-c9e5f20582e1
L0550098;Elixir 16182 Phosphor Bronze HD Light 13 53 NW struny akustyczne;1;https://b2b.laudacentral.eu/product-details/Elixir-16182-Phosphor-Bronze-HD-Light-13-53-NW---struny-akustyczne/6ae4326e-d0e6-408a-beed-d5e8fac7d532
L0550097;Elixir 16152 12 String Phosphor Bronze Light 10 47 NW struny akustyczne;1;https://b2b.laudacentral.eu/product-details/Elixir-16152-12-String-Phosphor-Bronze-Light-10-47-NW-struny-akustyczne/20ce1262-37cd-41bb-b70e-a24f4207ede1
L0550096;Elixir 16102 Phosphor Bronze Medium 13 56 NW struny akustyczne;1;https://b2b.laudacentral.eu/product-details/Elixir-16102-Phosphor-Bronze-Medium-13-56-NW-struny-akustyczne/25c5f199-6686-409f-b62c-f476133f8740
L0550095;Elixir 16077 Phosphor Bronze Light Medium 12 56 NW struny akustyczne;0;https://b2b.laudacentral.eu/product-details/Elixir-16077-Phosphor-Bronze-Light-Medium-12-56-NW-struny-akustyczne/97acea79-a17d-4813-abe9-904c5c8bece8
L0550094;Elixir 16053 Phosphor Bronze NW Lt 012 Mini BULK zestaw 50 strun;0;https://b2b.laudacentral.eu/product-details/Elixir-16053-Phosphor-Bronze--NW-Lt-012-Mini-BULK---zestaw--50-strun/ae34c49e-49b7-431f-aaa7-ea2fdf761bd7
L0550093;Elixir 16052 Phosphor Bronze Light 12 53 NW struny akustyczne;0;https://b2b.laudacentral.eu/product-details/Elixir-16052-Phosphor-Bronze-Light-12-53-NW-struny-akustyczne/c327b8e0-eac0-4e6b-977f-2ba12ccae048
L0550092;Elixir 16027 Phosphor Bronze Custom Light 11 52 NW struny akustyczne;0;https://b2b.laudacentral.eu/product-details/Elixir-16027-Phosphor-Bronze-Custom-Light-11-52-NW-struny-akustyczne/be4f0740-a3a2-4cfe-8043-36548b79e163
L0550090;Elixir 15435 pojedyncza struna basowa NW 135L;0;https://b2b.laudacentral.eu/product-details/Elixir-15435-pojedyncza-struna-basowa--NW-135L/9f5576e6-d401-45ee-9dd5-a7263fa4ec23
L0550089;Elixir 15433 pojedyncza struna basowa x long 130 tw;1;https://b2b.laudacentral.eu/product-details/Elixir-15433-pojedyncza-struna-basowa-x-long-130-tw/83b89aa4-f031-4e14-a445-cd4cf1a5e4a8
L0550088;Elixir 15432 pojedyncza struna basowa 130 tw;1;https://b2b.laudacentral.eu/product-details/Elixir-15432-pojedyncza-struna-basowa-130-tw/16a66563-13b5-409c-87e1-0cd6ef19c672
L0550087;Elixir 15430 pojedyncza struna basowa 130L;0;https://b2b.laudacentral.eu/product-details/Elixir-15430-pojedyncza-struna-basowa-130L/0ffe4106-18da-45ed-afb8-343785e7b459
L0550086;Elixir 15425 NW125 L struna pojedyncza basowa;1;https://b2b.laudacentral.eu/product-details/Elixir-15425-NW125-L-struna-pojedyncza-basowa/75643481-4d0d-4dd8-9f3c-4493838695c8
L0550085;Elixir 15332 NW032 struna pojedyncza basowa;1;https://b2b.laudacentral.eu/product-details/Elixir-15332-NW032-struna-pojedyncza-basowa/03a25d5d-e558-4937-8dad-1cdb6536aead
L0550084;Elixir 15268 struna pojedyncza 68 NW;0;https://b2b.laudacentral.eu/product-details/Elixir-15268--struna-pojedyncza-68-NW/a51daf23-ef29-47fb-96df-f6a545ac86b1
L0550083;Elixir 15258 struna pojedyncza 58 NW;0;https://b2b.laudacentral.eu/product-details/Elixir-15258--struna-pojedyncza-58-NW/32d8a130-5a25-4778-b95e-c03038275a62
L0550082;Elixir 15256 struna pojedyncza 56 NW;0;https://b2b.laudacentral.eu/product-details/Elixir-15256-struna-pojedyncza--56-NW/41c59123-6942-4578-bea9-5482683ac0f0
L0550081;Elixir 15252 struna pojedyncza 52 NW;0;https://b2b.laudacentral.eu/product-details/Elixir-15252-struna-pojedyncza-52-NW/76c2b2e7-e520-4499-a5dd-c24168f9779e
L0550080;Elixir 15249 struna pojedyncza 49 NW;0;https://b2b.laudacentral.eu/product-details/Elixir-15249--struna-pojedyncza-49-NW/625348b2-4fd6-41cc-b5be-355c0d2ef909
L0550079;Elixir 15246 struna pojedyncza 46 NW;0;https://b2b.laudacentral.eu/product-details/Elixir-15246-struna-pojedyncza-46-NW/dedef851-4b0a-4965-af81-3ce2ad3bfb53
L0550078;Elixir 15242 struna pojedyncza 042 NW;0;https://b2b.laudacentral.eu/product-details/Elixir-15242-struna-pojedyncza-042-NW/1e0894e1-4a2f-41e0-ab56-15bbc9f715fc
L0550077;Elixir 15238 struna pojedyncza 38 NW;1;https://b2b.laudacentral.eu/product-details/Elixir-15238-struna-pojedyncza-38-NW/77c34a1d-0e78-41a6-a557-d5cb64ffd608
L0550076;Elixir 15236 struna pojedyncza 36 NW;0;https://b2b.laudacentral.eu/product-details/Elixir-15236-struna-pojedyncza-36-NW/c747bdb4-f0fa-4bf6-ad6f-d323b7030bb9
L0550075;Elixir 15232 struna pojedyncza 32 NW;1;https://b2b.laudacentral.eu/product-details/Elixir-15232-struna-pojedyncza-32-NW/2d706b3f-e064-4d28-8117-160cb6d063de
L0550074;Elixir 15228 struna pojedyncza 28 NW;0;https://b2b.laudacentral.eu/product-details/Elixir-15228---struna-pojedyncza-28-NW/cdae380e-e46e-4c55-93d7-8531a8f64930
L0550073;Elixir 15226 struna pojedyncza NW26;0;https://b2b.laudacentral.eu/product-details/Elixir-15226-struna-pojedyncza-NW26/76794289-d32f-45a3-89af-eed41a571ff7
L0550072;Elixir 15224 struna pojedyncza NW 024;0;https://b2b.laudacentral.eu/product-details/Elixir-15224-struna-pojedyncza-NW-024/9fc1beaa-f10a-4956-8f0a-1b2e9ec76bf7
L0550071;Elixir 15156 struna pojedyncza NW 056;0;https://b2b.laudacentral.eu/product-details/Elixir-15156-struna-pojedyncza-NW-056/56cd9ac2-c15f-46fd-8ecf-d0b1c0c481af
L0550070;Elixir 15153 struna pojedyncza NW 053;0;https://b2b.laudacentral.eu/product-details/Elixir-15153-struna-pojedyncza-NW-053/712ff4f3-9078-4c03-80dc-57fb1eb12286
L0550069;Elixir 15152 struna pojedyncza NW 052;0;https://b2b.laudacentral.eu/product-details/Elixir-15152-struna-pojedyncza-NW-052/82b333fd-31e4-4b7e-887e-a5b67ebd6600
L0550068;Elixir 15142 struna pojedyncza NW 042;0;https://b2b.laudacentral.eu/product-details/Elixir-15142-struna-pojedyncza-NW-042/041651d6-786c-4b73-a347-be1c70993338
L0550067;Elixir 15132 struna pojedyncza NW 032;1;https://b2b.laudacentral.eu/product-details/Elixir-15132-struna-pojedyncza-NW-032/2d4d64ef-12b6-4da6-b384-e284d522eb5f
L0550066;Elixir 15130 struna pojedyncza NW 030;0;https://b2b.laudacentral.eu/product-details/Elixir-15130-struna-pojedyncza-NW-030/867cb1f2-6b06-46cb-82f2-a51dc7260357
L0550065;Elixir 15126 struna pojedyncza NW 026;0;https://b2b.laudacentral.eu/product-details/Elixir-15126-struna-pojedyncza-NW-026/cbbd893e-8e8e-4af8-9ec5-9fda2b664f81
L0550064;Elixir 15124 struna pojedyncza NW 024;1;https://b2b.laudacentral.eu/product-details/Elixir-15124-struna-pojedyncza-NW-024/cbc20055-4c51-4b80-8894-6538fe623e38
L0550063;Elixir 15123 struna pojedyncza NW 023;0;https://b2b.laudacentral.eu/product-details/Elixir-15123-struna-pojedyncza-NW-023/6a6db085-e017-414d-8540-d0f01955c5ea
L0550062;Elixir 15122 struna pojedyncza NW 022;0;https://b2b.laudacentral.eu/product-details/Elixir-15122-struna-pojedyncza-NW-022/162f4734-3328-4bfa-b0d6-3fe10aa7cff8
L0550060;Elixir 14777 Medium 45 100130 NW Long Scale struny basowe stalowe;0;https://b2b.laudacentral.eu/product-details/Elixir-14777-Medium-45-100130-NW-Long-Scale--struny-basowe-stalowe/ee874e03-4f3b-4515-a7b9-d809df471cf3
L0550059;Elixir 14677 Medium 45 105 NW Long Scale struny basowe stalowe;0;https://b2b.laudacentral.eu/product-details/Elixir-14677-Medium-45-105-NW-Long-Scale---struny-basowe-stalowe/7397c5e9-266f-43f0-b6b9-03cae34db5aa
L0550058;Elixir 14652 Light 45 100 NW Long Scale struny basowe stalowe;1;https://b2b.laudacentral.eu/product-details/Elixir-14652-Light-45-100-NW-Long-Scale---struny-basowe-stalowe/dae6e372-5438-4502-921c-4fb5c65492ab
L0550057;Elixir 14502 Acoustic Bass Light 45 100 NW struny basowe akustyczne;1;https://b2b.laudacentral.eu/product-details/Elixir-14502-Acoustic-Bass-Light-45-100-NW-struny-basowe-akustyczne/688cdd60-f4a9-42e3-b711-0315208ffdac
L0550056;Elixir 14202 5 String Light 45 100130 NW Long Scale struny basowe;0;https://b2b.laudacentral.eu/product-details/Elixir-14202-5-String-Light-45-100130-NW-Long-Scale-struny-basowe/9cda53f5-668d-4c3f-9c50-788b9838e753
L0550055;Elixir 14153 struna pojedyncza NW 053 Ph Br;0;https://b2b.laudacentral.eu/product-details/Elixir-14153---struna-pojedyncza-NW-053-Ph-Br/e8bfefc1-5c74-4c5c-98d1-109c3afa18b4
L0550054;Elixir 14147 struna pojedyncza NW 047 Ph Br;0;https://b2b.laudacentral.eu/product-details/Elixir-14147---struna-pojedyncza-NW-047-Ph-Br/393bb00c-543a-49ce-aaea-aeb1f569234f
L0550053;Elixir 14142 struna pojedyncza NW 042 Ph Br;0;https://b2b.laudacentral.eu/product-details/Elixir-14142---struna-pojedyncza-NW-042-Ph-Br/8d895001-e3a2-46d3-aeee-eb64ca152e03
L0550052;Elixir 14139 struna pojedyncza NW 039 Ph Br;0;https://b2b.laudacentral.eu/product-details/Elixir-14139---struna-pojedyncza-NW-039-Ph-Br/ece7197e-f197-45e4-93c5-e09abb845607
L0550051;Elixir 14132 struna pojedyncza NW 032 Ph Br;0;https://b2b.laudacentral.eu/product-details/Elixir-14132---struna-pojedyncza-NW-032-Ph-Br/ab73b45f-3d2d-4c48-9721-341700107b34
L0550050;Elixir 14130 struna pojedyncza NW 030 Ph Br;0;https://b2b.laudacentral.eu/product-details/Elixir-14130---struna-pojedyncza-NW-030-Ph-Br/f95c4393-09e4-439e-95b1-93c877487ee3
L0550049;Elixir 14124 struna pojedyncza NW 024 Ph Br;1;https://b2b.laudacentral.eu/product-details/Elixir-14124---struna-pojedyncza-NW-024-Ph-Br/db86f1ce-7016-4177-9ecf-8a185837511c
L0550048;Elixir 14123 struna pojedyncza NW 023 Ph Br;1;https://b2b.laudacentral.eu/product-details/Elixir-14123---struna-pojedyncza-NW-023-Ph-Br/f7aa1c2b-d96d-4f9f-86b7-cb3e16743bd1
L0550047;Elixir 14122 struna pojedyncza NW 022 Ph Br;0;https://b2b.laudacentral.eu/product-details/Elixir-14122---struna-pojedyncza-NW-022-Ph-Br/57e38639-f202-4bcf-8910-5c5783626b1c
L0550046;Elixir 14102 Heavy 50 105 NW Long Scale struny basowe;1;https://b2b.laudacentral.eu/product-details/Elixir-14102-Heavy-50-105-NW-Long-Scale-struny-basowe/84127166-e25e-4713-b0b1-1069511e3603
L0550045;Elixir 14087 Medium 45 105 NW Extra Long Scale struny basowe;0;https://b2b.laudacentral.eu/product-details/Elixir-14087-Medium-45-105-NW-Extra-Long-Scale-struny-basowe/9b644d35-cca7-485c-b8f3-ab6d8b517c2e
L0550044;Elixir 14077 Medium 45 105 NW Long Scale struny basowe;0;https://b2b.laudacentral.eu/product-details/Elixir-14077-Medium-45-105-NW-Long-Scale-struny-basowe/a535d53a-ae11-45ba-bfae-46757d3c5f3c
L0550043;Elixir 14052 Light 45 100 NW Long Scale struny basowe;1;https://b2b.laudacentral.eu/product-details/Elixir-14052-Light-45-100-NW-Long-Scale-struny-basowe/2cf0dffb-13bc-4a4e-a953-97e1ef5054f1
L0550042;Elixir 14002 Super Light 40 95 NW Long Scale struny basowe;0;https://b2b.laudacentral.eu/product-details/Elixir-14002-Super-Light-40-95-NW-Long-Scale-struny-basowe/12b5847f-cc09-4297-91a8-ac31b2e118f7
L0550041;Elixir 13022 PL022 struna pojedyncza;1;https://b2b.laudacentral.eu/product-details/Elixir-13022-PL022-struna-pojedyncza/693d3738-4f10-4847-acb6-ef9d8deaee98
L0550040;Elixir 13018 PL018 struna pojedyncza;1;https://b2b.laudacentral.eu/product-details/Elixir-13018-PL018-struna-pojedyncza/45ce04f1-5196-4a8e-9792-0afa6f5edff4
L0550039;Elixir 13017 PL017 struna pojedyncza;1;https://b2b.laudacentral.eu/product-details/Elixir-13017-PL017-struna-pojedyncza/f7263f80-1e85-4ac0-a053-5f07c063022c
L0550038;Elixir 13016 PL016 struna pojedyncza;1;https://b2b.laudacentral.eu/product-details/Elixir-13016-PL016-struna-pojedyncza/846652ce-3e49-4fb4-bde0-151c1b445716
L0550037;Elixir 13015 PL015 struna pojedyncza;0;https://b2b.laudacentral.eu/product-details/Elixir-13015-PL015-struna-pojedyncza/e8605255-b11d-4264-a434-183c3f432e00
L0550036;Elixir 13014 PL014 struna pojedyncza;1;https://b2b.laudacentral.eu/product-details/Elixir-13014-PL014-struna-pojedyncza/7bfff4d0-77a0-440f-93bc-c678ddf29c52
L0550035;Elixir 13013 PL013 struna pojedyncza;1;https://b2b.laudacentral.eu/product-details/Elixir-13013-PL013-struna-pojedyncza/abe97489-7bec-4f09-8d7e-0729ceda4f83
L0550034;Elixir 13012 PL012 struna pojedyncza;1;https://b2b.laudacentral.eu/product-details/Elixir-13012-PL012-struna-pojedyncza/acf73aa5-ac20-49e8-b1bf-62424bbe4508
L0550033;Elixir 13011 PL011 struna pojedyncza;1;https://b2b.laudacentral.eu/product-details/Elixir-13011-PL011-struna-pojedyncza/7459ca97-ef5a-4311-904f-ecf656c3ca3a
L0550032;Elixir 13010 PL010 struna pojedyncza;1;https://b2b.laudacentral.eu/product-details/Elixir-13010-PL010-struna-pojedyncza/743c0f0f-447d-4555-94fb-3321e49af14b
L0550031;Elixir 13009 PL009 struna pojedyncza;1;https://b2b.laudacentral.eu/product-details/Elixir-13009-PL009-struna-pojedyncza/24e6018e-0505-4b04-be0c-eca7cc35a883
L0550030;Elixir 12450 Light 10 46 NW struny do gitary 12 str elektrycznej;1;https://b2b.laudacentral.eu/product-details/Elixir-12450-Light--10-46--NW-struny-do-gitary-12-str-elektrycznej/d37f53d5-59ed-443a-b9e1-00a43bfbafa0
L0550029;Elixir 12302 Baritone 12 68 NW struny elektryczne;0;https://b2b.laudacentral.eu/product-details/Elixir-12302-Baritone-12-68-NW-struny-elektryczne/774004c5-4451-42bd-aaf2-0799a2c7a77e
L0550028;Elixir 12152 Heavy 12 52 NW struny elektryczne;0;https://b2b.laudacentral.eu/product-details/Elixir-12152-Heavy-12-52-NW-struny-elektryczne/28d6cac2-23ac-4ac3-8160-39f520964c0c
L0550027;Elixir 12102 Medium 11 49 NW struny elektryczne;1;https://b2b.laudacentral.eu/product-details/Elixir-12102-Medium-11-49-NW-struny-elektryczne/44a6390c-5824-4c15-aa3b-d3ddb6d5992d
L0550026;Elixir 12077 Light Heavy 10 52 NW struny elektryczne;0;https://b2b.laudacentral.eu/product-details/Elixir-12077-Light-Heavy-10-52-NW-struny-elektryczne/3cfe6edb-3041-4e2a-b7bb-a2b838860670
L0550025;Elixir 12057 10 56 B 7 NW Struny elektryczne 7;0;https://b2b.laudacentral.eu/product-details/Elixir-12057-10-56-B-7-NW-Struny-elektryczne---7/8335f1cf-1320-4c36-907b-782070fca14c
L0550023;Elixir 12052 Light 10 46 NW struny elektryczne;0;https://b2b.laudacentral.eu/product-details/Elixir-12052-Light-10-46-NW-struny-elektryczne/e64f50c6-3c8d-48ca-bd6b-483d06c187b0
L0550021;Elixir 12027 Custom Light 09 46 NW struny elektryczne;0;https://b2b.laudacentral.eu/product-details/Elixir-12027-Custom-Light-09-46-NW-struny-elektryczne/8b43227f-8f08-4bd6-9e30-8823b2ba6139
L0550019;Elixir 12000 Super Light 9 42 PW struny elektryczne;0;https://b2b.laudacentral.eu/product-details/Elixir-12000-Super-Light-9-42-PW-struny-elektryczne/b0c667aa-b23a-426a-ad68-a38504e61709
L0550017;Elixir 11306 16 70 NW struny barytonowe;1;https://b2b.laudacentral.eu/product-details/Elixir-11306----16-70-NW-struny-barytonowe/01503543-08a5-473b-b52a-b54ef42fb833
L0550016;Elixir 11182 HD Light Anti Rust 13 53 NW struny akustyczne;1;https://b2b.laudacentral.eu/product-details/Elixir-11182--HD-Light-Anti-Rust-13-53-NW--struny-akustyczne/d6eb7c22-3f3b-4b7c-965b-d329a992cbf1
L0550014;Elixir 11162 12 String Heavy 13 56 NW struny akustyczne;0;https://b2b.laudacentral.eu/product-details/Elixir-11162-12-String-Heavy-13-56-NW-struny-akustyczne/6fdb6d8f-e6a3-4819-9527-920f22fb559e
L0550013;Elixir 11152 12 String Light 10 47 NW struny akustyczne;0;https://b2b.laudacentral.eu/product-details/Elixir-11152-12-String-Light-10-47-NW-struny-akustyczne/2ccdf0e1-2d8a-44d2-afca-a3b55dcdc2fa
L0550012;Elixir 11150 12 String Light 10 47 PW struny akustyczne;1;https://b2b.laudacentral.eu/product-details/Elixir-11150-12-String-Light-10-47-PW-struny-akustyczne/611c7761-7121-4847-8ac1-f4049ef1db43
L0550011;Elixir 11125 Resonator 16 56 PW struny do gitar rezonatorowych;1;https://b2b.laudacentral.eu/product-details/Elixir-11125-Resonator-16-56-PW-struny-do-gitar-rezonatorowych/e269ab03-c148-4131-b69d-146be6863f70
L0550010;Elixir 11102 Medium 13 56 NW struny akustyczne;0;https://b2b.laudacentral.eu/product-details/Elixir-11102-Medium-13-56-NW-struny-akustyczne/51d853c7-25cd-4b1f-9652-a3628a936465
L0550009;Elixir 11100 Medium 13 56 PW struny akustyczne;1;https://b2b.laudacentral.eu/product-details/Elixir-11100-Medium-13-56-PW-struny-akustyczne/5c2a9802-c250-4416-a273-72c22d1921fb
L0550008;Elixir 11077 Light Medium 12 56 NW struny akustyczne;0;https://b2b.laudacentral.eu/product-details/Elixir-11077-Light-Medium-12-56-NW-struny-akustyczne/62cc8bc1-6698-4daf-ab43-3e2fdaa8696f
L0550007;Elixir 11075 Light Medium 12 56 PW struny akustyczne;1;https://b2b.laudacentral.eu/product-details/Elixir-11075-Light-Medium-12-56-PW-struny-akustyczne/a3207c78-e188-4759-bba7-cd033a1836bb
L0550006;Elixir 11052 Light 12 53 NW struny akustyczne;0;https://b2b.laudacentral.eu/product-details/Elixir-11052-Light-12-53-NW-struny-akustyczne/1e718b18-6ca9-445a-b0dd-acb30eeaf206
L0550005;Elixir 11050 Light 12 53 PW struny akustyczne;1;https://b2b.laudacentral.eu/product-details/Elixir-11050-Light-12-53-PW-struny-akustyczne/4c26caf3-36d4-4a4e-91d6-ea92a1ee0ba8
L0550004;Elixir 11027 Custom Light 11 52 NW struny akustyczne;0;https://b2b.laudacentral.eu/product-details/Elixir-11027-Custom-Light-11-52-NW-struny-akustyczne/a58d169c-b565-4cd2-ae78-c96e2ea334aa
L0550003;Elixir 11025 Custom Light 11 52 PW struny akustyczne;0;https://b2b.laudacentral.eu/product-details/Elixir-11025-Custom-Light-11-52-PW-struny-akustyczne/c0d27f71-6e45-4ee8-a005-9fa2512babef
L0550002;Elixir 11002 Extra Light 10 47 NW struny akustyczne;0;https://b2b.laudacentral.eu/product-details/Elixir-11002-Extra-Light-10-47-NW-struny-akustyczne/1b2f1f2e-f4bd-4288-b396-38a753255600
L1080052;Novox FREE PRO H1 True Diversity Mikrofon bezprzewodowy pojedynczy True Diversity;0;https://b2b.laudacentral.eu/product-details/Novox-FREE-PRO-H1-True-Diversity----Mikrofon-bezprzewodowy-pojedynczy-True-Diversity/d8d20539-7d94-49e7-8625-84a7e3f7861a
L1080051;Novox FREE PRO H4 Mikrofon bezprzewodowy poczworny;0;https://b2b.laudacentral.eu/product-details/Novox-FREE-PRO-H4----Mikrofon-bezprzewodowy-poczworny/2022e213-527e-4f61-b8d7-ef44efd64625
L1080050;Novox FREE PRO H2 Mikrofon bezprzewodowy podwojny;0;https://b2b.laudacentral.eu/product-details/Novox-FREE-PRO-H2----Mikrofon-bezprzewodowy-podwojny/755e284c-4a00-43a5-95b1-8a8e06194eac
L1080049;Novox FREE PRO H1 Mikrofon bezprzewodowy pojedynczy;1;https://b2b.laudacentral.eu/product-details/Novox-FREE-PRO-H1----Mikrofon-bezprzewodowy-pojedynczy/87d95097-6a99-4ef5-8aba-9c3b85868ec1
L1080040;Novox NVX2 Zestaw bezprzewodowy do Mobivox mic naglowbaza;0;https://b2b.laudacentral.eu/product-details/Novox-NVX2-Zestaw-bezprzewodowy-do-Mobivox-mic-naglowbaza/ef772686-f2c6-4b99-a81c-54271d4430d8
L1080035;Novox MH05S mikrofon naglowny mini XLR 3 pin skin;0;https://b2b.laudacentral.eu/product-details/Novox-MH05S---mikrofon-naglowny---mini-XLR-3-pin--skin/029f9245-0848-451e-bbfe-ab44bbd38eaf
L1080034;Novox MH01B mikrofon naglowny mini XLR 3 pin black;0;https://b2b.laudacentral.eu/product-details/Novox-MH01B---mikrofon-naglowny---mini-XLR-3-pin--black/6b82716b-1894-494b-ac70-9a03ee988390
L1080033;Novox ML01B mikrofon lavalier mini XLR 3 pin black;0;https://b2b.laudacentral.eu/product-details/Novox-ML01B---mikrofon--lavalier-mini-XLR-3-pin--black/dc23b70b-6269-4e12-a12c-b87a3dd68e74
L1080028;Novox FREE B2 system bezprzewodowy;0;https://b2b.laudacentral.eu/product-details/Novox-FREE-B2---system-bezprzewodowy/d6b23ff7-17ef-4443-bfd1-ccfce51424ff
L1080027;Novox FREE HB2 system bezprzewodowy;1;https://b2b.laudacentral.eu/product-details/Novox-FREE-HB2---system-bezprzewodowy/e443df8d-560f-497c-aeae-6692da168cf5
L1080026;Novox FREE B1 system bezprzewodowy;0;https://b2b.laudacentral.eu/product-details/Novox-FREE-B1---system-bezprzewodowy/92273d54-66f5-402b-93fb-f351c34c83dd
L1080025;Novox FREE H2 system bezprzewodowy;0;https://b2b.laudacentral.eu/product-details/Novox-FREE-H2---system-bezprzewodowy/bd5d7b4b-4294-4391-a256-0ce2a50bbb41
L1080024;Novox FREE H1 system bezprzewodowy;1;https://b2b.laudacentral.eu/product-details/Novox-FREE-H1---system-bezprzewodowy/ac8b3fcd-0901-4b8a-9c83-2794ffd877c6
L1910140;Fractal Lights DISC FL504AB L50 150mm 250 kg;1;https://b2b.laudacentral.eu/product-details/Fractal-Lights-DISC-FL504AB---L50-150mm-250-kg/a506f5f1-e695-4f5d-bb11-2ac8bdfda482
L1910139;Fractal Lights DISC FL504A L50 150mm 250 kg Silver;1;https://b2b.laudacentral.eu/product-details/Fractal-Lights-DISC-FL504A---L50-150mm-250-kg-Silver/7945afb3-65a6-430b-957b-7f75f7bda26f
L1910138;Fractal Lights DISC FL504B L50 110mm 250 kg Black;1;https://b2b.laudacentral.eu/product-details/Fractal-Lights-DISC-FL504B---L50-110mm-250-kg-Black/64d1979c-0665-45f9-9eac-104f162f511a
L1910137;Fractal Lights DISC FL504 L50 110mm 150 kg;1;https://b2b.laudacentral.eu/product-details/Fractal-Lights-DISC-FL504---L50-110mm-150-kg/75f78bd2-000f-409c-b28d-e0e7ce75d4b0
L2050069;Arrow PB10 NT Soprano Natural Dark Top SET ukulele sopranowe z zestawem akcesoriow;1;https://b2b.laudacentral.eu/product-details/Arrow-PB10-NT-Soprano-Natural-Dark-Top-SET---ukulele-sopranowe-z-zestawem-akcesoriow/6a4a52a7-d41b-4fa0-9a5d-8e139d90b136
L2050068;Arrow MH10 Sapele Concert Ukulele SET ukulele koncerowe z zestawem akcesoriow;1;https://b2b.laudacentral.eu/product-details/Arrow-MH10-Sapele-Concert-Ukulele-SET---ukulele-koncerowe-z-zestawem-akcesoriow/b1c8eeaa-fdab-43f5-8370-99cead2dfdf0
L2050067;Arrow MH10 Mahogany Concert Ukulele SET ukulele koncerowe z zestawem akcesoriow;1;https://b2b.laudacentral.eu/product-details/Arrow-MH10-Mahogany-Concert-Ukulele-SET---ukulele-koncerowe-z-zestawem-akcesoriow/a6f9e07c-80c2-48b3-adeb-e847948bb4b8
L2050066;Arrow PB10 NA Soprano Natural Bright Top SET ukulele sopranowe z zestawem akcesoriow;1;https://b2b.laudacentral.eu/product-details/Arrow-PB10-NA-Soprano-Natural-Bright-Top-SET---ukulele-sopranowe-z-zestawem-akcesoriow/3ca06689-bfef-45ba-ad11-20865b973991
L2050065;Arrow PB10 BK Soprano Black SET ukulele sopranowe z zestawem akcesoriow;1;https://b2b.laudacentral.eu/product-details/Arrow-PB10-BK-Soprano-Black-SET---ukulele-sopranowe-z-zestawem-akcesoriow/f6585384-e091-4064-8d07-5abc9bcd3751
L2050064;Arrow MH10 Sapele PLUS Concert Ukulele wbag ukulele koncertowe z pokrowcem;1;https://b2b.laudacentral.eu/product-details/Arrow-MH10-Sapele-PLUS-Concert-Ukulele-wbag---ukulele-koncertowe-z-pokrowcem/66eeeb72-7e25-4a8d-a87e-b0ff5a2b8f8f
L2050063;Arrow MH10 Mahogany PLUS Concert Ukulele wbag ukulele koncertowe z pokrowcem;1;https://b2b.laudacentral.eu/product-details/Arrow-MH10-Mahogany-PLUS-Concert-Ukulele-wbag---ukulele-koncertowe-z-pokrowcem/02b038ad-82cc-4bff-acfb-a7abd1f0b206
L2050062;Arrow MH10 Okume Concert Ukulele wbag ukulele koncertowe z pokrowcem;1;https://b2b.laudacentral.eu/product-details/Arrow-MH10-Okume-Concert-Ukulele-wbag---ukulele-koncertowe-z-pokrowcem/3fc98ea7-de50-41c5-8502-9223c811f292
L2050061;Arrow MH10 Sapele Concert Ukulele wbag ukulele koncertowe z pokrowcem;1;https://b2b.laudacentral.eu/product-details/Arrow-MH10-Sapele-Concert-Ukulele-wbag---ukulele-koncertowe-z-pokrowcem/5ad55013-b818-41c0-befd-dbe458f17e84
L2050023;Arrow PB10 R2 Soprano Red2 ukulele sopranowe z pokrowcem;1;https://b2b.laudacentral.eu/product-details/Arrow-PB10-R2-Soprano-Red2---ukulele-sopranowe-z-pokrowcem/5e6374b3-0548-4f61-8dc0-f052f4a6c3f8
L2050022;Arrow PB10 OR Soprano Orange ukulele sopranowe z pokrowcem;1;https://b2b.laudacentral.eu/product-details/Arrow-PB10-OR-Soprano-Orange---ukulele-sopranowe-z-pokrowcem/79b5bb4b-628d-4e16-98fb-f4822523010a
L2050021;Arrow PB10 B2 Soprano Blue2 ukulele sopranowe z pokrowcem;1;https://b2b.laudacentral.eu/product-details/Arrow-PB10-B2-Soprano-Blue2---ukulele-sopranowe-z-pokrowcem/1b5896ad-1964-4dbc-a2dc-2e93e543fd3c
L2050020;Arrow PB10 PK Soprano Pink ukulele sopranowe z pokrowcem;0;https://b2b.laudacentral.eu/product-details/Arrow-PB10-PK-Soprano-Pink---ukulele-sopranowe-z-pokrowcem/b6584d04-a6d8-4cec-8902-b749fa6f1b5d
L2050019;Arrow PB10 GR Soprano Green ukulele sopranowe z pokrowcem;1;https://b2b.laudacentral.eu/product-details/Arrow-PB10-GR-Soprano-Green---ukulele-sopranowe-z-pokrowcem/03be3a0f-5a27-4ccc-84bf-8004b4cbddd2
L2050018;Arrow PB10 BL Soprano Blue ukulele sopranowe z pokrowcem;1;https://b2b.laudacentral.eu/product-details/Arrow-PB10-BL-Soprano-Blue----ukulele-sopranowe-z-pokrowcem/82c89a99-b1a2-437a-bc0c-9f207c2aa89a
L2050017;Arrow PB10 RD Soprano Red ukulele sopranowe z pokrowcem;1;https://b2b.laudacentral.eu/product-details/Arrow-PB10-RD-Soprano-Red---ukulele-sopranowe-z-pokrowcem/46c82162-67df-4f59-8dd4-25d450662be1
L2050016;Arrow PB10 YW Soprano Yellow ukulele sopranowe z pokrowcem;1;https://b2b.laudacentral.eu/product-details/Arrow-PB10-YW-Soprano-Yellow---ukulele-sopranowe-z-pokrowcem/1e55f32a-3812-4712-8426-b90c2f601517
L2050013;Arrow PB10 NT Soprano Natural Dark Top ukulele sopranowe z pokrowcem;1;https://b2b.laudacentral.eu/product-details/Arrow-PB10-NT-Soprano-Natural-Dark-Top---ukulele-sopranowe-z-pokrowcem/b532ad41-76ac-4699-9a62-1574068bfa5a
L2050012;Arrow PB10 WH Soprano White ukulele sopranowe z pokrowcem;1;https://b2b.laudacentral.eu/product-details/Arrow-PB10-WH-Soprano-White-ukulele-sopranowe-z-pokrowcem/8ebddb49-c640-456a-99de-f39c1a625098
L2050011;Arrow PB10 NA Soprano Natural Bright Top ukulele sopranowe z pokrowcem;1;https://b2b.laudacentral.eu/product-details/Arrow-PB10-NA-Soprano-Natural-Bright-Top--ukulele-sopranowe-z-pokrowcem/965425c7-7ef6-40cf-9f10-f72405d9e19f
L2050010;Arrow PB10 BK Soprano Black ukulele sopranowe z pokrowcem;1;https://b2b.laudacentral.eu/product-details/Arrow-PB10-BK-Soprano-Black---ukulele-sopranowe-z-pokrowcem/65262fba-8378-41da-a49f-776fdf3b37a3
L2050001;Arrow MH10 Mahogany Concert Ukulele wbag ukulele koncertowe z pokrowcem;1;https://b2b.laudacentral.eu/product-details/Arrow-MH10-Mahogany-Concert-Ukulele-wbag---ukulele-koncertowe-z-pokrowcem/6c68b6c3-cfbc-450d-9be1-3fd26f2fc90a
L0560164;Epiphone DISC LP UKULELE OUTFIT CONCERT VS ukulele elektro akustyczne;0;https://b2b.laudacentral.eu/product-details/Epiphone-DISC-LP-UKULELE-OUTFIT-CONCERT-VS-ukulele-elektro-akustyczne/d3fd5700-f994-4c8b-a31f-77f0bdc294b7
L0560163;Epiphone DISC LP UKULELE OUTFIT CONCERT HS ukulele elektro akustyczne;1;https://b2b.laudacentral.eu/product-details/Epiphone-DISC-LP-UKULELE-OUTFIT-CONCERT-HS-ukulele-elektro-akustyczne/f6862ea5-1d32-4967-8096-32e6feca0cd8
L2360105;Fishman Loudbox Micro wzmacniacz akustyczny PRO LBT 400;0;https://b2b.laudacentral.eu/product-details/Fishman-Loudbox-Micro---wzmacniacz-akustyczny-PRO-LBT-400/b488347d-796a-48b5-8bc0-192e89888099
L2050165;Arrow First Strike 15W GUIT AMP;1;https://b2b.laudacentral.eu/product-details/Arrow-First-Strike-15W---GUIT-AMP/47f34672-7b49-431a-b696-9528c12a8432
L2290572;HK Polar 8 MK2 white system kolumnowy;1;https://b2b.laudacentral.eu/product-details/HK-Polar-8-MK2-white---system-kolumnowy/ce3c2f24-316e-4c72-8baa-d4cbea65777e
L1080059;Novox DISC ONEVOX zestaw aktywny line array;0;https://b2b.laudacentral.eu/product-details/Novox-DISC-ONEVOX---zestaw-aktywny-line-array/fbba90eb-fac4-4d33-8d54-9181a906908a
L1080044;Novox Mobilite Green kolumna aktywna USBMP3BT akumulator micbezp;0;https://b2b.laudacentral.eu/product-details/Novox-Mobilite-Green---kolumna-aktywna-USBMP3BT-akumulator-micbezp/1d2566ac-e4d4-438d-b665-29d25b02b900
L1080043;Novox Mobilite Orange kolumna aktywna USBMP3BT akumulator micbezp;0;https://b2b.laudacentral.eu/product-details/Novox-Mobilite-Orange---kolumna-aktywna-USBMP3BT-akumulator-micbezp/ccade50b-106c-4933-94ff-72d247059ea8
L1080042;Novox Mobilite Blue kolumna aktywna USBMP3BT akumulator micbezp;0;https://b2b.laudacentral.eu/product-details/Novox-Mobilite-Blue---kolumna-aktywna-USBMP3BT-akumulator-micbezp/2877629b-7a0e-4e2a-96b7-b1b7fb05ead2
L1080013;Novox MIXTOUR PORTABLE PA SYSTEM;0;https://b2b.laudacentral.eu/product-details/Novox-MIXTOUR---PORTABLE-PA-SYSTEM/b9107dbc-7efb-4e77-8d1b-d93101ffff68
L1080012;Novox DISC MOBIVOX PORTABLE PA SYSTEM;0;https://b2b.laudacentral.eu/product-details/Novox-DISC--MOBIVOX---PORTABLE-PA-SYSTEM/8add310a-3f48-4756-b2e0-f9b1e0bef6cf
L0550160;Elixir DISC 16546 Phosphor Bronze 13 56 potrojny zestaw strun do gitary akustycznej;0;https://b2b.laudacentral.eu/product-details/Elixir-DISC-16546-Phosphor-Bronze-13-56---potrojny-zestaw-strun-do-gitary-akustycznej/f10634c3-6364-4e8a-b72f-1a2be12c3989
L0550139;Elixir DISC 16552 Optiweb Light potrojny zestaw strun do gitary elektrycznej 10 46;0;https://b2b.laudacentral.eu/product-details/Elixir-DISC-16552-Optiweb-Light---potrojny-zestaw-strun-do-gitary-elektrycznej-10-46/0da9cbc9-b656-4ec2-82e6-a292a41c5f3d
L0550137;Elixir DISC 16550 Optiweb Super Light potrojny zestaw strun do gitary elektrycznej 9 42;0;https://b2b.laudacentral.eu/product-details/Elixir-DISC-16550-Optiweb-Super-Light---potrojny-zestaw-strun-do-gitary-elektrycznej--9-42/fbd37365-a4cf-4484-a374-7aecaf2a87d3
L0550135;Elixir DISC 16538 Custom Light bronze 11 52 NW potrojny zestaw strun do gitary akustycznej;0;https://b2b.laudacentral.eu/product-details/Elixir-DISC-16538-Custom-Light-bronze-11-52-NW-potrojny-zestaw-strun-do-gitary-akustycznej/4cdb1a9b-f875-463c-b703-e5ee97008292
L0550122;Elixir 19052 Optiweb Light struny do gitary elektrycznej 10 46;0;https://b2b.laudacentral.eu/product-details/Elixir-19052-Optiweb-Light---struny-do-gitary-elektrycznej-10-46/f1ae374a-f3fa-45c9-9941-40af49502aa8
L0550120;Elixir 19002 Optiweb Super Light struny do gitary elektrycznej 9 42;0;https://b2b.laudacentral.eu/product-details/Elixir-19002-Optiweb-Super-Light---struny-do-gitary-elektrycznej-9-42/beb6e7ab-56b2-425d-bd56-8a03d49ac7f7
L0550119;Elixir DISC 16544 Custom Light Phosphor Bronze 11 52 NW potrojny zestaw strun do gitary akustycznej;0;https://b2b.laudacentral.eu/product-details/Elixir-DISC-16544-Custom-Light-Phosphor-Bronze-11-52-NW---potrojny-zestaw-strun-do-gitary-akustycznej/d0c6bd28-f19c-4758-8b59-df622f8cf2cf
L0550118;Elixir DISC 16540 Super Light 9 42 NW potrojny zestaw strun do gitary elektrycznej;0;https://b2b.laudacentral.eu/product-details/Elixir-DISC-16540-Super-Light-9-42-NW---potrojny-zestaw-strun-do-gitary-elektrycznej/fab5c15c-a82c-484d-a236-c5475edb706f
L0550114;Elixir DISC 16545 Phosphor Bronze 12 53 NW potrojny zestaw strun do gitary akustycznej;0;https://b2b.laudacentral.eu/product-details/Elixir-DISC-16545-Phosphor-Bronze-12-53-NW---potrojny-zestaw-strun-do-gitary-akustycznej/6e155b8e-cef6-4d59-ba67-db595837234d
L0550113;Elixir DISC 16542 Light 10 46 NW potrojny zestaw strun do gitary elektrycznej;0;https://b2b.laudacentral.eu/product-details/Elixir-DISC-16542-Light-10-46--NW---potrojny-zestaw-strun-do-gitary-elektrycznej/d70823b3-f6b3-4d13-a08d-27145f1b262c
L0550112;Elixir DISC 16539 Bronze 12 53 potrojny zestaw strun do gitary akustycznej;0;https://b2b.laudacentral.eu/product-details/Elixir-DISC-16539--Bronze-12-53---potrojny-zestaw-strun-do-gitary-akustycznej/28fe0605-f1aa-4be5-a950-d6ae8448ce79
L0550091;Elixir 16002 Phosphor Bronze Extra Light 10 47 NW struny akustyczne;1;https://b2b.laudacentral.eu/product-details/Elixir-16002-Phosphor-Bronze-Extra-Light-10-47-NW-struny-akustyczne/b83a664a-220e-4456-8b7d-e32aa5428be7
L2360086;Fishman Fluence 6 String Bridge Pickup Greg Koch P90 BlackPRF P9S BB1;0;https://b2b.laudacentral.eu/product-details/Fishman-Fluence-6-String-Bridge-Pickup-Greg-Koch-P90-BlackPRF-P9S-BB1/9438b367-3a72-4f7b-b57f-02de799cace8
L2360085;Fishman Fluence 6 String Set of 2 Greg Koch P90 Black PRF P9S GK2;1;https://b2b.laudacentral.eu/product-details/Fishman-Fluence-6-String-Set-of-2-Greg-Koch-P90-Black-PRF-P9S-GK2/9456c3bb-d3a9-47a4-bfe0-8074feeb257e
L2360084;Fishman Fluence 7 String Set Of 2 Matt Heafy Black przetwornik gitarowy PRF MC7 MH2;0;https://b2b.laudacentral.eu/product-details/Fishman-Fluence-7-String-Set-Of-2-Matt-Heafy-Black---przetwornik-gitarowy-PRF-MC7-MH2/3830ab92-0fe4-4057-81b2-0d2fe75792d9
L2360083;Fishman Fluence 6 String Set Of 2 Matt Heafy Black przetwornik gitarowy PRF MC6 MH2;1;https://b2b.laudacentral.eu/product-details/Fishman-Fluence-6-String-Set-Of-2-Matt-Heafy-Black---przetwornik-gitarowy-PRF-MC6-MH2/e7f41bf0-0066-4a87-a59e-de4c84570a0c
L2360082;Fishman BP 100 Upright Bass pickup przetwornik kontrabasu;0;https://b2b.laudacentral.eu/product-details/Fishman-BP-100-Upright-Bass-pickup---przetwornik-kontrabasu/b9ee7f85-6dd7-46fd-8eed-5797277bca0b
L2360081;Fishman Fluence 6 String Bridge Pickup Greg Koch P90 CreamPRF P9S BC1;1;https://b2b.laudacentral.eu/product-details/Fishman-Fluence-6-String-Bridge-Pickup-Greg-Koch-P90-CreamPRF-P9S-BC1/d8167034-703b-452e-b833-c5f6b153d2f8
L2360080;Fishman Fluence 6 String Set of 2 Greg Koch P90 Cream PRF P9S GC2;0;https://b2b.laudacentral.eu/product-details/Fishman-Fluence-6-String-Set-of-2-Greg-Koch-P90-Cream-PRF-P9S-GC2/92c822b8-ac98-475c-90ed-66c1fdcf9894
L2360079;Fishman F20 tuner ACC TUN F20;0;https://b2b.laudacentral.eu/product-details/Fishman-F20-tuner-ACC-TUN-F20/9e3a5819-5cfb-4c9f-89de-4c8283ef3bf3
L2360078;Fishman Fluence Bass 5 Strings Set Soapbar Black plastic przetwornik basowy PRF BS5 SB2;0;https://b2b.laudacentral.eu/product-details/Fishman-Fluence-Bass-5-Strings-Set-Soapbar-Black-plastic---przetwornik-basowy-PRF-BS5-SB2/e9364cb2-377d-4563-ac12-0c53fbdaa974
L2360077;Fishman Fluence Bass 4 Strings Set Soapbar Black plastic przetwornik basowy PRF BS4 SB2;0;https://b2b.laudacentral.eu/product-details/Fishman-Fluence-Bass-4-Strings-Set-Soapbar-Black-plastic---przetwornik-basowy-PRF-BS4-SB2/a6b3750a-65f7-4296-bf23-7b3ba4ee0548
L2360076;Fishman Fluence 7 String Set Of 2 Tosin Abasi White przetwornik gitarowy PRF MS7 TW2;0;https://b2b.laudacentral.eu/product-details/Fishman-Fluence-7-String-Set-Of-2-Tosin-Abasi-White---przetwornik-gitarowy-PRF-MS7-TW2/d71956c5-f106-4b3e-8cb9-8753a5cd591a
L2360075;Fishman Fluence 6 String Set Of 2 Tosin Abasi White przetwornik gitarowy PRF MS6 TW2;0;https://b2b.laudacentral.eu/product-details/Fishman-Fluence-6-String-Set-Of-2-Tosin-Abasi-White---przetwornik-gitarowy-PRF-MS6-TW2/316cd014-c88a-47d4-ab65-61c49cd12080
L2360074;Fishman FT4 tuner ACC TUN FT4;0;https://b2b.laudacentral.eu/product-details/Fishman-FT4-tuner-ACC-TUN-FT4/44688c37-3ac4-4dad-bfe5-9ce3bd3393dc
L2360073;Fishman Classic4 PU;0;https://b2b.laudacentral.eu/product-details/Fishman-Classic4-PU/cf6fac75-d357-4c9e-9c95-51206dd890b5
L2360072;Fishman C 100 Cello przetwornik PRO C10 0CE;0;https://b2b.laudacentral.eu/product-details/Fishman-C-100-Cello---przetwornik-PRO-C10-0CE/257ec7a4-7b9d-4e02-b48b-aed50500a026
L2360071;Fishman Matrix wide PRO MAT NT2;0;https://b2b.laudacentral.eu/product-details/Fishman-Matrix-wide-PRO-MAT-NT2/292b4a1b-a5e5-4803-ad4b-49c4cfa64299
L2360070;Fishman Matrix wide PRO MAT NT1;0;https://b2b.laudacentral.eu/product-details/Fishman-Matrix-wide-PRO-MAT-NT1/102d4e2d-420c-4246-a186-1a82a6196877
L2360069;Fishman Matrix pickup wide ACC MAT NPU;0;https://b2b.laudacentral.eu/product-details/Fishman-Matrix-pickup-wide-ACC-MAT-NPU/348d9c0b-9f45-4e4e-b5ef-38a086c61fa9
L2360068;Fishman Matrix narrow ACC MAN NPU;0;https://b2b.laudacentral.eu/product-details/Fishman-Matrix-narrow-ACC-MAN-NPU/2ff23fad-8e68-4543-a28f-c76b4588e6b9
L2360067;Fishman Matrix Infinity wide PRO MAT INF;0;https://b2b.laudacentral.eu/product-details/Fishman-Matrix-Infinity-wide-PRO-MAT-INF/e1881bfb-0555-4ba0-933c-4c2d8b0853a8
L2360066;Fishman Matrix Infinity Mic Blend wide PRO MAT MBV;0;https://b2b.laudacentral.eu/product-details/Fishman-Matrix-Infinity-Mic-Blend-wide--PRO-MAT-MBV-/74274590-8a68-4584-bcaf-6b149964369b
L2360065;Fishman Ellipse Aura pickup narrow PRO MAN ELA;0;https://b2b.laudacentral.eu/product-details/Fishman-Ellipse-Aura-pickup-narrow--PRO-MAN-ELA-/f57df598-860c-49a8-a83e-bdd0d0c3f701
L2360064;Fishman Tune O Matic Powerbridge PU PRO TOM 101;0;https://b2b.laudacentral.eu/product-details/Fishman-Tune-O-Matic-Powerbridge-PU--PRO-TOM-101-/6fa1093e-8da9-4838-9ed1-54a6e25b9e14
L2360063;Fishman Switchcraft Switchjack Four Pins;0;https://b2b.laudacentral.eu/product-details/Fishman-Switchcraft-Switchjack---Four-Pins/c64fef81-3cf6-4c1a-9979-0feb9e7c9127
L2360062;Fishman Sonitone GT2 GT2;0;https://b2b.laudacentral.eu/product-details/Fishman-Sonitone-GT2-GT2/0d886aed-ab96-44a0-aa6d-1afece9a922a
L2360061;Fishman Sonitone CL4 CL4;0;https://b2b.laudacentral.eu/product-details/Fishman-Sonitone-CL4-CL4/d65404ea-5de8-4816-a58f-232f350007ab
L2360060;Fishman Powerjack aktywny PRO PJA 001;0;https://b2b.laudacentral.eu/product-details/Fishman-Powerjack-aktywny-PRO-PJA-001/e85ae2e3-78e4-470d-a73f-f63057237c5f
L2360059;Fishman Powerchip Long Shaft PRO PCH 002;0;https://b2b.laudacentral.eu/product-details/Fishman-Powerchip-Long-Shaft-PRO-PCH-002/0bbc5d65-843b-4cc7-8173-2e9968489347
L2360058;Fishman Powerchip PRO PCH 001;0;https://b2b.laudacentral.eu/product-details/Fishman-Powerchip-PRO-PCH-001/88712284-468b-482e-ae64-03d10400fbe3
L2360057;Fishman Powerblend POWERBLEND PEDAL;0;https://b2b.laudacentral.eu/product-details/Fishman-Powerblend-POWERBLEND-PEDAL/dbf47a68-268f-4b07-bc3e-2c82cedd04b4
L2360056;Fishman Potmeters;0;https://b2b.laudacentral.eu/product-details/Fishman-Potmeters/78457e16-d8a3-490a-b978-ced7401f4b02
L2360055;Fishman Pocket Blender PRO BLE POC;0;https://b2b.laudacentral.eu/product-details/Fishman-Pocket-Blender-PRO-BLE-POC/1d2d8419-cc38-4d4e-a6e6-e26b64350214
L2360054;Fishman Loudbox Mini Slip Cover pokrowiec ACC LBX SC5;0;https://b2b.laudacentral.eu/product-details/Fishman-Loudbox-Mini-Slip-Cover---pokrowiec-ACC-LBX-SC5/e45f5d5c-c0ed-4339-aab2-0666f4ab0799
L2360053;Fishman Loudbox Artist Slip Cover pokrowiec ACC LBX SC1;0;https://b2b.laudacentral.eu/product-details/Fishman-Loudbox-Artist-Slip-Cover---pokrowiec-ACC-LBX-SC1/f2ab1e20-17a5-4fa3-8e98-2c3fa8372c48
L2360052;Fishman V 100 ViolinViola pickup PRO V10 0VI;0;https://b2b.laudacentral.eu/product-details/Fishman-V-100-ViolinViola-pickup-PRO-V10-0VI/0252c9b6-f33a-4e15-ae78-f433a88254c7
L2360051;Fishman Classic Resonator pickup PRO RES 001;0;https://b2b.laudacentral.eu/product-details/Fishman-Classic-Resonator-pickup-PRO-RES-001/89acd1f7-b211-44e1-a91d-1fe2febca1b2
L2360050;Fishman Prefix PUnarrow przetwornik PRO MAN AX2;0;https://b2b.laudacentral.eu/product-details/Fishman-Prefix-PUnarrow---przetwornik-PRO-MAN-AX2/4ec6a981-ab5d-44cc-9943-1368971f1b3c
L2360049;Fishman Prefix Pro PU narrow przetwornik PRO MAN PO1;0;https://b2b.laudacentral.eu/product-details/Fishman-Prefix-Pro-PU-narrow---przetwornik-PRO-MAN-PO1/91fc8544-1959-4081-be7c-605b566acd03
L2360048;Fishman Rare Earth Single Coil przetwornik PRO REP 101;0;https://b2b.laudacentral.eu/product-details/Fishman-Rare-Earth-Single-Coil---przetwornik-PRO-REP-101/7622320f-30a1-4f2a-9930-4d3f61fa5042
L2360047;Fishman Platinum Pro EQ PLT 101 PRO PLT 101;0;https://b2b.laudacentral.eu/product-details/Fishman-Platinum-Pro-EQ-PLT-101-PRO-PLT-101/03e72ce2-33dd-4f9d-bbe1-9a03617f7c12
L2360046;Fishman Platinum stage EQ preamp PRO PLT 301;0;https://b2b.laudacentral.eu/product-details/Fishman-Platinum-stage-EQ---preamp-PRO-PLT-301/0614d906-cd1c-49e6-806b-d5e5cfa566b6
L2360045;Fishman Neo Buster Humbucking wFeedback Booster PRO NEO FB2;0;https://b2b.laudacentral.eu/product-details/Fishman-Neo-Buster-Humbucking-wFeedback-Booster-PRO-NEO-FB2/edc541be-3756-4365-ad81-325c8511f94c
L2360044;Fishman RES NBA przetwornik PRO RES NBA;0;https://b2b.laudacentral.eu/product-details/Fishman-RES-NBA-przetwornik-PRO-RES-NBA/2273a385-0aaf-4497-8d93-3a6e107b52fc
L2360043;Fishman AST Powerbridge tele PRO AST 101;0;https://b2b.laudacentral.eu/product-details/Fishman-AST-Powerbridge--tele-PRO-AST-101/06643e40-5dbc-4d41-aa71-43caae0e7d51
L2360042;Fishman Powerbridge TSV PRO VIB 101;0;https://b2b.laudacentral.eu/product-details/Fishman-Powerbridge-TSV-PRO-VIB-101/88b0859f-9819-43b6-844d-8c768c0a2fe3
L2360041;Fishman Fluence Classic Humbucker Set Black Nickel PRF CHB SB2;0;https://b2b.laudacentral.eu/product-details/Fishman-Fluence-Classic-Humbucker-Set-Black-Nickel-PRF-CHB-SB2/7a847d44-c2df-4107-a592-7c9078ff250e
L2360040;Fishman Loudbox Mini Charge Deluxe carry bag pokrowiec ACC LBX CC5;0;https://b2b.laudacentral.eu/product-details/Fishman-Loudbox-Mini-Charge-Deluxe-carry-bag---pokrowiec-ACC-LBX-CC5/1d41ea3d-96f8-462e-9332-57b756a99a1e
L2360039;Fishman AGX 94 narrow classical i 12str przetwornik PRO AGX 094;0;https://b2b.laudacentral.eu/product-details/Fishman-AGX-94-narrow-classical-i-12str---przetwornik-PRO-AGX-094/5fc59646-8128-4a2d-979f-470628f0f2ac
L2360037;Fishman Fluence Modern Humbucker Alnico Black Plastic przetwornik PRF MHB AB1;0;https://b2b.laudacentral.eu/product-details/Fishman-Fluence-Modern-Humbucker-Alnico-Black-Plastic---przetwornik-PRF-MHB-AB1/c7f5d3e1-ddda-47b9-bdcf-9eafdf1a088c
L2360036;Fishman Fluence 6 StringHb Willie Adler Signature Pickup Set przetwornik gitarowy PRF CS6 WA1;0;https://b2b.laudacentral.eu/product-details/Fishman-Fluence-6-StringHb-Willie-Adler-Signature-Pickup-Set---przetwornik-gitarowy-PRF-CS6-WA1/ad4b73d8-6c12-4bdf-a38b-042a596ff646
L2360035;Fishman Fluence Classic Humbucker Set Of 2 Black PRF CHB SB2 przetwornik gitarowy;0;https://b2b.laudacentral.eu/product-details/Fishman-Fluence-Classic-Humbucker-Set-Of-2-Black-PRF-CHB-SB2---przetwornik-gitarowy/78c777fc-e5ec-4dbd-9440-4c0cc5a1336d
L2360034;Fishman Fluence Modern Humbucker Set Of 2 Gold przetwornik gitarowy PRF MHB SG2;0;https://b2b.laudacentral.eu/product-details/Fishman-Fluence-Modern-Humbucker-Set-Of-2-Gold---przetwornik-gitarowy-PRF-MHB-SG2/b1185c1c-7f10-4bd0-92c4-5f7e725f94e6
L2360033;Fishman Fluence Classic Humb 6st Set Of 2 Open Core Zebra przetwornik gitarowy PRF COC SZ2;0;https://b2b.laudacentral.eu/product-details/Fishman-Fluence-Classic-Humb-6st-Set-Of-2-Open-Core-Zebra---przetwornik-gitarowy-PRF-COC-SZ2/95506284-8364-4fe4-8220-a1f5226260ff
L2360032;Fishman Fluence Ssa Single Width Active BlackWhite przetwornik gitarowy PRF SSS BA1;0;https://b2b.laudacentral.eu/product-details/Fishman-Fluence-Ssa-Single-Width-Active-BlackWhite---przetwornik-gitarowy-PRF-SSS-BA1/e136ce51-db4e-477a-8209-513ea33e0fc4
L2360031;Fishman Fluence Modern Hb 7 String Set Of 2 Black Nickel przetwornik gitarowy PRF MH7 SK2;0;https://b2b.laudacentral.eu/product-details/Fishman-Fluence-Modern-Hb-7-String-Set-Of-2-Black-Nickel---przetwornik-gitarowy-PRF-MH7-SK2/5f63bbad-c80e-4c7f-b23c-a378cf59fdfd
L2360030;Fishman Fluence Open Core Classic Keith Merrow 6st Black Set przetwornik gitarowy PRF CS6 KM2;0;https://b2b.laudacentral.eu/product-details/Fishman-Fluence-Open-Core-Classic-Keith-Merrow-6st-Black-Set---przetwornik-gitarowy-PRF-CS6-KM2/529043ce-5718-44f6-95e9-6ce5d07eca19
L2360029;Fishman Fluence Classic Humb 6st Set Of 2 Open Core Double Black przetwornik gitarowy PRF COC SB2;0;https://b2b.laudacentral.eu/product-details/Fishman-Fluence-Classic-Humb-6st-Set-Of-2-Open-Core-Double-Black---przetwornik-gitarowy-PRF-COC-SB2/eadfe051-35c0-4645-9cc0-96252f5a8170
L2360028;Fishman Fluence Modern Hb 7 String Set Black Plastic PRF MH7 SB2 przetwornik gitarowy;0;https://b2b.laudacentral.eu/product-details/Fishman-Fluence-Modern-Hb-7-String-Set-Black-Plastic-PRF-MH7-SB2---przetwornik-gitarowy/9250fc6a-8cac-41d4-89b5-27fe7a949104
L2360027;Fishman Fluence 6 String Set Of 2 Tosin Abasi Black przetwornik gitarowy PRF MS6 TA2;0;https://b2b.laudacentral.eu/product-details/Fishman-Fluence-6-String-Set-Of-2-Tosin-Abasi-Black---przetwornik-gitarowy-PRF-MS6-TA2/8ee18196-3542-4ea0-9890-3a5132dac09a
L2360026;Fishman Fluence Classic Humb Devin Townsend Black Nickel Set przetwornik gitarowy PRF CSB DT2;0;https://b2b.laudacentral.eu/product-details/Fishman-Fluence-Classic-Humb-Devin-Townsend-Black-Nickel-Set---przetwornik-gitarowy-PRF-CSB-DT2/216713e7-1e79-4c41-8539-ecf76d10c9e6
L2360025;Fishman Fluence 6 StringHb Killswitch Engage Signature Pickup Set przetwornik gitarowy PRF MS6 KE1;0;https://b2b.laudacentral.eu/product-details/Fishman-Fluence-6-StringHb-Killswitch-Engage-Signature-Pickup-Set---przetwornik-gitarowy-PRF-MS6-KE1/dc9bf58c-7fd0-4da9-b94b-e27ebeab3019
L2360024;Fishman Fluence Classic Humbucker Set Of 2 Nickel przetwornik gitarowy PRF CHB SN2;0;https://b2b.laudacentral.eu/product-details/Fishman-Fluence-Classic-Humbucker-Set-Of-2-Nickel---przetwornik-gitarowy-PRF-CHB-SN2/0acafc42-348b-443e-a45f-b8a9b09904a4
L2360023;Fishman Fluence Set Of 3 Single Width Pickup WPreamp White przetwornik gitarowy PRF STR WH3;0;https://b2b.laudacentral.eu/product-details/Fishman-Fluence-Set-Of-3-Single-Width-Pickup--WPreamp-White---przetwornik-gitarowy-PRF-STR-WH3/cabc705d-467d-476a-898c-8bdd995a7321
L2360022;Fishman Fluence 7 String Set Of 2 Tosin Abasi Black przetwornik gitarowy PRF MS7 TA2;0;https://b2b.laudacentral.eu/product-details/Fishman-Fluence-7-String-Set-Of-2-Tosin-Abasi-Black---przetwornik-gitarowy-PRF-MS7-TA2/ca533974-6a8c-488d-9544-1eecc9e80939
L2360021;Fishman Fluence Modern Humbucker Set Of 2 Nickel przetwornik gitarowy PRF MHB SN2;0;https://b2b.laudacentral.eu/product-details/Fishman-Fluence-Modern-Humbucker-Set-Of-2-Nickel---przetwornik-gitarowy-PRF-MHB-SN2/87afeb3c-db2f-4adb-88d0-5bfd28968c18
L2360020;Fishman Fluence 8 String Set Of 2 Tosin Abasi Black przetwornik gitarowy PRF MS8 TA2;0;https://b2b.laudacentral.eu/product-details/Fishman-Fluence-8-String-Set-Of-2-Tosin-Abasi-Black---przetwornik-gitarowy-PRF-MS8-TA2/0e989490-e708-466b-a1e5-289511ec40fb
L2360019;Fishman Fluence Modern Humbucker Set Of 2 Black Nickel przetwornik gitarowy PRF MHB SK2;0;https://b2b.laudacentral.eu/product-details/Fishman-Fluence-Modern-Humbucker-Set-Of-2-Black-Nickel--przetwornik-gitarowy-PRF-MHB-SK2/464b1a2e-c044-48d8-88a8-c523cb36994b
L2360018;Fishman Fluence Modern Humbucker Set Of 2 Black przetwornik gitarowy PRF MHB SB2;0;https://b2b.laudacentral.eu/product-details/Fishman-Fluence-Modern-Humbucker-Set-Of-2-Black--przetwornik-gitarowy--PRF-MHB-SB2-/8fb3c0b8-5dd3-4f1e-9dea-503f7404146e
L2360017;Fishman Fluence Telecaster Set Greg Koch przetwornik gitarowy PRF TEL GK1;0;https://b2b.laudacentral.eu/product-details/Fishman-Fluence-Telecaster-Set-Greg-Koch--przetwornik-gitarowy--PRF-TEL-GK1-/5509c035-0d7d-4e8b-bca9-6aef192af6db
L2360016;Fishman Matrix Infinity Vt System W Wide Pickup PRO MAT NFV;0;https://b2b.laudacentral.eu/product-details/Fishman-Matrix-Infinity-Vt-System-W-Wide-Pickup--PRO-MAT-NFV-/4f842d3f-a879-4494-9648-bd8bfbf24bb6
L2360015;Fishman Neo D Passive Soundhole Single Coil Pickup PRO NEO D01;0;https://b2b.laudacentral.eu/product-details/Fishman-Neo-D-Passive-Soundhole-Single-Coil-Pickup-PRO-NEO-D01/962e5b9c-3d29-4c8f-99ca-f7bf8caf7c62
L2360014;Fishman Rare Earth Active Soundhole Humbucking Pickup PRO REP 102;0;https://b2b.laudacentral.eu/product-details/Fishman-Rare-Earth-Active-Soundhole-Humbucking-Pickup--PRO-REP-102-/0006890e-51de-431d-9f4f-ada5c60c625d
L2360013;Fishman Neo D Passive Soundhole Humbucking Pickup PRO NEO D02;0;https://b2b.laudacentral.eu/product-details/Fishman-Neo-D-Passive-Soundhole--Humbucking-Pickup--PRO-NEO-D02-/9e1430b1-902e-463f-aa38-9d43e943f2f5
L2360012;Fishman V 200 Professional Violin Transducer Classic Series PRO V20 0VI;0;https://b2b.laudacentral.eu/product-details/Fishman-V-200-Professional-Violin-Transducer-Classic-Series--PRO-V20-0VI-/f44b415f-37bb-4fea-a365-9e79c2d2b822
L2360011;Fishman Rare Earth Active Soundhole Humbucking Blend Pickup PRO REP 103;0;https://b2b.laudacentral.eu/product-details/Fishman-Rare-Earth-Active-Soundhole-Humbucking-Blend-Pickup--PRO-REP-103-/9e3c0111-10c1-44ee-a70e-bc9f46d4eade
L2360010;Fishman Platinum Pro Eq preamp gitarowy PRO PLT 201;0;https://b2b.laudacentral.eu/product-details/Fishman-Platinum-Pro-Eq---preamp-gitarowy--PRO-PLT-201-/d91cf1d3-53e5-415e-ab7b-16a521744585
L2360009;Fishman Aura Spectrum preamp gitarowy PRO AUR SPC;0;https://b2b.laudacentral.eu/product-details/Fishman-Aura-Spectrum---preamp-gitarowy--PRO-AUR-SPC-/9a9a4740-9265-4ccb-ab0b-8bd70e7efabd
L2360008;Fishman Tonedeq Afx Preamp Eq And Di With Dual Effects preamp gitarowy PRO DEQ AFX;0;https://b2b.laudacentral.eu/product-details/Fishman-Tonedeq-Afx-Preamp-Eq-And-Di-With-Dual-Effects---preamp-gitarowy--PRO-DEQ-AFX-/5154c55f-7c20-437a-babb-aed03202b0c5
L2360007;Fishman Triple Play Wireless Guitar Controller przetwornik bezprzewodowy PRO TRP 302;0;https://b2b.laudacentral.eu/product-details/Fishman-Triple-Play-Wireless-Guitar-Controller---przetwornik-bezprzewodowy--PRO-TRP-302-/a8c77169-f4bd-491d-9ae7-1224bc8aeeba
L2360006;Fishman Triple Play Connect przetwornik PRO TRP 401;0;https://b2b.laudacentral.eu/product-details/Fishman-Triple-Play-Connect----przetwornik--PRO-TRP-401/6854c926-7eb3-46bf-ae69-d8dd9b355fcc
L2360005;Fishman Matrix Infinity Vt System W Narrow Pickup PRO MAN NFV;0;https://b2b.laudacentral.eu/product-details/Fishman-Matrix-Infinity-Vt-System-W-Narrow-Pickup-PRO-MAN-NFV/cc43ecbf-98c5-4cb0-a572-55b540bf2d5c
L2360004;Fishman Loudbox Performer BT wzmacniacz akustyczny PRO LBT 700;1;https://b2b.laudacentral.eu/product-details/Fishman-Loudbox-Performer-BT---wzmacniacz-akustyczny-PRO-LBT-700/33498872-1a21-4f83-a773-123fee03379a
L2360003;Fishman Loudbox Mini Charge wzmacniacz akustyczny PRO LBC 500;0;https://b2b.laudacentral.eu/product-details/Fishman-Loudbox-Mini-Charge--wzmacniacz-akustyczny--PRO-LBC-500/abddf64b-9507-4c84-b6b9-526e7d260980
L2360002;Fishman Loudbox Artist BT wzmacniacz akustyczny PRO LBT 600;0;https://b2b.laudacentral.eu/product-details/Fishman-Loudbox-Artist-BT---wzmacniacz-akustyczny--PRO-LBT-600-/20fddef7-0593-43a8-8252-acc15f892316
L2360001;Fishman Loudbox Mini Bluetooth wzmacniacz akustyczny PRO LBT 500;0;https://b2b.laudacentral.eu/product-details/Fishman-Loudbox-Mini-Bluetooth---wzmacniacz-akustyczny--PRO-LBT-500/c194f070-85dc-4d20-95f5-c01ff45f4075
L1500041;GTR AmpGO mini wzmaniacz gitarowy;0;https://b2b.laudacentral.eu/product-details/GTR-AmpGO---mini-wzmaniacz-gitarowy/dab4d549-7fd7-4de9-bf3a-979e9795a8ea
L1500040;GTR PL07 BK Black pasek gitarowy;0;https://b2b.laudacentral.eu/product-details/GTR-PL07-BK-Black-pasek-gitarowy/1535fa75-9b42-455a-9cb7-8f005c3c7913
L1500039;GTR PL06 LB Light Blue pasek gitarowy;0;https://b2b.laudacentral.eu/product-details/GTR-PL06-LB-Light-Blue-pasek-gitarowy/5546e220-018a-46fe-b7e0-283879ef8023
L1500038;GTR PL05 DB Dark Blue pasek gitarowy;0;https://b2b.laudacentral.eu/product-details/GTR-PL05-DB-Dark-Blue-pasek-gitarowy/61e36172-bf0d-48cd-ad52-53c3d2d2907b
L1500037;GTR PL04 LBR Light Brown pasek gitarowy;0;https://b2b.laudacentral.eu/product-details/GTR-PL04-LBR-Light-Brown-pasek-gitarowy/20dc1150-4cf0-46b6-96f9-98baa736012f
L1500036;GTR PL03 GR Grey pasek gitarowy;0;https://b2b.laudacentral.eu/product-details/GTR-PL03-GR-Grey-pasek-gitarowy/f2a13a73-2160-4ccd-aa84-a0b80cc504a0
L1500035;GTR PL02 RE Red pasek gitarowy;0;https://b2b.laudacentral.eu/product-details/GTR-PL02-RE-Red-pasek-gitarowy/6e9a9747-b21f-4915-95bb-04a0465d1181
L1500034;GTR PL01 DBR Dark Brown pasek gitarowy;0;https://b2b.laudacentral.eu/product-details/GTR-PL01-DBR-Dark-Brown-pasek-gitarowy/2c6fe79e-b640-437a-9aca-d22d6bc352e2
L1500032;GTR U1 Bright Wood stojak do gitar ukulele;1;https://b2b.laudacentral.eu/product-details/GTR-U1-Bright-Wood-stojak-do-gitar-ukulele/e2f09e27-88cb-4f8c-ba3d-9ead171dce93
L1500031;GTR U1 Dark Wood stojak do gitar ukulele;1;https://b2b.laudacentral.eu/product-details/GTR-U1-Dark-Wood-stojak-do-gitar-ukulele/424fd8ba-7ee4-4f45-a401-e9736d7eeec9
L1500028;GTR CS 555 clip tuner stroik chromatyczny;0;https://b2b.laudacentral.eu/product-details/GTR-CS-555---clip-tuner-stroik-chromatyczny/558ddc9a-989b-4a85-a5e9-363b9b340938
L1500022;GTR Classic 100 Dark GreyGrey pokrowiec do gitary klasycznej M9C34 15 34;0;https://b2b.laudacentral.eu/product-details/GTR-Classic-100-Dark-GreyGrey---pokrowiec-do-gitary-klasycznej-M9C34-15-34/535f243f-ef6b-480b-a994-0e174960185f
L1500018;GTR ELECTRIC 100 Dark GreyGrey pokrowiec do gitary M9E34 15 34;0;https://b2b.laudacentral.eu/product-details/GTR-ELECTRIC-100-Dark-GreyGrey----pokrowiec-do-gitary---M9E34-15-34/d90385df-3481-4b59-8abf-290c05d1c1a9
L1500016;GTR Electric 50 BlackBlack pokrowiec do gitary elektrycznej M91EBK;0;https://b2b.laudacentral.eu/product-details/GTR-Electric-50-BlackBlack---pokrowiec-do-gitary-elektrycznej-M91EBK/ab7502f4-daf0-45bd-97f8-836734276897
L2340408;Martin MK13 Medium 13 56 Kovar struny do gitary akustycznej;1;https://b2b.laudacentral.eu/product-details/Martin-MK13-Medium-13-56-Kovar-struny-do-gitary-akustycznej/2f686728-d98f-4651-8581-31f523c1006f
L2340407;Martin MK12 Light 12 54 Kovar struny do gitary akustycznej;1;https://b2b.laudacentral.eu/product-details/Martin-MK12-Light-12-54-Kovar-struny-do-gitary-akustycznej/667434fd-9fe6-46db-bc84-252d2377ec98
L2340406;Martin MK11 Custom Light 11 52 Kovar struny do gitary akustycznej;1;https://b2b.laudacentral.eu/product-details/Martin-MK11-Custom-Light-11-52-Kovar-struny-do-gitary-akustycznej/be8cad09-f8cc-45c0-a62f-1b1799699c1a
L2340372;Martin DISC Authentic Acoustic 3 Packs Medium 928 Value Pack 13 56 struny do gitary akustycznej;0;https://b2b.laudacentral.eu/product-details/Martin-DISC-Authentic-Acoustic-3-Packs-Medium-928-Value-Pack-13-56-struny-do-gitary-akustycznej/2fcb521e-b515-4cb9-995d-9d5f6cad4919
L0550024;Elixir 12054 NW Lt 010 Mini BLK zestaw 50 strun;0;https://b2b.laudacentral.eu/product-details/Elixir-12054-NW-Lt-010-Mini-BLK---zestaw-50-strun/678ac965-9590-42ac-829a-9316bd544bd2
L0560755;Epiphone DISC Power Players SG Ice Blue zestaw gitarowy;1;https://b2b.laudacentral.eu/product-details/Epiphone-DISC-Power-Players-SG-Ice-Blue-zestaw-gitarowy/7bd6b058-86a9-400b-8970-fa3be14fd167
L0560754;Epiphone DISC Power Players SG Lava Red zestaw gitarowy;1;https://b2b.laudacentral.eu/product-details/Epiphone-DISC-Power-Players-SG-Lava-Red-zestaw-gitarowy/71359b8f-301e-4fb2-9b8a-91682bcadd5b