SKU;Nazov;Pocet_ks;URL
RV-212-CS;2x12" Extension Cabinet - Custom Shop (Revv);0;https://codots.app/availability-by-product/buy/musifacts-europe-bv
RV-212-RV90;2x12" Extension Cabinet, Black - RV90 (Revv);0;https://codots.app/availability-by-product/buy/musifacts-europe-bv
RV-412-RV90;4x12" Extension Cabinet, Black - RV90 (Revv);0;https://codots.app/availability-by-product/buy/musifacts-europe-bv
AERO-B2;Aero Series Bass Guitar Case (Reunion Blues);1;https://codots.app/availability-by-product/buy/musifacts-europe-bv
CST-ANT3;Antique V3 (Cornerstone);1;https://codots.app/availability-by-product/buy/musifacts-europe-bv
DSM-CLDS;Black Clouds (DSM/Humboldt);2;https://codots.app/availability-by-product/buy/musifacts-europe-bv
DSM-COMP;ClearComp 1078 (DSM/Humboldt);1;https://codots.app/availability-by-product/buy/musifacts-europe-bv
SWG-0012;Colombian Leather Strap Black (Suhr);0;https://codots.app/availability-by-product/buy/musifacts-europe-bv
SWG-0026;Colombian Leather Strap Brown (Suhr);0;https://codots.app/availability-by-product/buy/musifacts-europe-bv
CST-COLB;Colosseum Black LTD (Cornerstone);1;https://codots.app/availability-by-product/buy/musifacts-europe-bv
DUO-17-GM;DUO-17 Pedalboard - Gunmetal (Temple);0;https://codots.app/availability-by-product/buy/musifacts-europe-bv
03-DAD-0005;Dark Discovery (Suhr);1;https://codots.app/availability-by-product/buy/musifacts-europe-bv
RBC232E;Expedition - Double Electric Guitar Case (Reunion Blues);0;https://codots.app/availability-by-product/buy/musifacts-europe-bv
RBC23A2;Expedition - Dreadnought Guitar Case (Reunion Blues);2;https://codots.app/availability-by-product/buy/musifacts-europe-bv
CST-GSC;Gladio SC (Cornerstone);0;https://codots.app/availability-by-product/buy/musifacts-europe-bv
FT-N2O;N2O Micro Boost (Fortin);0;https://codots.app/availability-by-product/buy/musifacts-europe-bv
CST-NER;Nero (Cornerstone);0;https://codots.app/availability-by-product/buy/musifacts-europe-bv
CST-NUC;Nucleo (Cornerstone);0;https://codots.app/availability-by-product/buy/musifacts-europe-bv
04-TBK-0018;Pickup. Thornbucker, Neck 50mm, Gold (Suhr);0;https://codots.app/availability-by-product/buy/musifacts-europe-bv
TQR-M;Quick Release Pedal Plate - Medium (Temple);1;https://codots.app/availability-by-product/buy/musifacts-europe-bv
RBX-CM22;RBX - 22" Cymbal Case (Reunion Blues);1;https://codots.app/availability-by-product/buy/musifacts-europe-bv
RBX-ASX;RBX - Alto Sax Case (Reunion Blues);1;https://codots.app/availability-by-product/buy/musifacts-europe-bv
RBX-BP;RBX - Back Pack (Reunion Blues);1;https://codots.app/availability-by-product/buy/musifacts-europe-bv
RBX-CLR;RBX - Clarinet Case (Reunion Blues);1;https://codots.app/availability-by-product/buy/musifacts-europe-bv
RBX-C3;RBX - Classical Guitar Gig Bag (Reunion Blues);1;https://codots.app/availability-by-product/buy/musifacts-europe-bv
RBX-2B;RBX - Double Bass Guitar Gig Bag (Reunion Blues);1;https://codots.app/availability-by-product/buy/musifacts-europe-bv
RBX-2E;RBX - Double Electric Guitar Gig Bag (Reunion Blues);0;https://codots.app/availability-by-product/buy/musifacts-europe-bv
RBX-A2;RBX - Dreadnought Guitar Gig Bag (Reunion Blues);1;https://codots.app/availability-by-product/buy/musifacts-europe-bv
RBX-B4;RBX - Electric Bass Guitar Gig Bag (Reunion Blues);1;https://codots.app/availability-by-product/buy/musifacts-europe-bv
RBX-E1;RBX - Electric Guitar Gig Bag (Reunion Blues);2;https://codots.app/availability-by-product/buy/musifacts-europe-bv
RBX-LP;RBX - LP Style Guitar Gig Bag (Reunion Blues);2;https://codots.app/availability-by-product/buy/musifacts-europe-bv
RBX-335;RBX - Semi/Hollow Guitar Gig Bag (Reunion Blues);0;https://codots.app/availability-by-product/buy/musifacts-europe-bv
RBXOB4;RBX Oxford - Bass Guitar Gig Bag (Reunion Blues);0;https://codots.app/availability-by-product/buy/musifacts-europe-bv
RBXOC3;RBX Oxford - Classical Guitar Gig Bag (Reunion Blues);2;https://codots.app/availability-by-product/buy/musifacts-europe-bv
RBXOA2;RBX Oxford - Dreadnought Guitar Gig Bag (Reunion Blues);1;https://codots.app/availability-by-product/buy/musifacts-europe-bv
RBXOE1;RBX Oxford - Electric Guitar Gig Bag (Reunion Blues);1;https://codots.app/availability-by-product/buy/musifacts-europe-bv
RBX-17;RBX-17, Pedalboard Case 18" x 14" (Reunion Blues);1;https://codots.app/availability-by-product/buy/musifacts-europe-bv
RBX-24;RBX-24, Pedalboard/Gear Case 24" x 14" (Reunion Blues);1;https://codots.app/availability-by-product/buy/musifacts-europe-bv
RBX-28;RBX-28, Pedalboard/Gear Case 28" x 16" (Reunion Blues);2;https://codots.app/availability-by-product/buy/musifacts-europe-bv
RBX-32;RBX-32, Pedalboard/Gear Case 32" x 16" (Reunion Blues);2;https://codots.app/availability-by-product/buy/musifacts-europe-bv
RBX-34;RBX-34, Pedalboard/Gear Case 34" x 13" (Reunion Blues);2;https://codots.app/availability-by-product/buy/musifacts-europe-bv
RBX-43;RBX-43, Pedalboard/Gear Case 43" x 16" (Reunion Blues);2;https://codots.app/availability-by-product/buy/musifacts-europe-bv
RV-RV30-16OHM;Revv Classic Series RV-30 Speaker - 16 Ohm (Revv);0;https://codots.app/availability-by-product/buy/musifacts-europe-bv
RV-RV30-8OHM;Revv Classic Series RV-30 Speaker - 8 Ohm (Revv);0;https://codots.app/availability-by-product/buy/musifacts-europe-bv
RV-RV90-16OHM;Revv Classic Series RV-90 Speaker - 16 Ohm (Revv);0;https://codots.app/availability-by-product/buy/musifacts-europe-bv
RV-RV90-8OHM;Revv Classic Series RV-90 Speaker - 8 Ohm (Revv);0;https://codots.app/availability-by-product/buy/musifacts-europe-bv
03-SHI-0004;Shiba ReLoaded Mini, Overdrive (Suhr);1;https://codots.app/availability-by-product/buy/musifacts-europe-bv
DSM-SIM2;Simplifier Mk II (DSM/Humboldt);1;https://codots.app/availability-by-product/buy/musifacts-europe-bv
DSM-SIMX;Simplifier X (DSM/Humboldt);1;https://codots.app/availability-by-product/buy/musifacts-europe-bv
CVC-0047;Tremolo Cavity Cover Tortoise Shell (Suhr);0;https://codots.app/availability-by-product/buy/musifacts-europe-bv
RBC2B;Continental Voyager - Double Bass Guitar Case (Reunion Blues);1;https://codots.app/availability-by-product/buy/musifacts-europe-bv
RBCC3;Continental Voyager - Small Body Acoustic Case (Reunion Blues);0;https://codots.app/availability-by-product/buy/musifacts-europe-bv
RBCTP3;Continental Voyager - Triple Trumpet Case (Reunion Blues);1;https://codots.app/availability-by-product/buy/musifacts-europe-bv
RBCTP1;Continental Voyager - Trumpet Case (Reunion Blues);1;https://codots.app/availability-by-product/buy/musifacts-europe-bv
RBCCM;Continental Voyager Cymbal Case (Reunion Blues);1;https://codots.app/availability-by-product/buy/musifacts-europe-bv
RBCBP2;Continental Voyager Set of 2 Bumper Pads (Acoustic) (Reunion Blues);1;https://codots.app/availability-by-product/buy/musifacts-europe-bv
RBCBP1;Continental Voyager Set of 2 Bumper Pads (Electric) (Reunion Blues);0;https://codots.app/availability-by-product/buy/musifacts-europe-bv
DUO-17-HC;DUO-17 Flight Case (Temple);0;https://codots.app/availability-by-product/buy/musifacts-europe-bv
DUO-17-TR;DUO-17 Pedalboard - Temple Red (Temple);0;https://codots.app/availability-by-product/buy/musifacts-europe-bv
DUO-17-VW;DUO-17 Pedalboard - Vintage White (Temple);0;https://codots.app/availability-by-product/buy/musifacts-europe-bv
DUO-17-SC;DUO-17 Soft Case (Temple);0;https://codots.app/availability-by-product/buy/musifacts-europe-bv
DUO-24-HC;DUO-24 Flight Case (Temple);0;https://codots.app/availability-by-product/buy/musifacts-europe-bv
DUO-24-GM;DUO-24 Pedalboard - Gunmetal (Temple);0;https://codots.app/availability-by-product/buy/musifacts-europe-bv
DUO-24-TR;DUO-24 Pedalboard - Temple Red (Temple);0;https://codots.app/availability-by-product/buy/musifacts-europe-bv
DUO-24-VW;DUO-24 Pedalboard - Vintage White (Temple);0;https://codots.app/availability-by-product/buy/musifacts-europe-bv
DUO-24-SC;DUO-24 Soft Case (Temple);1;https://codots.app/availability-by-product/buy/musifacts-europe-bv
DUO-34-HC;DUO-34 Flight Case (Temple);0;https://codots.app/availability-by-product/buy/musifacts-europe-bv
DUO-34-GM;DUO-34 Pedalboard - Gunmetal (Temple);0;https://codots.app/availability-by-product/buy/musifacts-europe-bv
DUO-34-VW;DUO-34 Pedalboard - Vintage White (Temple);1;https://codots.app/availability-by-product/buy/musifacts-europe-bv
DUO-34-TR;DUO-34 Pedalboard -Temple Red (Temple);0;https://codots.app/availability-by-product/buy/musifacts-europe-bv
DUO-34-SC;DUO-34 Soft Case (Temple);0;https://codots.app/availability-by-product/buy/musifacts-europe-bv
RBC23BJ;Expedition - Banjo Case (Reunion Blues);1;https://codots.app/availability-by-product/buy/musifacts-europe-bv
RBC23B4;Expedition - Electric Bass Case (Reunion Blues);1;https://codots.app/availability-by-product/buy/musifacts-europe-bv
RBC23E1;Expedition - Electric Guitar Case (Reunion Blues);2;https://codots.app/availability-by-product/buy/musifacts-europe-bv
RBC23LP;Expedition - LP-style Electric Guitar Case (Reunion Blues);0;https://codots.app/availability-by-product/buy/musifacts-europe-bv
RBC23SH;Expedition - Semi/Hollow Guitar Case (Reunion Blues);0;https://codots.app/availability-by-product/buy/musifacts-europe-bv
RBC23SKL;Expedition - Sidekick add on bag, Large (Reunion Blues);0;https://codots.app/availability-by-product/buy/musifacts-europe-bv
RBC23SKS;Expedition - Sidekick add on bag, Small (Reunion Blues);0;https://codots.app/availability-by-product/buy/musifacts-europe-bv
RBC23C3;Expedition - Small Body Acoustic Case (Reunion Blues);1;https://codots.app/availability-by-product/buy/musifacts-europe-bv
CON-MIDI;MIDI Micro Module 5-PIN (Temple);0;https://codots.app/availability-by-product/buy/musifacts-europe-bv
SOLO-18-HC;SOLO 18 Flight Case (Temple);1;https://codots.app/availability-by-product/buy/musifacts-europe-bv
SOLO-18-GM;SOLO-18 Pedalboard - Gunmetal (Temple);0;https://codots.app/availability-by-product/buy/musifacts-europe-bv
SOLO-18-TR;SOLO-18 Pedalboard - Temple Red (Temple);0;https://codots.app/availability-by-product/buy/musifacts-europe-bv
SOLO-18-VW;SOLO-18 Pedalboard - Vintage White (Temple);1;https://codots.app/availability-by-product/buy/musifacts-europe-bv
SOLO-18-SC;SOLO-18 Soft Case (Temple);0;https://codots.app/availability-by-product/buy/musifacts-europe-bv
317-59-73;Sonoma Electric Bass Bag, Beige Fabric/Brown Lthr Trim (+) (Reunion Blues);1;https://codots.app/availability-by-product/buy/musifacts-europe-bv
TRIO-21-HC;TRIO-21 Flight Case (Temple);1;https://codots.app/availability-by-product/buy/musifacts-europe-bv
TRIO-21-GM;TRIO-21 Pedalboard - Gunmetal (Temple);0;https://codots.app/availability-by-product/buy/musifacts-europe-bv
TRIO-21-TR;TRIO-21 Pedalboard - Temple Red (Temple);1;https://codots.app/availability-by-product/buy/musifacts-europe-bv
TRIO-21-VW;TRIO-21 Pedalboard - Vintage White (Temple);1;https://codots.app/availability-by-product/buy/musifacts-europe-bv
TRIO-21-SC;TRIO-21 Soft Case (Temple);0;https://codots.app/availability-by-product/buy/musifacts-europe-bv
TRIO-28-HC;TRIO-28 Flight Case (Temple);1;https://codots.app/availability-by-product/buy/musifacts-europe-bv
TRIO-28-GM;TRIO-28 Pedalboard - Gunmetal (Temple);0;https://codots.app/availability-by-product/buy/musifacts-europe-bv
TRIO-28-TR;TRIO-28 Pedalboard - Temple Red (Temple);1;https://codots.app/availability-by-product/buy/musifacts-europe-bv
TRIO-28-VW;TRIO-28 Pedalboard - Vintage White (Temple);1;https://codots.app/availability-by-product/buy/musifacts-europe-bv
TRIO-28-SC;TRIO-28 Soft Case (Temple);0;https://codots.app/availability-by-product/buy/musifacts-europe-bv
TRIO-43-HC;TRIO-43 Flight Case (Temple);1;https://codots.app/availability-by-product/buy/musifacts-europe-bv
TRIO-43-GM;TRIO-43 Pedalboard - Gunmetal (Temple);0;https://codots.app/availability-by-product/buy/musifacts-europe-bv
TRIO-43-TR;TRIO-43 Pedalboard - Temple Red (Temple);1;https://codots.app/availability-by-product/buy/musifacts-europe-bv
TRIO-43-VW;TRIO-43 Pedalboard - Vintage White (Temple);1;https://codots.app/availability-by-product/buy/musifacts-europe-bv
MOD-2X;2-Way Jack Patch Module (Temple);1;https://codots.app/availability-by-product/buy/musifacts-europe-bv
MOD-2XPRO;2-Way Jack Patch Module PRO (Temple);1;https://codots.app/availability-by-product/buy/musifacts-europe-bv
MOD-4XPROV2;4-Channel Buffer Module (Temple);1;https://codots.app/availability-by-product/buy/musifacts-europe-bv
MOD-4X;4-Way Jack Patch Module (Temple);0;https://codots.app/availability-by-product/buy/musifacts-europe-bv
101008;Atlacoya (Silver Coin);1;https://codots.app/availability-by-product/buy/musifacts-europe-bv
101013;Atlanero (Silver Coin);1;https://codots.app/availability-by-product/buy/musifacts-europe-bv
101002;Atlaua (Silver Coin);1;https://codots.app/availability-by-product/buy/musifacts-europe-bv
MOD-C5;CIOKS AC Mains Micro Module (Temple);0;https://codots.app/availability-by-product/buy/musifacts-europe-bv
101010;Chantico (Silver Coin);1;https://codots.app/availability-by-product/buy/musifacts-europe-bv
101005;Cocomama (Silver Coin);1;https://codots.app/availability-by-product/buy/musifacts-europe-bv
TQR-DUO;DUO Mounting Bracket (Temple);0;https://codots.app/availability-by-product/buy/musifacts-europe-bv
101007;Ekkeko (Silver Coin);1;https://codots.app/availability-by-product/buy/musifacts-europe-bv
MOD-HI5L;Hi5 Power Supply Module, incl cables (Temple);0;https://codots.app/availability-by-product/buy/musifacts-europe-bv
101004;Huracan (Silver Coin);1;https://codots.app/availability-by-product/buy/musifacts-europe-bv
MOD-IEC;IEC AC Mains Power Connector (Temple);0;https://codots.app/availability-by-product/buy/musifacts-europe-bv
IEC-IEC2;IEC to Double IEC Splitter (Temple);1;https://codots.app/availability-by-product/buy/musifacts-europe-bv
IEC-N515;IEC to NEMA 5-15 Adaptor (Temple);1;https://codots.app/availability-by-product/buy/musifacts-europe-bv
03-BST-0003;Koko Boost Pedal (Suhr);1;https://codots.app/availability-by-product/buy/musifacts-europe-bv
03-BST-0005;Koko Boost™, Black (Suhr);1;https://codots.app/availability-by-product/buy/musifacts-europe-bv
RGB-17;LED Strip for DUO-17 with Remote (Temple);1;https://codots.app/availability-by-product/buy/musifacts-europe-bv
RGB-24;LED Strip for DUO-24 with Remote (Temple);0;https://codots.app/availability-by-product/buy/musifacts-europe-bv
RGB-34;LED Strip for DUO-34 with Remote (Temple);1;https://codots.app/availability-by-product/buy/musifacts-europe-bv
RGB-18;LED Strip for SOLO-18 with Remote (Temple);1;https://codots.app/availability-by-product/buy/musifacts-europe-bv
RGB-21;LED Strip for TRIO-21 with Remote (Temple);0;https://codots.app/availability-by-product/buy/musifacts-europe-bv
RGB-28;LED Strip for TRIO-28 with Remote (Temple);1;https://codots.app/availability-by-product/buy/musifacts-europe-bv
RGB-43;LED Strip for TRIO-43 with Remote (Temple);1;https://codots.app/availability-by-product/buy/musifacts-europe-bv
101001;Mama Cocha (Silver Coin);2;https://codots.app/availability-by-product/buy/musifacts-europe-bv
MOD-MOPP;Micro Module Punched Plate (Temple);0;https://codots.app/availability-by-product/buy/musifacts-europe-bv
MOD-MIPP;Mini Module Punched Plate (Temple);0;https://codots.app/availability-by-product/buy/musifacts-europe-bv
101020;Navajo (Silver Coin);1;https://codots.app/availability-by-product/buy/musifacts-europe-bv
101009;Oxomoco (Silver Coin);1;https://codots.app/availability-by-product/buy/musifacts-europe-bv
101003;Pacha Camac (Silver Coin);0;https://codots.app/availability-by-product/buy/musifacts-europe-bv
101012;Pacha Nero (Silver Coin);1;https://codots.app/availability-by-product/buy/musifacts-europe-bv
MOD-DI;Passive DI Module (Temple);1;https://codots.app/availability-by-product/buy/musifacts-europe-bv
TQR-VLMB;Pedal Power Mounting Bracket (Temple);1;https://codots.app/availability-by-product/buy/musifacts-europe-bv
MOD-PCON;PowerCon AC Mains Power Connector (Temple);0;https://codots.app/availability-by-product/buy/musifacts-europe-bv
TQR-L;Quick Release Pedal Plate - Large (Temple);0;https://codots.app/availability-by-product/buy/musifacts-europe-bv
TQR-S;Quick Release Pedal Plate - Small (Temple);1;https://codots.app/availability-by-product/buy/musifacts-europe-bv
TQR-LA;Replacement Adhesive Pads - Large (2 pcs) (Temple);2;https://codots.app/availability-by-product/buy/musifacts-europe-bv
TQR-MA;Replacement Adhesive Pads - Medium (2 pcs) (Temple);2;https://codots.app/availability-by-product/buy/musifacts-europe-bv
TQR-SA;Replacement Adhesive Pads - Small (2 pcs) (Temple);1;https://codots.app/availability-by-product/buy/musifacts-europe-bv
TQR-SOLO;SOLO Mounting Bracket (Temple);0;https://codots.app/availability-by-product/buy/musifacts-europe-bv
MOD-SUMV2;Stereo Sum Module V2 (Temple);2;https://codots.app/availability-by-product/buy/musifacts-europe-bv
MOD-STUDIO;Studio Re-Amping Module (Temple);2;https://codots.app/availability-by-product/buy/musifacts-europe-bv
TQR-TRIO;TRIO Mounting Bracket (Temple);0;https://codots.app/availability-by-product/buy/musifacts-europe-bv
TRIO-43-SC;TRIO-43 Soft Case (Temple);0;https://codots.app/availability-by-product/buy/musifacts-europe-bv
101006;Toci (Silver Coin);0;https://codots.app/availability-by-product/buy/musifacts-europe-bv
MOD-XLRFF;XLR Module, Female/Female (Temple);1;https://codots.app/availability-by-product/buy/musifacts-europe-bv
MOD-XLRMF;XLR Module, Male/Female (Temple);2;https://codots.app/availability-by-product/buy/musifacts-europe-bv
MOD-XLRMM;XLR Module, Male/Male (Temple);0;https://codots.app/availability-by-product/buy/musifacts-europe-bv
03-BUF-0001;Buffer (Suhr);1;https://codots.app/availability-by-product/buy/musifacts-europe-bv
TKL8710;Concept 2.9 Dreadnought Molded Case (TKL);1;https://codots.app/availability-by-product/buy/musifacts-europe-bv
TKL8710-CSB;Concept 2.9 Dreadnought Molded Case - Slate Blue (TKL);1;https://codots.app/availability-by-product/buy/musifacts-europe-bv
TKL8720;Concept 2.9 Jumbo 6 / 12 String Molded Case (TKL);1;https://codots.app/availability-by-product/buy/musifacts-europe-bv
TKL8705-CSB;Concept 2.9 OM / 000 Molded Case - Slate Blue (TKL);1;https://codots.app/availability-by-product/buy/musifacts-europe-bv
TKL8705;Concept 2.9 OM / 000 Pro-Form® Molded Case (TKL);1;https://codots.app/availability-by-product/buy/musifacts-europe-bv
TKL8716;Concept 2.9 Small Jumbo / 175-Style Molded Case (TKL);1;https://codots.app/availability-by-product/buy/musifacts-europe-bv
TKL9710-ALX;Concept 3.2 Dreadnought 6/12 String Case - Alumin-X (TKL);1;https://codots.app/availability-by-product/buy/musifacts-europe-bv
03-DAD-0002;Discovery (Suhr);2;https://codots.app/availability-by-product/buy/musifacts-europe-bv
03-BST-0006;Dual Boost, Black (Suhr);1;https://codots.app/availability-by-product/buy/musifacts-europe-bv
03-ECL-0004;Eclipse, Dual-Channel Overdrive/Distortion (Suhr);1;https://codots.app/availability-by-product/buy/musifacts-europe-bv
03-JAC-0002;Jack Rabbit, Tremolo (Suhr);1;https://codots.app/availability-by-product/buy/musifacts-europe-bv
03-KOJ-0001;Koji Compressor (Suhr);1;https://codots.app/availability-by-product/buy/musifacts-europe-bv
03-KOJ-0002;Koji Compressor™, Black (Suhr);2;https://codots.app/availability-by-product/buy/musifacts-europe-bv
TKL8851/LTD;LTD Arch-Top A-Style Hardshell Mandolin Case (TKL);1;https://codots.app/availability-by-product/buy/musifacts-europe-bv
TKL8800/LTD;LTD Arch-Top Classical / 00 Hardshell Case (TKL);1;https://codots.app/availability-by-product/buy/musifacts-europe-bv
TKL8815/LTD;LTD Arch-Top Dreadnought 6 / 12 String Hardshell Case (TKL);1;https://codots.app/availability-by-product/buy/musifacts-europe-bv
TKL8855/LTD;LTD Arch-Top Hollowbody 335-Style Hardshell Case (TKL);1;https://codots.app/availability-by-product/buy/musifacts-europe-bv
TKL8820/LTD;LTD Arch-Top Jumbo 6 / 12 String Hardshell Case (TKL);1;https://codots.app/availability-by-product/buy/musifacts-europe-bv
TKL8826/LTD;LTD Arch-Top SG-Style Guitar Hardshell Case (TKL);1;https://codots.app/availability-by-product/buy/musifacts-europe-bv
TKL8824/LTD;LTD Arch-Top Single Cutaway / Jr-Style Hardshell Case (TKL);1;https://codots.app/availability-by-product/buy/musifacts-europe-bv
TKL8825/LTD;LTD Arch-Top Single Cutaway / LP-Style Hardshell Case (TKL);1;https://codots.app/availability-by-product/buy/musifacts-europe-bv
TKL8816/LTD;LTD Arch-Top Small Jumbo / 175-Style Hardshell Case (TKL);1;https://codots.app/availability-by-product/buy/musifacts-europe-bv
TKL8801/LTD;LTD Arch-Top Square-Neck Dobro Hardshell Case (TKL);1;https://codots.app/availability-by-product/buy/musifacts-europe-bv
TKL8833/LTD;LTD Rectangular Flying V®-Style Hardshell Case (TKL);1;https://codots.app/availability-by-product/buy/musifacts-europe-bv
TKL8836/LTD;LTD Rectangular Jazz Bass Hardshell Case (TKL);1;https://codots.app/availability-by-product/buy/musifacts-europe-bv
TKL8830/LTD;LTD Rectangular Strat®-Style Hardshell Case (TKL);1;https://codots.app/availability-by-product/buy/musifacts-europe-bv
TKL8831/LTD;LTD Rectangular Tele®-Style Hardshell Case (TKL);1;https://codots.app/availability-by-product/buy/musifacts-europe-bv
TKL8841/LTD;LTD Arch-Top 5-string Open Back 13" Hardshell Banjo Case (TKL);1;https://codots.app/availability-by-product/buy/musifacts-europe-bv
TKL7900;Performer Classical / 00- Hardshell Case (TKL);1;https://codots.app/availability-by-product/buy/musifacts-europe-bv
TKL7955;Performer Hollowbody ES-335® Style Hardshell Case (TKL);1;https://codots.app/availability-by-product/buy/musifacts-europe-bv
TKL7920;Performer Jumbo 6 / 12-String Hardshell Case (TKL);1;https://codots.app/availability-by-product/buy/musifacts-europe-bv
TKL7905;Performer OM / 000- Hardshell Case (TKL);1;https://codots.app/availability-by-product/buy/musifacts-europe-bv
TKL7936;Performer Rectangular Jazz Bass Hardshell Case (TKL);1;https://codots.app/availability-by-product/buy/musifacts-europe-bv
TKL7930;Performer Rectangular Strat® Style Hardshell Case (TKL);1;https://codots.app/availability-by-product/buy/musifacts-europe-bv
TKL7931;Performer Rectangular Tele®-Style Hardshell case (TKL);1;https://codots.app/availability-by-product/buy/musifacts-europe-bv
TKL7926;Performer SG-Style Guitar Hardshell Case (TKL);1;https://codots.app/availability-by-product/buy/musifacts-europe-bv
TKL7925;Performer Single Cut / LP-Style Hardshell Case (TKL);1;https://codots.app/availability-by-product/buy/musifacts-europe-bv
03-RIO-0006;Riot Distortion™, Black (Suhr);1;https://codots.app/availability-by-product/buy/musifacts-europe-bv
03-RIO-0007;Riot Mini Distortion, Black (Suhr);0;https://codots.app/availability-by-product/buy/musifacts-europe-bv
03-RUF-0004;Rufus Fuzz, Black (Suhr);1;https://codots.app/availability-by-product/buy/musifacts-europe-bv
03-SHI-0001;Shiba Drive (Suhr);1;https://codots.app/availability-by-product/buy/musifacts-europe-bv
03-SHI-0005;Shiba Drive, Black (Suhr);1;https://codots.app/availability-by-product/buy/musifacts-europe-bv
03-SHI-0006;Shiba Mini Overdrive, Black (Suhr);1;https://codots.app/availability-by-product/buy/musifacts-europe-bv
03-SHI-0002;Shiba ReLoaded, Overdrive (Suhr);1;https://codots.app/availability-by-product/buy/musifacts-europe-bv
VTR-525;Vectra 3.2 Les Paul® Style Molded Case (TKL);1;https://codots.app/availability-by-product/buy/musifacts-europe-bv
VTR-525-GLD;Vectra 3.2 Les Paul® Style Molded Case - Gold (TKL);1;https://codots.app/availability-by-product/buy/musifacts-europe-bv
VTR-236;Vectra Stealth 2.6 IPX Double Electric Bass Soft Case (TKL);1;https://codots.app/availability-by-product/buy/musifacts-europe-bv
VTR-136-STH;Vectra Stealth 2.6 IPX Electric Bass Soft Case (TKL);0;https://codots.app/availability-by-product/buy/musifacts-europe-bv
03-WSC-0001;Woodshed Comp, Andy Wood Signature (Suhr);2;https://codots.app/availability-by-product/buy/musifacts-europe-bv
05-SUR-0051;1x12 Badger Cabinet, Graphite, Silver Grill, Veteran 30 (Suhr);1;https://codots.app/availability-by-product/buy/musifacts-europe-bv
05-SUR-0050;1x12 Bella Cabinet, Graphite, Silver grill, V-Type (Suhr);1;https://codots.app/availability-by-product/buy/musifacts-europe-bv
RV-112;1x12" Extension Cabinet, Black, Vintage 30 (Revv);1;https://codots.app/availability-by-product/buy/musifacts-europe-bv
RV-112NB;1x12" Extension Cabinet, Navy Blue, Vintage 30 (Revv);1;https://codots.app/availability-by-product/buy/musifacts-europe-bv
RV-112SF;1x12" Extension Cabinet, Seafoam, Vintage 30 (Revv);1;https://codots.app/availability-by-product/buy/musifacts-europe-bv
RV-212V-RV30;2x12" Cabinet 120-watt, Vertical Extension Cabinet - RV30 (Revv);0;https://codots.app/availability-by-product/buy/musifacts-europe-bv
RV-212-RV30;2x12" Extension Cabinet, Black - RV30 (Revv);0;https://codots.app/availability-by-product/buy/musifacts-europe-bv
RV-412-RV30;4x12" Extension Cabinet, Black - RV30 (Revv);1;https://codots.app/availability-by-product/buy/musifacts-europe-bv
02-B18-0025;Badger 18, Amplifier Head 15W (UK), 240V (Suhr);1;https://codots.app/availability-by-product/buy/musifacts-europe-bv
02-B18-0024;Badger 18, Amplifier Head 15W, 230V (Suhr);1;https://codots.app/availability-by-product/buy/musifacts-europe-bv
02-B30-0025;Badger 30, Amplifier Head 25W (UK), 240V (Suhr);1;https://codots.app/availability-by-product/buy/musifacts-europe-bv
02-B30-0019;Badger 30, Amplifier Head 25W,  Cream, 230V (Suhr);1;https://codots.app/availability-by-product/buy/musifacts-europe-bv
02-B30-0024;Badger 30, Amplifier Head 25W, 230V (Suhr);1;https://codots.app/availability-by-product/buy/musifacts-europe-bv
02-B30-0014;Badger 30, Amplifier Head 25W, Original, 230V (Suhr);2;https://codots.app/availability-by-product/buy/musifacts-europe-bv
02-B35-0025;Badger 35, Amplifier Head 30W (UK), 240V (Suhr);1;https://codots.app/availability-by-product/buy/musifacts-europe-bv
02-B35-0024;Badger 35, Amplifier Head 30W, 230V (Suhr);1;https://codots.app/availability-by-product/buy/musifacts-europe-bv
02-B35-0004;Badger 35, Amplifier Head 30W, Original, 230V (Suhr);1;https://codots.app/availability-by-product/buy/musifacts-europe-bv
07-SLP-0005;Badger Head Amp Cover, Black Nylon (Suhr);1;https://codots.app/availability-by-product/buy/musifacts-europe-bv
07-SLP-0002;Bella 1x12 Cabinet Cover, Black Nylon (Suhr);1;https://codots.app/availability-by-product/buy/musifacts-europe-bv
07-SLP-0003;Bella Combo Amp Cover, Black Nylon (Suhr);1;https://codots.app/availability-by-product/buy/musifacts-europe-bv
07-FSW-0005;Bella Foot Switch (Suhr);1;https://codots.app/availability-by-product/buy/musifacts-europe-bv
07-SLP-0004;Bella Head Amp Cover, Black Nylon (Suhr);1;https://codots.app/availability-by-product/buy/musifacts-europe-bv
07-FSW-0006;Bella Reverb Two-Button Foot Switch (Suhr);1;https://codots.app/availability-by-product/buy/musifacts-europe-bv
02-BEL-0027;Bella Reverb. Hand-Wired Combo 44W, 230V (Suhr);1;https://codots.app/availability-by-product/buy/musifacts-europe-bv
02-BEL-0032;Bella Reverb. Hand-Wired Head 44W (UK), 240V (Suhr);1;https://codots.app/availability-by-product/buy/musifacts-europe-bv
02-BEL-0019;Bella. Hand-Wired Combo 44W, 230V (Suhr);1;https://codots.app/availability-by-product/buy/musifacts-europe-bv
02-BEL-0024;Bella. Hand-Wired Head 44W (UK), 240V (Suhr);1;https://codots.app/availability-by-product/buy/musifacts-europe-bv
02-BEL-0023;Bella. Hand-Wired Head 44W, 230V (Suhr);1;https://codots.app/availability-by-product/buy/musifacts-europe-bv
RV-D25BB;D25, 1x12 Combo Amplifier, Baby Blue (Revv);1;https://codots.app/availability-by-product/buy/musifacts-europe-bv
RV-D25BK;D25, 1x12 Combo Amplifier, Black Bronco (Revv);1;https://codots.app/availability-by-product/buy/musifacts-europe-bv
RV-D25BW;D25, 1x12 Combo Amplifier, Black Western (Revv);1;https://codots.app/availability-by-product/buy/musifacts-europe-bv
RV-D25BR;D25, 1x12 Combo Amplifier, British Sable Bronco (Revv);1;https://codots.app/availability-by-product/buy/musifacts-europe-bv
RV-D25CS;D25, 1x12 Combo Amplifier, Custom (Revv);0;https://codots.app/availability-by-product/buy/musifacts-europe-bv
RV-D25TW;D25, 1x12 Combo Amplifier, Tweed (Revv);1;https://codots.app/availability-by-product/buy/musifacts-europe-bv
RV-G2GD;G2 - Preamp/Overdrive Pedal, Gold (Revv);1;https://codots.app/availability-by-product/buy/musifacts-europe-bv
RV-G2;G2 - Preamp/Overdrive Pedal, Green (Revv);2;https://codots.app/availability-by-product/buy/musifacts-europe-bv
RV-G20TS-BB;G20 20/4-watt Tube Head – Baby Blue Bronco (Revv);1;https://codots.app/availability-by-product/buy/musifacts-europe-bv
RV-G20TS-BW;G20 20/4-watt Tube Head – Black Bronco (Revv);1;https://codots.app/availability-by-product/buy/musifacts-europe-bv
RV-G20TS-SF;G20 20/4-watt Tube Head – Seafoam (Revv);1;https://codots.app/availability-by-product/buy/musifacts-europe-bv
RV-G20TS-WH;G20 20/4-watt Tube Head – White Bronco (Revv);1;https://codots.app/availability-by-product/buy/musifacts-europe-bv
RV-G20FS;G20 Amplifier Footswitch (Revv);1;https://codots.app/availability-by-product/buy/musifacts-europe-bv
RV-G8;G8 - Noise Gate Pedal, Black Sparkle (Revv);1;https://codots.app/availability-by-product/buy/musifacts-europe-bv
RV-G100Pv3;Generator 100P MK3, 120-watt Tube Head (Revv);1;https://codots.app/availability-by-product/buy/musifacts-europe-bv
RV-G100Rv3;Generator 100R MK3, 120-watt Tube Head (Revv);1;https://codots.app/availability-by-product/buy/musifacts-europe-bv
RV-112EM;Revv 1x12" Extension Cabinet, Emerald Green, Vintage 30 (Revv);1;https://codots.app/availability-by-product/buy/musifacts-europe-bv
RV-TILTB;Tilt Boost, Shawn Tubbs Signature (Revv);1;https://codots.app/availability-by-product/buy/musifacts-europe-bv
RV-TILT;Tilt Overdrive/Boost, Shawn Tubbs Signature (Revv);2;https://codots.app/availability-by-product/buy/musifacts-europe-bv
VTR-530-PRS-DC;Vectra 3.2 PRS® Double Cutaway Molded Case (TKL);1;https://codots.app/availability-by-product/buy/musifacts-europe-bv
VTR-530-SR;Vectra 3.2 Strat® Style Molded Case (TKL);1;https://codots.app/availability-by-product/buy/musifacts-europe-bv
VTR-530;Vectra 3.2 Universal Electric Molded Case (TKL);1;https://codots.app/availability-by-product/buy/musifacts-europe-bv
RV-AB;Alpha Bag (Revv);1;https://codots.app/availability-by-product/buy/musifacts-europe-bv
RV-CB;Chat Breaker (Revv);1;https://codots.app/availability-by-product/buy/musifacts-europe-bv
RV-D25FS;D25 Amplifier Footswitch (Revv);1;https://codots.app/availability-by-product/buy/musifacts-europe-bv
RV-D40;D40 10/40-Watt Tube Head - Black (Revv);0;https://codots.app/availability-by-product/buy/musifacts-europe-bv
RV-G120FS;G120 Replacement Amplifier Footswitch (Revv);1;https://codots.app/availability-by-product/buy/musifacts-europe-bv
RV-G50;G50 50/10-watt Tube Head – Black (Revv);2;https://codots.app/availability-by-product/buy/musifacts-europe-bv
RV-G120v3;Generator 120 MK3, 120-watt Tube Head (Revv);2;https://codots.app/availability-by-product/buy/musifacts-europe-bv
RV-LC;Lightning Cable (Revv);0;https://codots.app/availability-by-product/buy/musifacts-europe-bv
RV-NM;Northern Mauler - Glenn Fricker Signature (Revv);1;https://codots.app/availability-by-product/buy/musifacts-europe-bv
G6R14AB;RUN14: Goliath 6 Azure Blue (Ormsby);0;https://codots.app/availability-by-product/buy/musifacts-europe-bv
G6R14MA;RUN14: Goliath 6 Magenta (Ormsby);0;https://codots.app/availability-by-product/buy/musifacts-europe-bv
G6R14SP;RUN14: Goliath 6 Shell Pink (Ormsby);0;https://codots.app/availability-by-product/buy/musifacts-europe-bv
G8R14SF;RUN14: Goliath 8 Sea Foam (Ormsby);0;https://codots.app/availability-by-product/buy/musifacts-europe-bv
S6R15LG;RUN15: SX Joe Haley 6-string Lacertine Glow (Ormsby);1;https://codots.app/availability-by-product/buy/musifacts-europe-bv
S6R15OB;RUN15: SX Joe Haley 6-string Ob (Black) (Ormsby);2;https://codots.app/availability-by-product/buy/musifacts-europe-bv
S7R15LG;RUN15: SX Joe Haley 7-string Lacertine Glow (Ormsby);4;https://codots.app/availability-by-product/buy/musifacts-europe-bv
S7R15OB;RUN15: SX Joe Haley 7-string Ob (Black) (Ormsby);4;https://codots.app/availability-by-product/buy/musifacts-europe-bv
T6R15BK;RUN15: TX Carbon 6-string Tuxedo Black (Ormsby);0;https://codots.app/availability-by-product/buy/musifacts-europe-bv
T7R15AB;RUN15: TX Carbon 7-string Azure Blue (Ormsby);2;https://codots.app/availability-by-product/buy/musifacts-europe-bv
T7R15TX;RUN15: TX Carbon 7-string Toxic (Ormsby);2;https://codots.app/availability-by-product/buy/musifacts-europe-bv
T6R15PP;RUN15: TX Exotic 6-string Purr Pull (Ormsby);0;https://codots.app/availability-by-product/buy/musifacts-europe-bv
T7R15AQ;RUN15: TX Exotic 7-string Aqua Burst (Ormsby);1;https://codots.app/availability-by-product/buy/musifacts-europe-bv
T7R15CB;RUN15: TX Exotic 7-string Cherry Burst (Ormsby);0;https://codots.app/availability-by-product/buy/musifacts-europe-bv
T7R15DB;RUN15: TX Exotic 7-string Dahlia Black (Ormsby);1;https://codots.app/availability-by-product/buy/musifacts-europe-bv
T7R15SF;RUN15: TX Vintage 7-string Sea Foam (Ormsby);1;https://codots.app/availability-by-product/buy/musifacts-europe-bv
T7R15SP;RUN15: TX Vintage 7-string Shell Pink (Ormsby);0;https://codots.app/availability-by-product/buy/musifacts-europe-bv
H8R15BQB;RUN15B: Hype 8-string Quilted Blue Burst (Ormsby);0;https://codots.app/availability-by-product/buy/musifacts-europe-bv
V6R16PL;RUN16: Metal V Headless 6-string Pine Lime (Ormsby);1;https://codots.app/availability-by-product/buy/musifacts-europe-bv
V7R16EW;RUN16: Metal V Headless 7-string Ermine White (Ormsby);0;https://codots.app/availability-by-product/buy/musifacts-europe-bv
V7R16IC;RUN16: Metal V Headless 7-string Icy Cool (Ormsby);0;https://codots.app/availability-by-product/buy/musifacts-europe-bv
V7R16PL;RUN16: Metal V Headless 7-string Pine Lime (Ormsby);2;https://codots.app/availability-by-product/buy/musifacts-europe-bv
V7R16PP;RUN16: Metal V Headless 7-string Purr Pull (Ormsby);0;https://codots.app/availability-by-product/buy/musifacts-europe-bv
V8R16DB;RUN16: Metal V Headless 8-string Dahlia Black (Ormsby);0;https://codots.app/availability-by-product/buy/musifacts-europe-bv
V8R16IC;RUN16: Metal V Headless 8-string Icy Cool (Ormsby);2;https://codots.app/availability-by-product/buy/musifacts-europe-bv
V8R16PL;RUN16: Metal V Headless 8-string Pine Lime (Ormsby);0;https://codots.app/availability-by-product/buy/musifacts-europe-bv
S6R16SG;RUN16: SX Carved Top 6-string, Seafoam Green (Ormsby);3;https://codots.app/availability-by-product/buy/musifacts-europe-bv
G6R17BS;RUN17: Goliath 6 Blue Sparkle (Ormsby);1;https://codots.app/availability-by-product/buy/musifacts-europe-bv
G6R17DB;RUN17: Goliath 6 Dahlia Black (Ormsby);1;https://codots.app/availability-by-product/buy/musifacts-europe-bv
G6R17IC;RUN17: Goliath 6 Icy Cool (Ormsby);2;https://codots.app/availability-by-product/buy/musifacts-europe-bv
G6R17LS;RUN17: Goliath 6 Lavender Sparkle (Ormsby);1;https://codots.app/availability-by-product/buy/musifacts-europe-bv
G6R17PL;RUN17: Goliath 6 Pine Lime (Ormsby);1;https://codots.app/availability-by-product/buy/musifacts-europe-bv
G6R17PP;RUN17: Goliath 6 PurrPull (Ormsby);0;https://codots.app/availability-by-product/buy/musifacts-europe-bv
G6R17PP-L;RUN17: Goliath 6 PurrPull, LEFT (Ormsby);1;https://codots.app/availability-by-product/buy/musifacts-europe-bv
G7R17SS;RUN17: Goliath 7 'Kris Xen Signature' Strawberry Storm (Ormsby);0;https://codots.app/availability-by-product/buy/musifacts-europe-bv
G7R17BS;RUN17: Goliath 7 Blue Sparkle (Ormsby);1;https://codots.app/availability-by-product/buy/musifacts-europe-bv
G7R17IC;RUN17: Goliath 7 Icy Cool (Ormsby);0;https://codots.app/availability-by-product/buy/musifacts-europe-bv
G7R17PL;RUN17: Goliath 7 Pine Lime (Ormsby);1;https://codots.app/availability-by-product/buy/musifacts-europe-bv
G8R17SS;RUN17: Goliath 8 'Kris Xen Signature' Strawberry Storm (Ormsby);0;https://codots.app/availability-by-product/buy/musifacts-europe-bv
G8R17BS;RUN17: Goliath 8 Blue Sparkle (Ormsby);0;https://codots.app/availability-by-product/buy/musifacts-europe-bv
G8R17RS;RUN17: Goliath 8 Red Sparkle (Ormsby);0;https://codots.app/availability-by-product/buy/musifacts-europe-bv
05-SUR-0062;1x12 PT-15 Cabinet, Black, Black grill, Creamback (Suhr);1;https://codots.app/availability-by-product/buy/musifacts-europe-bv
05-SUR-0071;2x12 Hombre Cabinet, Palomino Brown, Tan grill, V30 (Suhr);0;https://codots.app/availability-by-product/buy/musifacts-europe-bv
05-SUR-0060;2x12 PT-15 Cabinet, Black, Black grill, Celestion (Suhr);1;https://codots.app/availability-by-product/buy/musifacts-europe-bv
H8EU2SF;EU Ltd: Hype 8, Sky Fall (Ormsby);0;https://codots.app/availability-by-product/buy/musifacts-europe-bv
T6EU1BB;EU Ltd: TX Exotic 6-string, Blood Bath (Ormsby);1;https://codots.app/availability-by-product/buy/musifacts-europe-bv
T6EU1SF;EU Ltd: TX Exotic 6-string, Sky Fall (Ormsby);0;https://codots.app/availability-by-product/buy/musifacts-europe-bv
T7EU1BB;EU Ltd: TX Exotic 7-string, Blood Bath (Ormsby);0;https://codots.app/availability-by-product/buy/musifacts-europe-bv
T7EU1SF;EU Ltd: TX Exotic 7-string, Sky Fall (Ormsby);2;https://codots.app/availability-by-product/buy/musifacts-europe-bv
H7FST1GM;Factory Standard T1: Hype 7, Green Metallic (Ormsby);1;https://codots.app/availability-by-product/buy/musifacts-europe-bv
H6FST2BB;Factory Standard T2: Hype 6, Blood Bath (Ormsby);1;https://codots.app/availability-by-product/buy/musifacts-europe-bv
H7FST2NA;Factory Standard T2: Hype 7, Natural (Ormsby);1;https://codots.app/availability-by-product/buy/musifacts-europe-bv
H7FST2RD;Factory Standard T2: Hype 7, Trans Red (Ormsby);1;https://codots.app/availability-by-product/buy/musifacts-europe-bv
H7FST3BL;Factory Standard T3: Hype 7, Blue Burst (Ormsby);1;https://codots.app/availability-by-product/buy/musifacts-europe-bv
H6SS;GTR: Hype Shark 6-string Sunset (Ormsby);0;https://codots.app/availability-by-product/buy/musifacts-europe-bv
H7SS;GTR: Hype Shark 7-string Sunset (Ormsby);0;https://codots.app/availability-by-product/buy/musifacts-europe-bv
H8SC;GTR: Hype Shark 8-string Caribbean (Ormsby);0;https://codots.app/availability-by-product/buy/musifacts-europe-bv
H8SS;GTR: Hype Shark 8-string Sunset (Ormsby);0;https://codots.app/availability-by-product/buy/musifacts-europe-bv
02-HOM-0004;Hombre, Tube Combo 18W (UK), 240V (Suhr);1;https://codots.app/availability-by-product/buy/musifacts-europe-bv
02-HOM-0003;Hombre. Tube Combo 18W, 230V (Suhr);1;https://codots.app/availability-by-product/buy/musifacts-europe-bv
02-HOM-0008;Hombre. Tube Head 18W (UK), 240V (Suhr);1;https://codots.app/availability-by-product/buy/musifacts-europe-bv
02-HOM-0007;Hombre. Tube Head 18W, 230V (Suhr);1;https://codots.app/availability-by-product/buy/musifacts-europe-bv
07-FSW-0004;PT-100 SE MIDI Footswitch (Suhr);1;https://codots.app/availability-by-product/buy/musifacts-europe-bv
02-PT1-0004;PT-100. Pete Thorn Signature 100W, 230V (Suhr);1;https://codots.app/availability-by-product/buy/musifacts-europe-bv
02-PT1-0005;PT-100. Pete Thorn Signature, 100W (UK), 240V (Suhr);1;https://codots.app/availability-by-product/buy/musifacts-europe-bv
02-PT2-0005;PT-15 I.R. Pete Thorn Signature, 15W (UK), 240V (Suhr);1;https://codots.app/availability-by-product/buy/musifacts-europe-bv
02-PT2-0004;PT-15 I.R. Pete Thorn Signature, 15W, 230V (Suhr);0;https://codots.app/availability-by-product/buy/musifacts-europe-bv
02-PT3-0004;PT-15. Pete Thorn Signature, 15W (UK), 240V (Suhr);1;https://codots.app/availability-by-product/buy/musifacts-europe-bv
02-PT3-0003;PT-15. Pete Thorn Signature, 15W, 230V (Suhr);1;https://codots.app/availability-by-product/buy/musifacts-europe-bv
04-63P-0002;Pickup. V63+. Single Coil. Bridge. Black (Suhr);0;https://codots.app/availability-by-product/buy/musifacts-europe-bv
04-63P-0003;Pickup. V63+. Single Coil. Bridge. Parchment (Suhr);0;https://codots.app/availability-by-product/buy/musifacts-europe-bv
04-63P-0004;Pickup. V63+. Single Coil. Bridge. White (Suhr);1;https://codots.app/availability-by-product/buy/musifacts-europe-bv
04-63P-0006;Pickup. V63+. Single Coil. Middle. Black (Suhr);1;https://codots.app/availability-by-product/buy/musifacts-europe-bv
04-63P-0007;Pickup. V63+. Single Coil. Middle. Parchment (Suhr);1;https://codots.app/availability-by-product/buy/musifacts-europe-bv
H6R16IC;RUN16: Hype 6-string Icy Cool (Ormsby);0;https://codots.app/availability-by-product/buy/musifacts-europe-bv
H7R16IC;RUN16: Hype 7-string Icy Cool (Ormsby);1;https://codots.app/availability-by-product/buy/musifacts-europe-bv
H7R16PL;RUN16: Hype 7-string Pine Lime (Ormsby);0;https://codots.app/availability-by-product/buy/musifacts-europe-bv
H8R16DR;RUN16: Hype 8-string Dragon Burst (Ormsby);0;https://codots.app/availability-by-product/buy/musifacts-europe-bv
H8R16IC;RUN16: Hype 8-string Icy Cool (Ormsby);1;https://codots.app/availability-by-product/buy/musifacts-europe-bv
H8R16PL;RUN16: Hype 8-string Pine Lime (Ormsby);2;https://codots.app/availability-by-product/buy/musifacts-europe-bv
S6R16CH;RUN16: SX Carved Top 6-string, Chameleon (Ormsby);7;https://codots.app/availability-by-product/buy/musifacts-europe-bv
S6R16LA;RUN16: SX Carved Top 6-string, Lavender (Ormsby);7;https://codots.app/availability-by-product/buy/musifacts-europe-bv
S6R16WB;RUN16: SX Carved Top 6-string, White/Black (Ormsby);9;https://codots.app/availability-by-product/buy/musifacts-europe-bv
S7R16CH;RUN16: SX Carved Top 7-string, Chameleon (Ormsby);14;https://codots.app/availability-by-product/buy/musifacts-europe-bv
S7R16LA;RUN16: SX Carved Top 7-string, Lavender (Ormsby);10;https://codots.app/availability-by-product/buy/musifacts-europe-bv
S7R16SG;RUN16: SX Carved Top 7-string, Seafoam Green (Ormsby);12;https://codots.app/availability-by-product/buy/musifacts-europe-bv
S7R16WB;RUN16: SX Carved Top 7-string, White/Black (Ormsby);15;https://codots.app/availability-by-product/buy/musifacts-europe-bv
02-S67-0009;SL67 MkII. Hand-Wired Tube Head 50W (UK), 240V (Suhr);1;https://codots.app/availability-by-product/buy/musifacts-europe-bv
02-S67-0008;SL67 MkII. Hand-Wired Tube Head 50W, 230V (Suhr);1;https://codots.app/availability-by-product/buy/musifacts-europe-bv
02-S68-0009;SL68 MkII. Hand-Wired Tube Head 100W (UK), 240V (Suhr);1;https://codots.app/availability-by-product/buy/musifacts-europe-bv
02-S68-0008;SL68 MkII. Hand-Wired Tube Head 100W, 230V (Suhr);1;https://codots.app/availability-by-product/buy/musifacts-europe-bv
04-7HT-0001;Pickup. 7 Hot, 7-String Humbucker, Bridge, Black (Suhr);1;https://codots.app/availability-by-product/buy/musifacts-europe-bv
04-7HT-0005;Pickup. 7 Hot, 7-String Humbucker, Neck, Black (Suhr);1;https://codots.app/availability-by-product/buy/musifacts-europe-bv
04-7PL-0001;Pickup. 7 Plus, 7-String Humbucker, Bridge, Black (Suhr);1;https://codots.app/availability-by-product/buy/musifacts-europe-bv
04-ALD-0001;Pickup. Aldrich Humbucker, Bridge 50mm, Black (Suhr);1;https://codots.app/availability-by-product/buy/musifacts-europe-bv
04-ALD-0002;Pickup. Aldrich Humbucker, Bridge 50mm, Gold (Suhr);1;https://codots.app/availability-by-product/buy/musifacts-europe-bv
04-ALD-0003;Pickup. Aldrich Humbucker, Bridge 50mm, Nickel Chrome (Suhr);1;https://codots.app/availability-by-product/buy/musifacts-europe-bv
04-ALD-0004;Pickup. Aldrich Humbucker, Bridge 50mm, Parchment (Suhr);1;https://codots.app/availability-by-product/buy/musifacts-europe-bv
04-ALD-0005;Pickup. Aldrich Humbucker, Bridge 50mm, Raw Nickel (Suhr);0;https://codots.app/availability-by-product/buy/musifacts-europe-bv
04-ALD-0008;Pickup. Aldrich Humbucker, Bridge 50mm, Zebra (Suhr);0;https://codots.app/availability-by-product/buy/musifacts-europe-bv
04-ALD-0009;Pickup. Aldrich Humbucker, Bridge 53mm, Black (Suhr);1;https://codots.app/availability-by-product/buy/musifacts-europe-bv
04-ALD-0010;Pickup. Aldrich Humbucker, Bridge 53mm, Gold (Suhr);1;https://codots.app/availability-by-product/buy/musifacts-europe-bv
04-ALD-0011;Pickup. Aldrich Humbucker, Bridge 53mm, Nickel Chrome (Suhr);1;https://codots.app/availability-by-product/buy/musifacts-europe-bv
04-ALD-0012;Pickup. Aldrich Humbucker, Bridge 53mm, Parchment (Suhr);1;https://codots.app/availability-by-product/buy/musifacts-europe-bv
04-ALD-0013;Pickup. Aldrich Humbucker, Bridge 53mm, Raw Nickel (Suhr);0;https://codots.app/availability-by-product/buy/musifacts-europe-bv
04-ALD-0014;Pickup. Aldrich Humbucker, Bridge 53mm, Reverse Zebra (Suhr);1;https://codots.app/availability-by-product/buy/musifacts-europe-bv
04-ALD-0016;Pickup. Aldrich Humbucker, Bridge 53mm, Zebra (Suhr);1;https://codots.app/availability-by-product/buy/musifacts-europe-bv
04-ALD-0017;Pickup. Aldrich Humbucker, Neck 50mm, Black (Suhr);1;https://codots.app/availability-by-product/buy/musifacts-europe-bv
04-ALD-0018;Pickup. Aldrich Humbucker, Neck 50mm, Gold (Suhr);1;https://codots.app/availability-by-product/buy/musifacts-europe-bv
04-ALD-0019;Pickup. Aldrich Humbucker, Neck 50mm, Nickel Chrome (Suhr);3;https://codots.app/availability-by-product/buy/musifacts-europe-bv
04-ALD-0021;Pickup. Aldrich Humbucker, Neck 50mm, Raw Nickel (Suhr);0;https://codots.app/availability-by-product/buy/musifacts-europe-bv
04-ALD-0024;Pickup. Aldrich Humbucker, Neck 50mm, Zebra (Suhr);0;https://codots.app/availability-by-product/buy/musifacts-europe-bv
04-ASA-0008;Pickup. Asatobucker, Bridge 50mm, Zebra (Suhr);1;https://codots.app/availability-by-product/buy/musifacts-europe-bv
04-ASA-0011;Pickup. Asatobucker, Bridge 53mm, Nickel Chrome (Suhr);1;https://codots.app/availability-by-product/buy/musifacts-europe-bv
04-ASA-0012;Pickup. Asatobucker, Bridge 53mm, Parchment (Suhr);1;https://codots.app/availability-by-product/buy/musifacts-europe-bv
04-ASA-0014;Pickup. Asatobucker, Bridge 53mm, Reverse Zebra (Suhr);1;https://codots.app/availability-by-product/buy/musifacts-europe-bv
04-ASA-0015;Pickup. Asatobucker, Bridge 53mm, White (Suhr);1;https://codots.app/availability-by-product/buy/musifacts-europe-bv
04-CLJ-0003;Pickup. Classic J Vintage Bass, Bridge, Black (Suhr);1;https://codots.app/availability-by-product/buy/musifacts-europe-bv
04-CLJ-0004;Pickup. Classic J Vintage Bass, Neck, Black (Suhr);1;https://codots.app/availability-by-product/buy/musifacts-europe-bv
04-CLP-0001;Pickup. Classic P Vintage Bass, Black (Suhr);1;https://codots.app/availability-by-product/buy/musifacts-europe-bv
04-CLT-0001;Pickup. Classic T, Single Coil, Bridge. Black (Suhr);1;https://codots.app/availability-by-product/buy/musifacts-europe-bv
04-CLT-0002;Pickup. Classic T, Single Coil, Neck, Chrome (Suhr);1;https://codots.app/availability-by-product/buy/musifacts-europe-bv
04-CLT-0003;Pickup. Classic T, Single Coil, Neck, Gold (Suhr);1;https://codots.app/availability-by-product/buy/musifacts-europe-bv
04-DSP-0006;Pickup. DSV Plus, Vintage Humbucker, Bridge, 53mm, Black (Suhr);0;https://codots.app/availability-by-product/buy/musifacts-europe-bv
04-DSV-0001;Pickup. DSV, Vintage Humbucker, Bridge, 50mm, Black (Suhr);0;https://codots.app/availability-by-product/buy/musifacts-europe-bv
04-DSV-0005;Pickup. DSV, Vintage Humbucker, Bridge, 50mm, Zebra (Suhr);0;https://codots.app/availability-by-product/buy/musifacts-europe-bv
04-DSV-0006;Pickup. DSV, Vintage Humbucker, Bridge, 53mm, Black (Suhr);1;https://codots.app/availability-by-product/buy/musifacts-europe-bv
04-DSV-0007;Pickup. DSV, Vintage Humbucker, Bridge, 53mm, Parchment (Suhr);0;https://codots.app/availability-by-product/buy/musifacts-europe-bv
04-DSV-0011;Pickup. DSV, Vintage Humbucker, Neck, 50mm, Black (Suhr);0;https://codots.app/availability-by-product/buy/musifacts-europe-bv
04-DSV-0015;Pickup. DSV, Vintage Humbucker, Neck, 50mm, Zebra (Suhr);1;https://codots.app/availability-by-product/buy/musifacts-europe-bv
04-MAT-0001;Pickup. M.A.T. Single Coil T-Style, Bridge, Black (Suhr);0;https://codots.app/availability-by-product/buy/musifacts-europe-bv
04-MAT-0003;Pickup. M.A.T. Single Coil T-Style, Neck, Chrome (Suhr);0;https://codots.app/availability-by-product/buy/musifacts-europe-bv
04-MAT-0002;Pickup. M.A.T. Single Coil T-Style, Neck, Gold (Suhr);1;https://codots.app/availability-by-product/buy/musifacts-europe-bv
04-MLS-0004;Pickup. ML Standard. Single Coil. Bridge. White (Suhr);1;https://codots.app/availability-by-product/buy/musifacts-europe-bv
04-S90-0002;Pickup. S90, Single Coil, Bridge, Cream (Suhr);0;https://codots.app/availability-by-product/buy/musifacts-europe-bv
04-S90-0004;Pickup. S90, Single Coil, Middle, Cream (Suhr);1;https://codots.app/availability-by-product/buy/musifacts-europe-bv
04-S90-0005;Pickup. S90, Single Coil, Neck, Black (Suhr);0;https://codots.app/availability-by-product/buy/musifacts-europe-bv
04-63P-0008;Pickup. V63+. Single Coil. Middle. White (Suhr);1;https://codots.app/availability-by-product/buy/musifacts-europe-bv
04-63P-0010;Pickup. V63+. Single Coil. Neck. Black (Suhr);1;https://codots.app/availability-by-product/buy/musifacts-europe-bv
04-63P-0011;Pickup. V63+. Single Coil. Neck. Parchment (Suhr);0;https://codots.app/availability-by-product/buy/musifacts-europe-bv
04-63P-0012;Pickup. V63+. Single Coil. Neck. White (Suhr);1;https://codots.app/availability-by-product/buy/musifacts-europe-bv
04-S90-0008;Pickup. S90, Single Coil, Neck (Non-RWRP), Cream (Suhr);1;https://codots.app/availability-by-product/buy/musifacts-europe-bv
04-S90-0006;Pickup. S90, Single Coil, Neck, Cream (Suhr);1;https://codots.app/availability-by-product/buy/musifacts-europe-bv
04-SHP-0001;Pickup. SSH+, Hot Humbucker, Bridge 50mm, Black (Suhr);1;https://codots.app/availability-by-product/buy/musifacts-europe-bv
04-SHP-0005;Pickup. SSH+, Hot Humbucker, Bridge 50mm, Raw Nickel (Suhr);0;https://codots.app/availability-by-product/buy/musifacts-europe-bv
04-SHP-0007;Pickup. SSH+, Hot Humbucker, Bridge 50mm, White (Suhr);1;https://codots.app/availability-by-product/buy/musifacts-europe-bv
04-SHP-0009;Pickup. SSH+, Hot Humbucker, Bridge 53mm, Black (Suhr);1;https://codots.app/availability-by-product/buy/musifacts-europe-bv
04-SHP-0011;Pickup. SSH+, Hot Humbucker, Bridge 53mm, Nickel Chrome (Suhr);0;https://codots.app/availability-by-product/buy/musifacts-europe-bv
04-SHP-0013;Pickup. SSH+, Hot Humbucker, Bridge 53mm, Raw Nickel (Suhr);1;https://codots.app/availability-by-product/buy/musifacts-europe-bv
04-SHP-0015;Pickup. SSH+, Hot Humbucker, Bridge 53mm, White (Suhr);1;https://codots.app/availability-by-product/buy/musifacts-europe-bv
04-SHP-0016;Pickup. SSH+, Hot Humbucker, Bridge 53mm, Zebra (Suhr);0;https://codots.app/availability-by-product/buy/musifacts-europe-bv
04-SHP-0012;Pickup. SSH+, Humbucker, Bridge 53mm, Parchment (Suhr);0;https://codots.app/availability-by-product/buy/musifacts-europe-bv
04-SSH-0001;Pickup. SSH, Hot Humbucker, Bridge 50mm, Black (Suhr);1;https://codots.app/availability-by-product/buy/musifacts-europe-bv
04-SSH-0004;Pickup. SSH, Hot Humbucker, Bridge 50mm, Parchment (Suhr);1;https://codots.app/availability-by-product/buy/musifacts-europe-bv
04-SSH-0009;Pickup. SSH, Hot Humbucker, Bridge 53mm, Black (Suhr);1;https://codots.app/availability-by-product/buy/musifacts-europe-bv
04-SSH-0011;Pickup. SSH, Hot Humbucker, Bridge 53mm, Nickel Chrome (Suhr);1;https://codots.app/availability-by-product/buy/musifacts-europe-bv
04-SSH-0012;Pickup. SSH, Hot Humbucker, Bridge 53mm, Parchment (Suhr);1;https://codots.app/availability-by-product/buy/musifacts-europe-bv
04-SSH-0013;Pickup. SSH, Hot Humbucker, Bridge 53mm, Raw Nickel (Suhr);1;https://codots.app/availability-by-product/buy/musifacts-europe-bv
04-SSH-0015;Pickup. SSH, Hot Humbucker, Bridge 53mm, White (Suhr);1;https://codots.app/availability-by-product/buy/musifacts-europe-bv
04-SSH-0016;Pickup. SSH, Hot Humbucker, Bridge 53mm, Zebra (Suhr);0;https://codots.app/availability-by-product/buy/musifacts-europe-bv
04-SVP-0005;Pickup. SSV+, Humbucker, Bridge 50mm, Raw Nickel (Suhr);1;https://codots.app/availability-by-product/buy/musifacts-europe-bv
04-SVP-0009;Pickup. SSV+, Humbucker, Bridge 53mm, Black (Suhr);1;https://codots.app/availability-by-product/buy/musifacts-europe-bv
04-SVP-0010;Pickup. SSV+, Humbucker, Bridge 53mm, Gold (Suhr);0;https://codots.app/availability-by-product/buy/musifacts-europe-bv
04-SVP-0011;Pickup. SSV+, Humbucker, Bridge 53mm, Nickel Chrome (Suhr);0;https://codots.app/availability-by-product/buy/musifacts-europe-bv
04-SVP-0013;Pickup. SSV+, Humbucker, Bridge 53mm, Raw Nickel (Suhr);0;https://codots.app/availability-by-product/buy/musifacts-europe-bv
04-SVP-0015;Pickup. SSV+, Humbucker, Bridge 53mm, White (Suhr);1;https://codots.app/availability-by-product/buy/musifacts-europe-bv
04-SSV-0001;Pickup. SSV, Humbucker, Bridge 50mm, Black (Suhr);1;https://codots.app/availability-by-product/buy/musifacts-europe-bv
04-SSV-0003;Pickup. SSV, Humbucker, Bridge 50mm, Nickel Chrome (Suhr);1;https://codots.app/availability-by-product/buy/musifacts-europe-bv
04-SSV-0004;Pickup. SSV, Humbucker, Bridge 50mm, Parchment (Suhr);1;https://codots.app/availability-by-product/buy/musifacts-europe-bv
04-SSV-0009;Pickup. SSV, Humbucker, Bridge 53mm, Black (Suhr);1;https://codots.app/availability-by-product/buy/musifacts-europe-bv
04-SSV-0011;Pickup. SSV, Humbucker, Bridge 53mm, Nickel Chrome (Suhr);1;https://codots.app/availability-by-product/buy/musifacts-europe-bv
04-SSV-0012;Pickup. SSV, Humbucker, Bridge 53mm, Parchment (Suhr);0;https://codots.app/availability-by-product/buy/musifacts-europe-bv
04-SSV-0013;Pickup. SSV, Humbucker, Bridge 53mm, Raw Nickel (Suhr);0;https://codots.app/availability-by-product/buy/musifacts-europe-bv
04-SSV-0015;Pickup. SSV, Humbucker, Bridge 53mm, White (Suhr);0;https://codots.app/availability-by-product/buy/musifacts-europe-bv
04-SSV-0016;Pickup. SSV, Humbucker, Bridge 53mm, Zebra (Suhr);1;https://codots.app/availability-by-product/buy/musifacts-europe-bv
04-SSV-0017;Pickup. SSV, Humbucker, Neck 50mm, Black (Suhr);1;https://codots.app/availability-by-product/buy/musifacts-europe-bv
04-SSV-0019;Pickup. SSV, Humbucker, Neck 50mm, Nickel Chrome (Suhr);2;https://codots.app/availability-by-product/buy/musifacts-europe-bv
04-SSV-0020;Pickup. SSV, Humbucker, Neck 50mm, Parchment (Suhr);0;https://codots.app/availability-by-product/buy/musifacts-europe-bv
04-SSV-0021;Pickup. SSV, Humbucker, Neck 50mm, Raw Nickel (Suhr);1;https://codots.app/availability-by-product/buy/musifacts-europe-bv
04-SSV-0023;Pickup. SSV, Humbucker, Neck 50mm, White (Suhr);0;https://codots.app/availability-by-product/buy/musifacts-europe-bv
04-SSV-0024;Pickup. SSV, Humbucker, Neck 50mm, Zebra (Suhr);1;https://codots.app/availability-by-product/buy/musifacts-europe-bv
04-TB2-0001;Pickup. Thornbucker II, Bridge 50mm, Black (Suhr);1;https://codots.app/availability-by-product/buy/musifacts-europe-bv
04-TB2-0002;Pickup. Thornbucker II, Bridge 50mm, Gold (Suhr);0;https://codots.app/availability-by-product/buy/musifacts-europe-bv
04-TB2-0003;Pickup. Thornbucker II, Bridge 50mm, Nickel Chrome (Suhr);0;https://codots.app/availability-by-product/buy/musifacts-europe-bv
04-TB2-0004;Pickup. Thornbucker II, Bridge 50mm, Parchment (Suhr);1;https://codots.app/availability-by-product/buy/musifacts-europe-bv
04-TB2-0005;Pickup. Thornbucker II, Bridge 50mm, Raw Nickel (Suhr);1;https://codots.app/availability-by-product/buy/musifacts-europe-bv
04-TB2-0006;Pickup. Thornbucker II, Bridge 50mm, Reverse Zebra (Suhr);0;https://codots.app/availability-by-product/buy/musifacts-europe-bv
04-TB2-0007;Pickup. Thornbucker II, Bridge 50mm, White (Suhr);0;https://codots.app/availability-by-product/buy/musifacts-europe-bv
04-TB2-0008;Pickup. Thornbucker II, Bridge 50mm, Zebra (Suhr);1;https://codots.app/availability-by-product/buy/musifacts-europe-bv
04-TB2-0009;Pickup. Thornbucker II, Bridge 53mm, Black (Suhr);0;https://codots.app/availability-by-product/buy/musifacts-europe-bv
04-TB2-0010;Pickup. Thornbucker II, Bridge 53mm, Gold (Suhr);0;https://codots.app/availability-by-product/buy/musifacts-europe-bv
04-TB2-0011;Pickup. Thornbucker II, Bridge 53mm, Nickel Chrome (Suhr);1;https://codots.app/availability-by-product/buy/musifacts-europe-bv
04-TB2-0012;Pickup. Thornbucker II, Bridge 53mm, Parchment (Suhr);1;https://codots.app/availability-by-product/buy/musifacts-europe-bv
04-TB2-0013;Pickup. Thornbucker II, Bridge 53mm, Raw Nickel (Suhr);0;https://codots.app/availability-by-product/buy/musifacts-europe-bv
04-TB2-0014;Pickup. Thornbucker II, Bridge 53mm, Reverse Zebra (Suhr);1;https://codots.app/availability-by-product/buy/musifacts-europe-bv
04-TB2-0015;Pickup. Thornbucker II, Bridge 53mm, White (Suhr);0;https://codots.app/availability-by-product/buy/musifacts-europe-bv
04-TB2-0016;Pickup. Thornbucker II, Bridge 53mm, Zebra (Suhr);1;https://codots.app/availability-by-product/buy/musifacts-europe-bv
04-TBP-0001;Pickup. Thornbucker+, Bridge 50mm, Black (Suhr);1;https://codots.app/availability-by-product/buy/musifacts-europe-bv
04-TBP-0005;Pickup. Thornbucker+, Bridge 50mm, Raw Nickel (Suhr);1;https://codots.app/availability-by-product/buy/musifacts-europe-bv
04-TBP-0009;Pickup. Thornbucker+, Bridge 53mm, Black (Suhr);0;https://codots.app/availability-by-product/buy/musifacts-europe-bv
04-TBP-0010;Pickup. Thornbucker+, Bridge 53mm, Gold (Suhr);0;https://codots.app/availability-by-product/buy/musifacts-europe-bv
04-TBP-0012;Pickup. Thornbucker+, Bridge 53mm, Parchment (Suhr);1;https://codots.app/availability-by-product/buy/musifacts-europe-bv
04-TBP-0013;Pickup. Thornbucker+, Bridge 53mm, Raw Nickel (Suhr);0;https://codots.app/availability-by-product/buy/musifacts-europe-bv
04-TBP-0014;Pickup. Thornbucker+, Bridge 53mm, Reverse Zebra (Suhr);0;https://codots.app/availability-by-product/buy/musifacts-europe-bv
04-TBP-0015;Pickup. Thornbucker+, Bridge 53mm, White (Suhr);0;https://codots.app/availability-by-product/buy/musifacts-europe-bv
04-TBP-0016;Pickup. Thornbucker+, Bridge 53mm, Zebra (Suhr);0;https://codots.app/availability-by-product/buy/musifacts-europe-bv
04-TBK-0001;Pickup. Thornbucker, Bridge 50mm, Black (Suhr);1;https://codots.app/availability-by-product/buy/musifacts-europe-bv
04-TBK-0005;Pickup. Thornbucker, Bridge 50mm, Raw Nickel (Suhr);1;https://codots.app/availability-by-product/buy/musifacts-europe-bv
04-TBK-0007;Pickup. Thornbucker, Bridge 50mm, White (Suhr);0;https://codots.app/availability-by-product/buy/musifacts-europe-bv
04-TBK-0008;Pickup. Thornbucker, Bridge 50mm, Zebra (Suhr);1;https://codots.app/availability-by-product/buy/musifacts-europe-bv
04-TBK-0009;Pickup. Thornbucker, Bridge 53mm, Black (Suhr);1;https://codots.app/availability-by-product/buy/musifacts-europe-bv
04-TBK-0010;Pickup. Thornbucker, Bridge 53mm, Gold (Suhr);0;https://codots.app/availability-by-product/buy/musifacts-europe-bv
04-TBK-0011;Pickup. Thornbucker, Bridge 53mm, Nickel Chrome (Suhr);1;https://codots.app/availability-by-product/buy/musifacts-europe-bv
04-TBK-0012;Pickup. Thornbucker, Bridge 53mm, Parchment (Suhr);0;https://codots.app/availability-by-product/buy/musifacts-europe-bv
04-TBK-0013;Pickup. Thornbucker, Bridge 53mm, Raw Nickel (Suhr);0;https://codots.app/availability-by-product/buy/musifacts-europe-bv
04-TBK-0015;Pickup. Thornbucker, Bridge 53mm, White (Suhr);1;https://codots.app/availability-by-product/buy/musifacts-europe-bv
04-TBK-0016;Pickup. Thornbucker, Bridge 53mm, Zebra (Suhr);1;https://codots.app/availability-by-product/buy/musifacts-europe-bv
04-TBK-0017;Pickup. Thornbucker, Neck 50mm, Black (Suhr);1;https://codots.app/availability-by-product/buy/musifacts-europe-bv
04-TBK-0019;Pickup. Thornbucker, Neck 50mm, Nickel Chrome (Suhr);0;https://codots.app/availability-by-product/buy/musifacts-europe-bv
04-TBK-0021;Pickup. Thornbucker, Neck 50mm, Raw Nickel (Suhr);1;https://codots.app/availability-by-product/buy/musifacts-europe-bv
04-TBK-0023;Pickup. Thornbucker, Neck 50mm, White (Suhr);1;https://codots.app/availability-by-product/buy/musifacts-europe-bv
04-TBK-0024;Pickup. Thornbucker, Neck 50mm, Zebra (Suhr);1;https://codots.app/availability-by-product/buy/musifacts-europe-bv
04-V60-0003;Pickup. V60. Single Coil Pickup. Bridge. Parchment (Suhr);1;https://codots.app/availability-by-product/buy/musifacts-europe-bv
04-V60-0004;Pickup. V60. Single Coil Pickup. Bridge. White (Suhr);1;https://codots.app/availability-by-product/buy/musifacts-europe-bv
04-V60-0008;Pickup. V60. Single Coil Pickup. Middle RWRP. White (Suhr);1;https://codots.app/availability-by-product/buy/musifacts-europe-bv
04-V60-0010;Pickup. V60. Single Coil Pickup. Neck. Black (Suhr);1;https://codots.app/availability-by-product/buy/musifacts-europe-bv
04-V60-0012;Pickup. V60. Single Coil Pickup. Neck. White (Suhr);1;https://codots.app/availability-by-product/buy/musifacts-europe-bv
04-V60-0007;Pickup. V60. Single Coil. Middle. Parchment (Suhr);1;https://codots.app/availability-by-product/buy/musifacts-europe-bv
04-V60-0011;Pickup. V60. Single Coil. Neck. Parchment (Suhr);0;https://codots.app/availability-by-product/buy/musifacts-europe-bv
04-V63-0002;Pickup. V63 Single Coil. Bridge. Black (Suhr);1;https://codots.app/availability-by-product/buy/musifacts-europe-bv
04-V63-0003;Pickup. V63 Single Coil. Bridge. Parchment (Suhr);0;https://codots.app/availability-by-product/buy/musifacts-europe-bv
04-V63-0006;Pickup. V63 Single Coil. Middle. Black (Suhr);1;https://codots.app/availability-by-product/buy/musifacts-europe-bv
04-V63-0007;Pickup. V63 Single Coil. Middle. Parchment (Suhr);1;https://codots.app/availability-by-product/buy/musifacts-europe-bv
04-V63-0008;Pickup. V63 Single Coil. Middle. White (Suhr);0;https://codots.app/availability-by-product/buy/musifacts-europe-bv
04-V63-0010;Pickup. V63 Single Coil. Neck. Black (Suhr);1;https://codots.app/availability-by-product/buy/musifacts-europe-bv
04-V63-0011;Pickup. V63 Single Coil. Neck. Parchment (Suhr);1;https://codots.app/availability-by-product/buy/musifacts-europe-bv
04-V63-0012;Pickup. V63 Single Coil. Neck. White (Suhr);0;https://codots.app/availability-by-product/buy/musifacts-europe-bv
04-V70-0003;Pickup. V70. Single Coil. Bridge. Parchment (Suhr);1;https://codots.app/availability-by-product/buy/musifacts-europe-bv
04-V70-0004;Pickup. V70. Single Coil. Bridge. White (Suhr);0;https://codots.app/availability-by-product/buy/musifacts-europe-bv
04-V70-0006;Pickup. V70. Single Coil. Middle. Black (Suhr);0;https://codots.app/availability-by-product/buy/musifacts-europe-bv
04-V70-0007;Pickup. V70. Single Coil. Middle. Parchment (Suhr);0;https://codots.app/availability-by-product/buy/musifacts-europe-bv
05-SUR-0052;1x12 Badger Cabinet. Graphite, Black/Silver Grill, V30 (Suhr);1;https://codots.app/availability-by-product/buy/musifacts-europe-bv
05-SUR-0019;1x12 Cabinet, Black, Gold Grill, No speaker (Suhr);1;https://codots.app/availability-by-product/buy/musifacts-europe-bv
05-SUR-0046;2x12 Cabinet, Black, Black Grill, No speaker (Suhr);1;https://codots.app/availability-by-product/buy/musifacts-europe-bv
05-SUR-0039;2x12 Cabinet. Black, Gold grill, Veteran 30 (Suhr);1;https://codots.app/availability-by-product/buy/musifacts-europe-bv
05-SUR-0032;2x12 Deep Cabinet, Black, Black Grill. No speaker (Suhr);1;https://codots.app/availability-by-product/buy/musifacts-europe-bv
05-SUR-0033;2x12 Deep Cabinet, Black, Gold Grill, No speaker (Suhr);1;https://codots.app/availability-by-product/buy/musifacts-europe-bv
05-SUR-0024;2x12 Deep Cabinet, Black, Gold grill, Veteran 30 (Suhr);1;https://codots.app/availability-by-product/buy/musifacts-europe-bv
05-SUR-0025;2x12 Deep Cabinet. Black, Gold grill, V30 (Suhr);1;https://codots.app/availability-by-product/buy/musifacts-europe-bv
05-SUR-0031;2x12 Deep Cabinet. PT100, Black, Black grill, Creamback (Suhr);1;https://codots.app/availability-by-product/buy/musifacts-europe-bv
05-SUR-0047;2x12 Speaker Cabinet. Black tolex. Gold Grill. No speaker (Suhr);1;https://codots.app/availability-by-product/buy/musifacts-europe-bv
05-SUR-0070;4x12 PT100 Cabinet, Black, Black grill (Suhr);1;https://codots.app/availability-by-product/buy/musifacts-europe-bv
06-CAS-0004;Deluxe Hardshell Case, Brown, Classic S (Suhr);1;https://codots.app/availability-by-product/buy/musifacts-europe-bv
SWG-0052;Flexfit Delta Cap (S/M) (Suhr);1;https://codots.app/availability-by-product/buy/musifacts-europe-bv
04-VLP-0003;Pickup. V60 LP. Single Coil. Bridge. Parchment (Suhr);0;https://codots.app/availability-by-product/buy/musifacts-europe-bv
04-VLP-0007;Pickup. V60 LP. Single Coil. Middle. Parchment (Suhr);1;https://codots.app/availability-by-product/buy/musifacts-europe-bv
04-VLP-0011;Pickup. V60 LP. Single Coil. Neck. Parchment (Suhr);0;https://codots.app/availability-by-product/buy/musifacts-europe-bv
04-V70-0008;Pickup. V70. Single Coil. Middle. White (Suhr);0;https://codots.app/availability-by-product/buy/musifacts-europe-bv
04-V70-0010;Pickup. V70. Single Coil. Neck. Black (Suhr);0;https://codots.app/availability-by-product/buy/musifacts-europe-bv
04-V70-0011;Pickup. V70. Single Coil. Neck. Parchment (Suhr);0;https://codots.app/availability-by-product/buy/musifacts-europe-bv
04-V70-0012;Pickup. V70. Single Coil. Neck. White (Suhr);0;https://codots.app/availability-by-product/buy/musifacts-europe-bv
04-WBK-0001;Pickup. Woodbucker, Bridge 50mm, Black (Suhr);1;https://codots.app/availability-by-product/buy/musifacts-europe-bv
04-WBK-0002;Pickup. Woodbucker, Bridge 50mm, Gold (Suhr);0;https://codots.app/availability-by-product/buy/musifacts-europe-bv
04-WBK-0003;Pickup. Woodbucker, Bridge 50mm, Nickel Chrome (Suhr);0;https://codots.app/availability-by-product/buy/musifacts-europe-bv
04-WBK-0004;Pickup. Woodbucker, Bridge 50mm, Parchment (Suhr);0;https://codots.app/availability-by-product/buy/musifacts-europe-bv
04-WBK-0005;Pickup. Woodbucker, Bridge 50mm, Raw Nickel (Suhr);0;https://codots.app/availability-by-product/buy/musifacts-europe-bv
04-WBK-0006;Pickup. Woodbucker, Bridge 50mm, Reverse Zebra (Suhr);0;https://codots.app/availability-by-product/buy/musifacts-europe-bv
04-WBK-0007;Pickup. Woodbucker, Bridge 50mm, White (Suhr);0;https://codots.app/availability-by-product/buy/musifacts-europe-bv
04-WBK-0008;Pickup. Woodbucker, Bridge 50mm, Zebra (Suhr);0;https://codots.app/availability-by-product/buy/musifacts-europe-bv
04-WBK-0009;Pickup. Woodbucker, Bridge 53mm, Black (Suhr);1;https://codots.app/availability-by-product/buy/musifacts-europe-bv
04-WBK-0010;Pickup. Woodbucker, Bridge 53mm, Gold (Suhr);0;https://codots.app/availability-by-product/buy/musifacts-europe-bv
04-WBK-0011;Pickup. Woodbucker, Bridge 53mm, Nickel Chrome (Suhr);0;https://codots.app/availability-by-product/buy/musifacts-europe-bv
04-WBK-0012;Pickup. Woodbucker, Bridge 53mm, Parchment (Suhr);0;https://codots.app/availability-by-product/buy/musifacts-europe-bv
04-WBK-0013;Pickup. Woodbucker, Bridge 53mm, Raw Nickel (Suhr);0;https://codots.app/availability-by-product/buy/musifacts-europe-bv
04-WBK-0014;Pickup. Woodbucker, Bridge 53mm, Reverse Zebra (Suhr);0;https://codots.app/availability-by-product/buy/musifacts-europe-bv
04-WBK-0015;Pickup. Woodbucker, Bridge 53mm, White (Suhr);0;https://codots.app/availability-by-product/buy/musifacts-europe-bv
04-WBK-0016;Pickup. Woodbucker, Bridge 53mm, Zebra (Suhr);0;https://codots.app/availability-by-product/buy/musifacts-europe-bv
04-WBK-0017;Pickup. Woodbucker, Neck 50mm, Black (Suhr);1;https://codots.app/availability-by-product/buy/musifacts-europe-bv
04-WBK-0018;Pickup. Woodbucker, Neck 50mm, Gold (Suhr);0;https://codots.app/availability-by-product/buy/musifacts-europe-bv
04-WBK-0019;Pickup. Woodbucker, Neck 50mm, Nickel Chrome (Suhr);0;https://codots.app/availability-by-product/buy/musifacts-europe-bv
04-WBK-0020;Pickup. Woodbucker, Neck 50mm, Parchment (Suhr);0;https://codots.app/availability-by-product/buy/musifacts-europe-bv
04-WBK-0021;Pickup. Woodbucker, Neck 50mm, Raw Nickel (Suhr);0;https://codots.app/availability-by-product/buy/musifacts-europe-bv
04-WBK-0022;Pickup. Woodbucker, Neck 50mm, Reverse Zebra (Suhr);0;https://codots.app/availability-by-product/buy/musifacts-europe-bv
04-WBK-0023;Pickup. Woodbucker, Neck 50mm, White (Suhr);0;https://codots.app/availability-by-product/buy/musifacts-europe-bv
04-WBK-0024;Pickup. Woodbucker, Neck 50mm, Zebra (Suhr);0;https://codots.app/availability-by-product/buy/musifacts-europe-bv
04-WSH-0001;Pickup. Woodshed, Single Coil T-Style, Bridge, Black (Suhr);1;https://codots.app/availability-by-product/buy/musifacts-europe-bv
04-WSH-0002;Pickup. Woodshed, Single Coil T-Style, Neck, Raw Nickel (Suhr);1;https://codots.app/availability-by-product/buy/musifacts-europe-bv
SWG-0003;T-Shirt, Mens Crew, Logo, Black (L) (Suhr);1;https://codots.app/availability-by-product/buy/musifacts-europe-bv
SWG-0002;T-Shirt, Mens Crew, Logo, Black (M) (Suhr);1;https://codots.app/availability-by-product/buy/musifacts-europe-bv
SWG-0004;T-Shirt, Mens Crew, Logo, Black (XL) (Suhr);1;https://codots.app/availability-by-product/buy/musifacts-europe-bv
SWG-0016;T-Shirt, Unisex, Logo, Black (XL) (Suhr);1;https://codots.app/availability-by-product/buy/musifacts-europe-bv
07-SLP-0010;1x12 Cabinet Cover, Black Nylon (Suhr);1;https://codots.app/availability-by-product/buy/musifacts-europe-bv
07-SLP-0008;2x12 Cabinet Cover, Black Nylon (Suhr);1;https://codots.app/availability-by-product/buy/musifacts-europe-bv
07-SLP-0009;2x12 Deep Cabinet Cover, Black Nylon (Suhr);1;https://codots.app/availability-by-product/buy/musifacts-europe-bv
RS-BM12P;BM.12 PRO/M (Red Sound);1;https://codots.app/availability-by-product/buy/musifacts-europe-bv
MC-XX10;Classic, Microphone 10 ft. XLR (600500) (Monster);1;https://codots.app/availability-by-product/buy/musifacts-europe-bv
MC-XX100;Classic, Microphone 100 ft. XLR (60013) (Monster);1;https://codots.app/availability-by-product/buy/musifacts-europe-bv
MC-XX20;Classic, Microphone 20 ft. XLR (600501) (Monster);1;https://codots.app/availability-by-product/buy/musifacts-europe-bv
MC-XX30;Classic, Microphone 30 ft. XLR (600502) (Monster);1;https://codots.app/availability-by-product/buy/musifacts-europe-bv
MC-XX5;Classic, Microphone 5 ft. XLR (60001) (Monster);1;https://codots.app/availability-by-product/buy/musifacts-europe-bv
MC-XX50;Classic, Microphone 50 ft. XLR (60012) (Monster);1;https://codots.app/availability-by-product/buy/musifacts-europe-bv
MC-SP25;Classic, Speaker 25 ft. - straight 1/4" plugs (600505) (Monster);1;https://codots.app/availability-by-product/buy/musifacts-europe-bv
MC-SP3;Classic, Speaker 3 ft. - straight 1/4" plugs (600503) (Monster);1;https://codots.app/availability-by-product/buy/musifacts-europe-bv
06-CAS-0012;Deluxe Gigbag - Bass (Suhr);1;https://codots.app/availability-by-product/buy/musifacts-europe-bv
06-CAS-0008;Deluxe Hardshell Case, Brown, Modern (Suhr);1;https://codots.app/availability-by-product/buy/musifacts-europe-bv
RS-E8A;ELIS.8 Active (Red Sound);1;https://codots.app/availability-by-product/buy/musifacts-europe-bv
RS-E8P;ELIS.8 PRO/M (Red Sound);1;https://codots.app/availability-by-product/buy/musifacts-europe-bv
RS-E8;ELIS.8 Passive (Red Sound);1;https://codots.app/availability-by-product/buy/musifacts-europe-bv
06-CAS-0019;Hardshell Case Black, Classic T (Suhr);1;https://codots.app/availability-by-product/buy/musifacts-europe-bv
06-CAS-0022;Hardshell Case Black, Modern (Suhr);1;https://codots.app/availability-by-product/buy/musifacts-europe-bv
06-CAS-0025;Hardshell Case Black, Standard Plus (Suhr);0;https://codots.app/availability-by-product/buy/musifacts-europe-bv
06-CAS-0026;Hardshell Case Black, Standard Plus, Lefty (Suhr);1;https://codots.app/availability-by-product/buy/musifacts-europe-bv
07-SLP-0007;Hedgehog Amp Head Cover, Black Nylon (Suhr);1;https://codots.app/availability-by-product/buy/musifacts-europe-bv
07-ILO-0001;ISO Line Out Box (Suhr);2;https://codots.app/availability-by-product/buy/musifacts-europe-bv
RS-MF10A;MF.10 Active (Red Sound);1;https://codots.app/availability-by-product/buy/musifacts-europe-bv
RS-MF10P;MF.10 PRO/M (Red Sound);1;https://codots.app/availability-by-product/buy/musifacts-europe-bv
RS-MF10;MF.10 Passive (Red Sound);1;https://codots.app/availability-by-product/buy/musifacts-europe-bv
07-MMX-0001;Mini Mix II (Suhr);1;https://codots.app/availability-by-product/buy/musifacts-europe-bv
07-SLP-0006;PT Head Amp Cover, Black Nylon (Suhr);1;https://codots.app/availability-by-product/buy/musifacts-europe-bv
MP-XX10;Performer 600, Microphone 10 ft. XLR (600569) (Monster);1;https://codots.app/availability-by-product/buy/musifacts-europe-bv
MP-XX100;Performer 600, Microphone 100 ft. XLR (60015) (Monster);1;https://codots.app/availability-by-product/buy/musifacts-europe-bv
MP-XX20;Performer 600, Microphone 20 ft. XLR (600570) (Monster);1;https://codots.app/availability-by-product/buy/musifacts-europe-bv
MP-XX30;Performer 600, Microphone 30 ft. XLR (600571) (Monster);1;https://codots.app/availability-by-product/buy/musifacts-europe-bv
MP-XX5;Performer 600, Microphone 5 ft. XLR (600568) (Monster);1;https://codots.app/availability-by-product/buy/musifacts-europe-bv
MP-XX50;Performer 600, Microphone 50 ft. XLR (60014) (Monster);1;https://codots.app/availability-by-product/buy/musifacts-europe-bv
SPG-BAKE;Pickguard, Painted Bakelite, Classic T, HH/SSS/HSH (Suhr);1;https://codots.app/availability-by-product/buy/musifacts-europe-bv
SPG-PEARL;Pickguard, Pearloid, Classic S, HH/SSS/HSH (Suhr);0;https://codots.app/availability-by-product/buy/musifacts-europe-bv
SPG-SOLID;Pickguard, Solid Color, HH/SSS/HSH (Suhr);1;https://codots.app/availability-by-product/buy/musifacts-europe-bv
SPG-TORT;Pickguard, Tortoise, HH/SSS/HSH (Suhr);1;https://codots.app/availability-by-product/buy/musifacts-europe-bv
RS-RK8;RK8 Stage Cab (Red Sound);1;https://codots.app/availability-by-product/buy/musifacts-europe-bv
RS-RS12P;RS 12 PRO/M (Red Sound);1;https://codots.app/availability-by-product/buy/musifacts-europe-bv
07-RCL-0001;Reactive Load Box. Recording Interface (Suhr);0;https://codots.app/availability-by-product/buy/musifacts-europe-bv
07-RCL-0003;Reactive Load IR (Suhr);0;https://codots.app/availability-by-product/buy/musifacts-europe-bv
MS-XX10;Studio Pro 2000, Microphone 10 ft. XLR (600573) (Monster);1;https://codots.app/availability-by-product/buy/musifacts-europe-bv
MS-XX100;Studio Pro 2000, Microphone 100 ft. XLR (60017) (Monster);1;https://codots.app/availability-by-product/buy/musifacts-europe-bv
MS-XX20;Studio Pro 2000, Microphone 20 ft. XLR (60002) (Monster);1;https://codots.app/availability-by-product/buy/musifacts-europe-bv
MS-XX30;Studio Pro 2000, Microphone 30 ft. XLR (600574) (Monster);1;https://codots.app/availability-by-product/buy/musifacts-europe-bv
MS-XX5;Studio Pro 2000, Microphone 5 ft. XLR (600572) (Monster);1;https://codots.app/availability-by-product/buy/musifacts-europe-bv
MS-XX50;Studio Pro 2000, Microphone 50 ft. XLR (60016) (Monster);1;https://codots.app/availability-by-product/buy/musifacts-europe-bv
CVC-0036;Tremolo Cavity Cover, Solid Color (Suhr);1;https://codots.app/availability-by-product/buy/musifacts-europe-bv
07-MMC-0001;micro MIDI Control (Suhr);1;https://codots.app/availability-by-product/buy/musifacts-europe-bv
05-SUR-0037;2x12 Cabinet, Black, Black grill, Veteran 30 speakers (Suhr);1;https://codots.app/availability-by-product/buy/musifacts-europe-bv
05-SUR-0022;2x12 Deep Cabinet. Black, Black grill, Veteran 30 (Suhr);1;https://codots.app/availability-by-product/buy/musifacts-europe-bv
MA-RS12;Acoustic 12 ft. - angled to straight 1/4” plugs (600557) (Monster);1;https://codots.app/availability-by-product/buy/musifacts-europe-bv
MA-SS12;Acoustic 12 ft. - straight 1/4” plugs (600556) (Monster);1;https://codots.app/availability-by-product/buy/musifacts-europe-bv
MA-RS21;Acoustic 21 ft. - angled to straight 1/4” plugs (600559) (Monster);1;https://codots.app/availability-by-product/buy/musifacts-europe-bv
MA-SS21;Acoustic 21 ft. - straight 1/4” plugs (600558) (Monster);1;https://codots.app/availability-by-product/buy/musifacts-europe-bv
MA-RR08;Acoustic 8 in. - angled 1/4” plugs (600552) (Monster);1;https://codots.app/availability-by-product/buy/musifacts-europe-bv
SL0002;All Star (GS0109OR04BL) (Souldier);0;https://codots.app/availability-by-product/buy/musifacts-europe-bv
SL0001;Argus - Black (GS0489BK04BK) (Souldier);0;https://codots.app/availability-by-product/buy/musifacts-europe-bv
SL0003;Barstow (GS0197BR04DB) (Souldier);1;https://codots.app/availability-by-product/buy/musifacts-europe-bv
SL0004;Braveheart (GS0251NM05WB) (Souldier);1;https://codots.app/availability-by-product/buy/musifacts-europe-bv
MC-SS12;Classic 12 ft. - straight 1/4" plugs (600494) (Monster);1;https://codots.app/availability-by-product/buy/musifacts-europe-bv
MC-RS21;Classic 21 ft. - angled to straight 1/4" plugs (600497) (Monster);0;https://codots.app/availability-by-product/buy/musifacts-europe-bv
MC-CC21;Classic 21 ft. - coiled cable - black (600499) (Monster);0;https://codots.app/availability-by-product/buy/musifacts-europe-bv
MC-SS21;Classic 21 ft. - straight 1/4" plugs (600496) (Monster);0;https://codots.app/availability-by-product/buy/musifacts-europe-bv
MC-SS3;Classic 3 ft. - straight 1/4" plugs (600642) (Monster);1;https://codots.app/availability-by-product/buy/musifacts-europe-bv
MC-SS6;Classic 6 ft. - straight 1/4" plugs (600645) (Monster);1;https://codots.app/availability-by-product/buy/musifacts-europe-bv
MC-RR08;Classic 8 in. - angled 1/4” plugs (600493) (Monster);1;https://codots.app/availability-by-product/buy/musifacts-europe-bv
MC-SP6;Classic, Speaker 6 ft. - straight 1/4" plugs (600504) (Monster);1;https://codots.app/availability-by-product/buy/musifacts-europe-bv
SL0071;Owls - Olive (GS0151OD02OL) (Souldier);0;https://codots.app/availability-by-product/buy/musifacts-europe-bv
SL0072;Peace Dove - Black (GS0343BK02BK) (Souldier);1;https://codots.app/availability-by-product/buy/musifacts-europe-bv
MP-SP10S;Performer 600, Speaker 10 ft. - Speak-On (60005) (Monster);1;https://codots.app/availability-by-product/buy/musifacts-europe-bv
MP-SP12F;Performer 600, Speaker 12 ft. - Faston (60008) (Monster);1;https://codots.app/availability-by-product/buy/musifacts-europe-bv
MP-SP12;Performer 600, Speaker 12 ft. - straight 1/4" plugs (60004) (Monster);1;https://codots.app/availability-by-product/buy/musifacts-europe-bv
MP-SP20S;Performer 600, Speaker 20 ft. - Speak-On (VMP60006) (Monster);1;https://codots.app/availability-by-product/buy/musifacts-europe-bv
MP-SP3;Performer 600, Speaker 3 ft. - straight 1/4" plugs (600581) (Monster);1;https://codots.app/availability-by-product/buy/musifacts-europe-bv
MP-SP30;Performer 600, Speaker 30 ft. - straight 1/4" plugs (600585) (Monster);1;https://codots.app/availability-by-product/buy/musifacts-europe-bv
MP-SP6F;Performer 600, Speaker 6 ft. - Faston (60007) (Monster);1;https://codots.app/availability-by-product/buy/musifacts-europe-bv
MP-SP6S;Performer 600, Speaker 6 ft. - Speak-On (600509) (Monster);1;https://codots.app/availability-by-product/buy/musifacts-europe-bv
MP-SP6;Performer 600, Speaker 6 ft. - straight 1/4" plugs (600582) (Monster);1;https://codots.app/availability-by-product/buy/musifacts-europe-bv
MP-SP3F;Performer 600, Speakon 3 ft. - Faston (600510) (Monster);1;https://codots.app/availability-by-product/buy/musifacts-europe-bv
04-SHP-0008;Pickup. SSH+, Hot Humbucker, Bridge 50mm, Zebra (Suhr);0;https://codots.app/availability-by-product/buy/musifacts-europe-bv
MR-SS21;Rock 21 ft. - straight 1/4” plugs (600542) (Monster);1;https://codots.app/availability-by-product/buy/musifacts-europe-bv
MR-SS3;Rock 3 ft. - straight 1/4” plugs (600625) (Monster);1;https://codots.app/availability-by-product/buy/musifacts-europe-bv
MR-SS6;Rock 6 ft. - straight 1/4” plugs (600626) (Monster);1;https://codots.app/availability-by-product/buy/musifacts-europe-bv
MR-RR08;Rock 8 in. - angled 1/4” plugs (600536) (Monster);1;https://codots.app/availability-by-product/buy/musifacts-europe-bv
SL0073;Stained Glass - Blue (GS0177WH02WH) (Souldier);0;https://codots.app/availability-by-product/buy/musifacts-europe-bv
SL0074;Stained Glass - Red (GS0178WH02WH) (Souldier);1;https://codots.app/availability-by-product/buy/musifacts-europe-bv
MS-SP20S;Studio Pro 2000,  Speaker 20 ft. - Speak-On (60011) (Monster);1;https://codots.app/availability-by-product/buy/musifacts-europe-bv
MS-SP10S;Studio Pro 2000, Speaker 10 ft. - Speak-On (60010) (Monster);1;https://codots.app/availability-by-product/buy/musifacts-europe-bv
MS-SP12;Studio Pro 2000, Speaker 12 ft. - straight 1/4" plugs (60009) (Monster);1;https://codots.app/availability-by-product/buy/musifacts-europe-bv
MS-SP3S;Studio Pro 2000, Speaker 3 ft. - Speak-On (600507) (Monster);1;https://codots.app/availability-by-product/buy/musifacts-europe-bv
MS-SP6S;Studio Pro 2000, Speaker 6 ft. - Speak-On (600508) (Monster);1;https://codots.app/availability-by-product/buy/musifacts-europe-bv
MS-SP6;Studio Pro 2000, Speaker 6 ft. - straight 1/4" plugs (600577) (Monster);1;https://codots.app/availability-by-product/buy/musifacts-europe-bv
SL0075;Tulip (Lennon) - Rooftop  (GS1069BK02BK) (Souldier);0;https://codots.app/availability-by-product/buy/musifacts-europe-bv
SL0076;Tulip - Turquoise/Gold (GS1072NM02WB) (Souldier);1;https://codots.app/availability-by-product/buy/musifacts-europe-bv
SL0077;Woodstock - Blue (GS0912NV02NV) (Souldier);0;https://codots.app/availability-by-product/buy/musifacts-europe-bv
SL0078;Woodstock - Coral (GS0187BD02BD) (Souldier);0;https://codots.app/availability-by-product/buy/musifacts-europe-bv
SL0079;Woodstock - Gold (GS0296NM01WB) (Souldier);0;https://codots.app/availability-by-product/buy/musifacts-europe-bv
SL0080;Woodstock - Red (GS0295BK02BK) (Souldier);0;https://codots.app/availability-by-product/buy/musifacts-europe-bv
SL0044;Anja (GS0791NM05WB) (Souldier);0;https://codots.app/availability-by-product/buy/musifacts-europe-bv
SL0035;Arabesque - Red (GS0397OD01OL) (Souldier);1;https://codots.app/availability-by-product/buy/musifacts-europe-bv
SL0036;Arabesque - Turquoise (GS0395BK02NV) (Souldier);0;https://codots.app/availability-by-product/buy/musifacts-europe-bv
SL0055;Bohemian - Natural (GS0127NM02WB) (Souldier);0;https://codots.app/availability-by-product/buy/musifacts-europe-bv
SL0056;Clapton - White (GS0278BK02BK) (Souldier);0;https://codots.app/availability-by-product/buy/musifacts-europe-bv
SL0057;Daisy - Maroon (GS0085OD02OL) (Souldier);0;https://codots.app/availability-by-product/buy/musifacts-europe-bv
SL0059;Dresden Star - Black (GS0226BK04BK) (Souldier);0;https://codots.app/availability-by-product/buy/musifacts-europe-bv
SL0060;Dresden Star - Cinnamon (GS0407NM02WB) (Souldier);1;https://codots.app/availability-by-product/buy/musifacts-europe-bv
SL0061;Dresden Star - Grey (GS0408BK02BK) (Souldier);0;https://codots.app/availability-by-product/buy/musifacts-europe-bv
SL0045;Freesia - Brown (GS0256NM05WB) (Souldier);1;https://codots.app/availability-by-product/buy/musifacts-europe-bv
SL0048;Gardenia (GS0922BK01BK) (Souldier);0;https://codots.app/availability-by-product/buy/musifacts-europe-bv
SL0063;Greenwich - Tan (GS0301BK02BK) (Souldier);1;https://codots.app/availability-by-product/buy/musifacts-europe-bv
SL0064;Greenwich - Yellow (GS0944BK02BK) (Souldier);1;https://codots.app/availability-by-product/buy/musifacts-europe-bv
SL0065;Hendrix - Black (GS0013BK02BK) (Souldier);0;https://codots.app/availability-by-product/buy/musifacts-europe-bv
SL0066;Hendrix - Blue (GS0014NV02NV) (Souldier);0;https://codots.app/availability-by-product/buy/musifacts-europe-bv
SL0067;Hendrix - Maroon (GS0017BD01BD) (Souldier);1;https://codots.app/availability-by-product/buy/musifacts-europe-bv
SL0068;Hendrix - Tobacco (GS0876NM02WB) (Souldier);1;https://codots.app/availability-by-product/buy/musifacts-europe-bv
SL0018;Knievel (GS1096RD04WH) (Souldier);0;https://codots.app/availability-by-product/buy/musifacts-europe-bv
SL0049;Koi (GS0094DR05BK) (Souldier);0;https://codots.app/availability-by-product/buy/musifacts-europe-bv
SL0019;Lightning Bolt - Navy (GS0119NV04NV) (Souldier);1;https://codots.app/availability-by-product/buy/musifacts-europe-bv
SL0020;Lummi (GS0110BK04BK) (Souldier);1;https://codots.app/availability-by-product/buy/musifacts-europe-bv
SL0021;Madrid - Burgundy (GS0816BD04BD) (Souldier);1;https://codots.app/availability-by-product/buy/musifacts-europe-bv
SL0022;Madrid - Orange (GS0817CH04BK) (Souldier);0;https://codots.app/availability-by-product/buy/musifacts-europe-bv
SL0023;Madrid - Pewter (GS1201BK04BK) (Souldier);0;https://codots.app/availability-by-product/buy/musifacts-europe-bv
SL0037;Marigold (GS0274BK02DB) (Souldier);1;https://codots.app/availability-by-product/buy/musifacts-europe-bv
SL0024;Marley (GS0987BK04BK) (Souldier);1;https://codots.app/availability-by-product/buy/musifacts-europe-bv
SL0025;Medallion - Black (GS0044FG04BK) (Souldier);1;https://codots.app/availability-by-product/buy/musifacts-europe-bv
SL0026;Medallion - Maroon (GS0113BD04BD) (Souldier);0;https://codots.app/availability-by-product/buy/musifacts-europe-bv
SL0027;Medallion - Mustard (GS0043BG05TL) (Souldier);1;https://codots.app/availability-by-product/buy/musifacts-europe-bv
SL0028;Medallion - Taupe (GS0081TP04TP) (Souldier);0;https://codots.app/availability-by-product/buy/musifacts-europe-bv
SL0069;Owls - Brown (GS0441NM01WB) (Souldier);0;https://codots.app/availability-by-product/buy/musifacts-europe-bv
SL0070;Owls - Navy (GS0012NV02NV) (Souldier);0;https://codots.app/availability-by-product/buy/musifacts-europe-bv
SL0039;Paisley - Brown (GS1116NM05WB) (Souldier);1;https://codots.app/availability-by-product/buy/musifacts-europe-bv
SL0040;Paisley - Magenta (GS1117BK04BK) (Souldier);1;https://codots.app/availability-by-product/buy/musifacts-europe-bv
SL0041;Paisley - Navy/Purple (GS1114NV04TQ) (Souldier);0;https://codots.app/availability-by-product/buy/musifacts-europe-bv
SL0042;Persian - Black (GS0112BK05BK) (Souldier);0;https://codots.app/availability-by-product/buy/musifacts-europe-bv
SL0043;Persian - Gold (GS0075BK01BD) (Souldier);1;https://codots.app/availability-by-product/buy/musifacts-europe-bv
SL0029;Providence - Black/Burgundy (GS1100BK04BK) (Souldier);0;https://codots.app/availability-by-product/buy/musifacts-europe-bv
SL0030;Providence - Navy (GS0761NV04NV) (Souldier);1;https://codots.app/availability-by-product/buy/musifacts-europe-bv
SL0031;Regal - Black (GS0064BK04BK) (Souldier);1;https://codots.app/availability-by-product/buy/musifacts-europe-bv
SL0051;Rustic - Brown/Orange (GS1213BR02DB) (Souldier);1;https://codots.app/availability-by-product/buy/musifacts-europe-bv
SL0050;Rustic - Gold/Olive (GS0354OD02OL) (Souldier);1;https://codots.app/availability-by-product/buy/musifacts-europe-bv
SL0032;Sage & Cinnamon (GS0118NM05WB) (Souldier);1;https://codots.app/availability-by-product/buy/musifacts-europe-bv
SL0033;Sage - Turquoise (GS0857TQ05BK) (Souldier);0;https://codots.app/availability-by-product/buy/musifacts-europe-bv
SL0046;Scroll - Black (GS0257BK02BK) (Souldier);1;https://codots.app/availability-by-product/buy/musifacts-europe-bv
SL0034;Shelby - Black/Orange (GS1102BK04BK) (Souldier);1;https://codots.app/availability-by-product/buy/musifacts-europe-bv
SL0052;Stars & Bars (GS0303WH02WH) (Souldier);1;https://codots.app/availability-by-product/buy/musifacts-europe-bv
SL0047;Zapata (GS0886BK02WB) (Souldier);1;https://codots.app/availability-by-product/buy/musifacts-europe-bv
SL0053;Zodiak - Black/White (GS0352BK02BK) (Souldier);1;https://codots.app/availability-by-product/buy/musifacts-europe-bv
SL0054;Zodiak - Brown/Tan (GS0372TP02WB) (Souldier);0;https://codots.app/availability-by-product/buy/musifacts-europe-bv
SL0114;Banjo Strap Argus - Black (BJC0489BK04BK) (Souldier);1;https://codots.app/availability-by-product/buy/musifacts-europe-bv
SL0116;Banjo Strap Barstow - Black/Tan (BJC1099NM04BK) (Souldier);1;https://codots.app/availability-by-product/buy/musifacts-europe-bv
SL0111;Banjo Strap Black (BJC0000BK04BK) (Souldier);1;https://codots.app/availability-by-product/buy/musifacts-europe-bv
SL0117;Banjo Strap Braveheart (BJC0251NM05WB) (Souldier);1;https://codots.app/availability-by-product/buy/musifacts-europe-bv
SL0134;Banjo Strap Bristol (BJC1084BK02BK) (Souldier);1;https://codots.app/availability-by-product/buy/musifacts-europe-bv
SL0118;Banjo Strap Buffalo Plaid - Red/Black (BJC0988BK04BK) (Souldier);1;https://codots.app/availability-by-product/buy/musifacts-europe-bv
SL0112;Banjo Strap Burgundy (BJC0000BD04BD) (Souldier);1;https://codots.app/availability-by-product/buy/musifacts-europe-bv
SL0119;Banjo Strap Cabernet - Blueberry (BJC0499NV04NV) (Souldier);1;https://codots.app/availability-by-product/buy/musifacts-europe-bv
SL0120;Banjo Strap Celtic Knot - Green (BJC0310BK04BK) (Souldier);1;https://codots.app/availability-by-product/buy/musifacts-europe-bv
SL0121;Banjo Strap Constantine - Brown/Turquoise (BJC0835BR02DB) (Souldier);1;https://codots.app/availability-by-product/buy/musifacts-europe-bv
SL0122;Banjo Strap Diamond - Green (BJC0126FG04BK) (Souldier);1;https://codots.app/availability-by-product/buy/musifacts-europe-bv
SL0266;Banjo Strap Ellington (BJC0870BK04BK) (Souldier);1;https://codots.app/availability-by-product/buy/musifacts-europe-bv
SL0113;Banjo Strap Forest Green (BJC0000FG04BK) (Souldier);1;https://codots.app/availability-by-product/buy/musifacts-europe-bv
SL0135;Banjo Strap Freesia - Brown (BJC0256NM05WB) (Souldier);1;https://codots.app/availability-by-product/buy/musifacts-europe-bv
SL0139;Banjo Strap Greenwich - Tan (BJC0301BK02BK) (Souldier);1;https://codots.app/availability-by-product/buy/musifacts-europe-bv
SL0130;Banjo Strap Griffin - Yellow/Black (BJC0255BK04BK) (Souldier);1;https://codots.app/availability-by-product/buy/musifacts-europe-bv
SL0123;Banjo Strap Haida - Grey (BJC0090BK04BK) (Souldier);0;https://codots.app/availability-by-product/buy/musifacts-europe-bv
SL0140;Banjo Strap Hendrix - Maroon (BJC0017BD01BD) (Souldier);1;https://codots.app/availability-by-product/buy/musifacts-europe-bv
SL0124;Banjo Strap Kells (BJC0418BK04BK) (Souldier);1;https://codots.app/availability-by-product/buy/musifacts-europe-bv
SL0125;Banjo Strap Kona (BJC0416BK04BK) (Souldier);1;https://codots.app/availability-by-product/buy/musifacts-europe-bv
SL0126;Banjo Strap Medallion - Maroon (BJC0113BD04BD) (Souldier);1;https://codots.app/availability-by-product/buy/musifacts-europe-bv
SL0127;Banjo Strap Medallion - Taupe (BJC0081TP04TP) (Souldier);1;https://codots.app/availability-by-product/buy/musifacts-europe-bv
SL0115;Banjo Strap Medinah (BJC1057BR04DB) (Souldier);1;https://codots.app/availability-by-product/buy/musifacts-europe-bv
SL0141;Banjo Strap Peace Dove - Brown (BJC1027NM02WB) (Souldier);1;https://codots.app/availability-by-product/buy/musifacts-europe-bv
SL0132;Banjo Strap Persian - Black (BJC0112BK01BK) (Souldier);1;https://codots.app/availability-by-product/buy/musifacts-europe-bv
SL0133;Banjo Strap Persian - Copper (BJC0217BK01WB) (Souldier);1;https://codots.app/availability-by-product/buy/musifacts-europe-bv
SL0128;Banjo Strap Providence - Navy (BJC0761NV04NV) (Souldier);1;https://codots.app/availability-by-product/buy/musifacts-europe-bv
SL0142;Banjo Strap Stained Glass - Red (BJC0178WH02WH) (Souldier);1;https://codots.app/availability-by-product/buy/musifacts-europe-bv
SL0136;Banjo Strap Zapata (BJC0886BK02WB) (Souldier);1;https://codots.app/availability-by-product/buy/musifacts-europe-bv
SL0137;Banjo Strap Zodiak - Brown/Tan (BJC0372TP02WB) (Souldier);1;https://codots.app/availability-by-product/buy/musifacts-europe-bv
SL0097;Bass Strap Black (GT0000BK02BK) (Souldier);1;https://codots.app/availability-by-product/buy/musifacts-europe-bv
SL0102;Bass Strap Kildare - Green (GT0054BK02BK) (Souldier);1;https://codots.app/availability-by-product/buy/musifacts-europe-bv
SL0101;Bass Strap Racing Stripe (GT0130BK02BK) (Souldier);1;https://codots.app/availability-by-product/buy/musifacts-europe-bv
SL0099;Bass Strap Red (GT0000RD02RD) (Souldier);1;https://codots.app/availability-by-product/buy/musifacts-europe-bv
SL0100;Bass Strap White (GT0000WH02WH) (Souldier);1;https://codots.app/availability-by-product/buy/musifacts-europe-bv
SL0005;Brighton (GS0422FG04WB) (Souldier);0;https://codots.app/availability-by-product/buy/musifacts-europe-bv
SL0268;Cabernet - Blueberry (GS0499NV04NV) (Souldier);1;https://codots.app/availability-by-product/buy/musifacts-europe-bv
SL0006;Cabernet - Burgundy (GS0402GD04BK) (Souldier);0;https://codots.app/availability-by-product/buy/musifacts-europe-bv
SL0007;Celtic Knot - Green (GS0310BK04BK) (Souldier);1;https://codots.app/availability-by-product/buy/musifacts-europe-bv
SL0008;Constantine - Black/Red (GS0670BK04BK) (Souldier);1;https://codots.app/availability-by-product/buy/musifacts-europe-bv
SL0009;Constantine - Blue/Turq. (GS0837NV04NV) (Souldier);1;https://codots.app/availability-by-product/buy/musifacts-europe-bv
SL0010;Constantine - Orange (GS0828BD04BD) (Souldier);0;https://codots.app/availability-by-product/buy/musifacts-europe-bv
SL0267;Daisy - Olive (GS0210OD02OL) (Souldier);1;https://codots.app/availability-by-product/buy/musifacts-europe-bv
SL0011;Dragon - Red (GS0079BK05BK) (Souldier);0;https://codots.app/availability-by-product/buy/musifacts-europe-bv
SL0013;Dresden Star - Seafoam (GS0273BR02DB) (Souldier);0;https://codots.app/availability-by-product/buy/musifacts-europe-bv
SL0014;Ellington - Black/Tan (GS0870BK04BK) (Souldier);0;https://codots.app/availability-by-product/buy/musifacts-europe-bv
SL0015;Haida - Grey (GS0090BK04BK) (Souldier);1;https://codots.app/availability-by-product/buy/musifacts-europe-bv
SL0016;Haida - Pink (GS0091BK04BK) (Souldier);1;https://codots.app/availability-by-product/buy/musifacts-europe-bv
SL0017;Houndstooth - Black (GS0229BK04BK) (Souldier);1;https://codots.app/availability-by-product/buy/musifacts-europe-bv
SL0265;Regal - Maroon (GS0065BD04BD) (Souldier);1;https://codots.app/availability-by-product/buy/musifacts-europe-bv
SL0110;Bass Strap El Paso - Gold/Brown (GT1181BK02BD) (Souldier);1;https://codots.app/availability-by-product/buy/musifacts-europe-bv
SL0109;Bass Strap El Paso - Tan-Forest (GT1180BK02BD) (Souldier);1;https://codots.app/availability-by-product/buy/musifacts-europe-bv
SL0105;Bass Strap Gardenia (GT0922BK01BK) (Souldier);1;https://codots.app/availability-by-product/buy/musifacts-europe-bv
SL0311;Bass Strap Kildare - Black (GT0052BK02BK) (Souldier);0;https://codots.app/availability-by-product/buy/musifacts-europe-bv
SL0103;Bass Strap Kildare - Red (GT0055BK02BK) (Souldier);1;https://codots.app/availability-by-product/buy/musifacts-europe-bv
SL0339;Bass Strap Regal - Black (GT0064BK01BK) (Souldier);1;https://codots.app/availability-by-product/buy/musifacts-europe-bv
SL0106;Bass Strap Rose - Teal (GT0497BK02BK) (Souldier);1;https://codots.app/availability-by-product/buy/musifacts-europe-bv
SL0107;Bass Strap Rose - White (GT0498WH02WH) (Souldier);1;https://codots.app/availability-by-product/buy/musifacts-europe-bv
SL0108;Bass Strap Shasta - Brown (GT1155BK02BK) (Souldier);1;https://codots.app/availability-by-product/buy/musifacts-europe-bv
SL0364;Distressed Bass - Black (TGTDISTBK00BK) (Souldier);1;https://codots.app/availability-by-product/buy/musifacts-europe-bv
SL0365;Distressed Bass - Brown (TGTDISTBR00BR) (Souldier);1;https://codots.app/availability-by-product/buy/musifacts-europe-bv
SL0366;Distressed Bass - Old Gold (TGTDISTOG00OG) (Souldier);1;https://codots.app/availability-by-product/buy/musifacts-europe-bv
SL0146;Mandolin Strap Abbey (FMDA1030BK04BK) (Souldier);1;https://codots.app/availability-by-product/buy/musifacts-europe-bv
SL0147;Mandolin Strap Aces - Gold/Black (FMDA0550BK05BK) (Souldier);1;https://codots.app/availability-by-product/buy/musifacts-europe-bv
SL0149;Mandolin Strap Anouk - Burgundy/Taupe (FMDA1058BD04BD) (Souldier);0;https://codots.app/availability-by-product/buy/musifacts-europe-bv
SL0150;Mandolin Strap Anouk - Navy/Mustard (FMDA1165NV04NV) (Souldier);1;https://codots.app/availability-by-product/buy/musifacts-europe-bv
SL0151;Mandolin Strap Arrow (FMDA1093BK04BK) (Souldier);1;https://codots.app/availability-by-product/buy/musifacts-europe-bv
SL0152;Mandolin Strap Bavarian (FMDA0529OD04DB) (Souldier);1;https://codots.app/availability-by-product/buy/musifacts-europe-bv
SL0143;Mandolin Strap Black (FMDA0000BK04BK) (Souldier);1;https://codots.app/availability-by-product/buy/musifacts-europe-bv
SL0144;Mandolin Strap Brown (FMDA0000BR04DB) (Souldier);1;https://codots.app/availability-by-product/buy/musifacts-europe-bv
SL0153;Mandolin Strap Celtic Knot - Green (FMDA0500BK04BK) (Souldier);1;https://codots.app/availability-by-product/buy/musifacts-europe-bv
SL0154;Mandolin Strap Celtic Knot - Tan/Burgundy (FMDA0639BD05BD) (Souldier);1;https://codots.app/availability-by-product/buy/musifacts-europe-bv
SL0156;Mandolin Strap Cottonmouth - Olive Drab (FMDA1024OD04BK) (Souldier);1;https://codots.app/availability-by-product/buy/musifacts-europe-bv
SL0155;Mandolin Strap Cottonmouth - Red/Grey (FMDA1019BK04BK) (Souldier);1;https://codots.app/availability-by-product/buy/musifacts-europe-bv
SL0157;Mandolin Strap Eisley - White/Black (FMDA0548BK04BK) (Souldier);1;https://codots.app/availability-by-product/buy/musifacts-europe-bv
SL0158;Mandolin Strap Jaipur - Maroon (FMDA0640BD05BD) (Souldier);1;https://codots.app/availability-by-product/buy/musifacts-europe-bv
SL0159;Mandolin Strap Kirkwood (FMDA0891NV04NV) (Souldier);1;https://codots.app/availability-by-product/buy/musifacts-europe-bv
SL0160;Mandolin Strap Ladder - Black/Grey (FMDA0518BK04BK) (Souldier);1;https://codots.app/availability-by-product/buy/musifacts-europe-bv
SL0161;Mandolin Strap Ladder - Brown (FMDA0604BR05WB) (Souldier);1;https://codots.app/availability-by-product/buy/musifacts-europe-bv
SL0162;Mandolin Strap Laredo - Brown/Yellow (FMDA1055BR04WB) (Souldier);1;https://codots.app/availability-by-product/buy/musifacts-europe-bv
SL0163;Mandolin Strap Laredo - Clay (FMDA1036BR04WB) (Souldier);1;https://codots.app/availability-by-product/buy/musifacts-europe-bv
SL0164;Mandolin Strap Laredo - Red/Black (FMDA1053BK04BK) (Souldier);1;https://codots.app/availability-by-product/buy/musifacts-europe-bv
SL0165;Mandolin Strap Laredo - Yellow (FMDA1054BK04BK) (Souldier);1;https://codots.app/availability-by-product/buy/musifacts-europe-bv
SL0166;Mandolin Strap Mosaic - Green (FMDA1080BK05BK) (Souldier);1;https://codots.app/availability-by-product/buy/musifacts-europe-bv
SL0167;Mandolin Strap Papyrus - Brown (FMDA0584BR04DB) (Souldier);1;https://codots.app/availability-by-product/buy/musifacts-europe-bv
SL0168;Mandolin Strap Patience - Black (FMDA1052TQ05BK) (Souldier);1;https://codots.app/availability-by-product/buy/musifacts-europe-bv
SL0169;Mandolin Strap Peace - Red (FMDA0594RD04RD) (Souldier);1;https://codots.app/availability-by-product/buy/musifacts-europe-bv
SL0170;Mandolin Strap Petunia - Brown/Orange (FMDA0979BR04DB) (Souldier);0;https://codots.app/availability-by-product/buy/musifacts-europe-bv
SL0171;Mandolin Strap Stars & Bars (FMDA0558BL04WH) (Souldier);1;https://codots.app/availability-by-product/buy/musifacts-europe-bv
SL0172;Mandolin Strap Sundown (FMDA0896NV04NV) (Souldier);1;https://codots.app/availability-by-product/buy/musifacts-europe-bv
SL0173;Mandolin Strap Thunderbird - Red (FMDA0547TQ04BK) (Souldier);1;https://codots.app/availability-by-product/buy/musifacts-europe-bv
SL0174;Mandolin Strap Vine (FMDA0588OD04OL) (Souldier);1;https://codots.app/availability-by-product/buy/musifacts-europe-bv
SL0358;Patent Leather - Heavyweight 1-Ply Bass (Souldier);1;https://codots.app/availability-by-product/buy/musifacts-europe-bv
SL0360;Patent Leather - Padded 3-Ply Bass (Souldier);1;https://codots.app/availability-by-product/buy/musifacts-europe-bv
SL0081;Seatbelt Black (GS0000BK04BK) (Souldier);0;https://codots.app/availability-by-product/buy/musifacts-europe-bv
SL0082;Seatbelt Blue (GS0000BL04BL) (Souldier);1;https://codots.app/availability-by-product/buy/musifacts-europe-bv
SL0083;Seatbelt Brown (GS0000BR04DB) (Souldier);1;https://codots.app/availability-by-product/buy/musifacts-europe-bv
SL0084;Seatbelt Burgundy (GS0000BD04BD) (Souldier);1;https://codots.app/availability-by-product/buy/musifacts-europe-bv
SL0085;Seatbelt Dark Red (GS0000DR04BK) (Souldier);1;https://codots.app/availability-by-product/buy/musifacts-europe-bv
SL0086;Seatbelt Forest Green (GS0000FG04BK) (Souldier);1;https://codots.app/availability-by-product/buy/musifacts-europe-bv
SL0241;Saddle Strap - Anouk (SSD1058TN01TN) (Souldier);1;https://codots.app/availability-by-product/buy/musifacts-europe-bv
SL0225;Saddle Strap - Black (SSD0000BK02BK) (Souldier);1;https://codots.app/availability-by-product/buy/musifacts-europe-bv
SL0233;Saddle Strap - Black/Mahogany (SSD0000BK02MH) (Souldier);1;https://codots.app/availability-by-product/buy/musifacts-europe-bv
SL0226;Saddle Strap - Brown (SSD0000BR02BR) (Souldier);1;https://codots.app/availability-by-product/buy/musifacts-europe-bv
SL0234;Saddle Strap - Brown/Olive (SSD0000BR02OL) (Souldier);1;https://codots.app/availability-by-product/buy/musifacts-europe-bv
SL0243;Saddle Strap - Celtic Knot - Natural (SSA0989BR02BR) (Souldier);1;https://codots.app/availability-by-product/buy/musifacts-europe-bv
SL0292;Saddle Strap - Cottonmouth (Souldier);1;https://codots.app/availability-by-product/buy/musifacts-europe-bv
SL0245;Saddle Strap - Crocus - Mustard (SSA0990BR02BR) (Souldier);1;https://codots.app/availability-by-product/buy/musifacts-europe-bv
SL0246;Saddle Strap - Eisley - Black (SSA0548BK02BK) (Souldier);1;https://codots.app/availability-by-product/buy/musifacts-europe-bv
SL0247;Saddle Strap - Jaipur - Grey (SSA0641MH02MH) (Souldier);1;https://codots.app/availability-by-product/buy/musifacts-europe-bv
SL0250;Saddle Strap - Laredo - Midnight (SSA0986BK02BK) (Souldier);1;https://codots.app/availability-by-product/buy/musifacts-europe-bv
SL0249;Saddle Strap - Laredo - Tundra (SSA1031BR02BR) (Souldier);1;https://codots.app/availability-by-product/buy/musifacts-europe-bv
SL0227;Saddle Strap - Mahogany (SSD0000MH02MH) (Souldier);1;https://codots.app/availability-by-product/buy/musifacts-europe-bv
SL0235;Saddle Strap - Mahogany/Rust (SSD0000MH02RS) (Souldier);1;https://codots.app/availability-by-product/buy/musifacts-europe-bv
SL0236;Saddle Strap - Navy/Tan (SSD0000NV02TN) (Souldier);1;https://codots.app/availability-by-product/buy/musifacts-europe-bv
SL0403;Saddle Strap - Olive (SSD0000LG02LG) (Souldier);1;https://codots.app/availability-by-product/buy/musifacts-europe-bv
SL0253;Saddle Strap - Papyrus - Nutmeg (SSA1049MH02MH) (Souldier);1;https://codots.app/availability-by-product/buy/musifacts-europe-bv
SL0255;Saddle Strap - Petunia - Yellow (SSA1029BR02BR) (Souldier);1;https://codots.app/availability-by-product/buy/musifacts-europe-bv
SL0231;Saddle Strap - Rust (SSD0000RS02RS) (Souldier);1;https://codots.app/availability-by-product/buy/musifacts-europe-bv
SL0258;Saddle Strap - Seneca (SSA1127BK02BK) (Souldier);1;https://codots.app/availability-by-product/buy/musifacts-europe-bv
SL0263;Saddle Strap - Sundown (SSD0896RS02RS) (Souldier);1;https://codots.app/availability-by-product/buy/musifacts-europe-bv
SL0232;Saddle Strap - Tan (SSD0000TN02TN) (Souldier);1;https://codots.app/availability-by-product/buy/musifacts-europe-bv
SL0239;Saddle Strap - Tan/Red (SSD0000TN02RD) (Souldier);1;https://codots.app/availability-by-product/buy/musifacts-europe-bv
SL0240;Saddle Strap - Tobacco/Brown (SSD0000TB02BR) (Souldier);1;https://codots.app/availability-by-product/buy/musifacts-europe-bv
SL0087;Seatbelt Lime (GS0000LM04WH) (Souldier);1;https://codots.app/availability-by-product/buy/musifacts-europe-bv
SL0088;Seatbelt Navy (GS0000NV04NV) (Souldier);1;https://codots.app/availability-by-product/buy/musifacts-europe-bv
SL0089;Seatbelt Nutmeg (GS0000NM05WB) (Souldier);1;https://codots.app/availability-by-product/buy/musifacts-europe-bv
SL0090;Seatbelt Olive Drab (GS0000OD04BK) (Souldier);1;https://codots.app/availability-by-product/buy/musifacts-europe-bv
SL0091;Seatbelt Orange (GS0000OR04BK) (Souldier);1;https://codots.app/availability-by-product/buy/musifacts-europe-bv
SL0092;Seatbelt Purple (GS0000PR04PR) (Souldier);1;https://codots.app/availability-by-product/buy/musifacts-europe-bv
SL0093;Seatbelt Red (GS0000RD04RD) (Souldier);1;https://codots.app/availability-by-product/buy/musifacts-europe-bv
SL0095;Seatbelt Taupe (GS0000TP04TP) (Souldier);1;https://codots.app/availability-by-product/buy/musifacts-europe-bv
SL0094;Seatbelt Turquoise (GS0000TQ04TQ) (Souldier);1;https://codots.app/availability-by-product/buy/musifacts-europe-bv
SL0096;Seatbelt White (GS0000WH04WH) (Souldier);1;https://codots.app/availability-by-product/buy/musifacts-europe-bv
SL0330;Torpedo Arabesque - Red (TGS0397MH01MH) (Souldier);1;https://codots.app/availability-by-product/buy/musifacts-europe-bv
SL0323;Torpedo Arabesque - Turquoise (TGS0395BR01BR) (Souldier);0;https://codots.app/availability-by-product/buy/musifacts-europe-bv
SL0329;Torpedo Braveheart (TGS0251RS02RS) (Souldier);1;https://codots.app/availability-by-product/buy/musifacts-europe-bv
SL0318;Torpedo Clapton - Turquoise (TGS0249BK02BK) (Souldier);1;https://codots.app/availability-by-product/buy/musifacts-europe-bv
SL0328;Torpedo Dresden Star - Cinnamon (TGS0407RS02RS) (Souldier);1;https://codots.app/availability-by-product/buy/musifacts-europe-bv
SL0322;Torpedo Fillmore Brown/Orange (TGS0277BR02BR) (Souldier);0;https://codots.app/availability-by-product/buy/musifacts-europe-bv
SL0320;Torpedo Owls - Brown (TGS0441BR01BR) (Souldier);0;https://codots.app/availability-by-product/buy/musifacts-europe-bv
SL0314;Torpedo Peace Dove - Black/White (TGS0343BK02BK) (Souldier);1;https://codots.app/availability-by-product/buy/musifacts-europe-bv
SL0331;Torpedo Pillar - Burgundy (TGS1271MH02MH) (Souldier);0;https://codots.app/availability-by-product/buy/musifacts-europe-bv
SL0324;Torpedo Pillar - Turquoise/Orange/White (TGS0180CB02CB) (Souldier);1;https://codots.app/availability-by-product/buy/musifacts-europe-bv
SL0319;Torpedo Rustic - Orange (TGS1214BR01BR) (Souldier);1;https://codots.app/availability-by-product/buy/musifacts-europe-bv
SL0316;Torpedo San Quentin Cash - Green/Gold (TGS1318BK01BK) (Souldier);1;https://codots.app/availability-by-product/buy/musifacts-europe-bv
SL0315;Torpedo Stained Glass - Blue (TGS0177BK02BK) (Souldier);1;https://codots.app/availability-by-product/buy/musifacts-europe-bv
SL0326;Torpedo Tetons Mountain (TGS1375CB02CB) (Souldier);1;https://codots.app/availability-by-product/buy/musifacts-europe-bv
SL0325;Torpedo Tulip Cream Clapton Fool (TGS1067CB02CB) (Souldier);0;https://codots.app/availability-by-product/buy/musifacts-europe-bv
SL0327;Torpedo Woodstock - Gold (TGS0296CB01CB) (Souldier);1;https://codots.app/availability-by-product/buy/musifacts-europe-bv
SL0271;Bombay Elephant (GS0675BK04BK) (Souldier);1;https://codots.app/availability-by-product/buy/musifacts-europe-bv
SL0272;Clapton - Brown (GS176BK02BK60) (Souldier);0;https://codots.app/availability-by-product/buy/musifacts-europe-bv
SL0277;Crop Circles Black (GS0028BK04BK) (Souldier);1;https://codots.app/availability-by-product/buy/musifacts-europe-bv
SL0273;Daisy - Blue (GS0086BK02BK) (Souldier);0;https://codots.app/availability-by-product/buy/musifacts-europe-bv
SL0270;Hendrix - Monterey Red (GS1222BK02BK) (Souldier);0;https://codots.app/availability-by-product/buy/musifacts-europe-bv
SL0219;Pack of 2 Strap Locks (Random Colour) (Souldier);1;https://codots.app/availability-by-product/buy/musifacts-europe-bv
SL0275;Pillar Burgundy (GS1271BD02BD60) (Souldier);1;https://codots.app/availability-by-product/buy/musifacts-europe-bv
SL0269;Rustic - Black (GS1215BK02BK) (Souldier);1;https://codots.app/availability-by-product/buy/musifacts-europe-bv
SL0406;Torpedo Dresden Star - Hendrix 'Gypsy' (TGS1149RS02RS) (Souldier);1;https://codots.app/availability-by-product/buy/musifacts-europe-bv
SL0337;Torpedo Dresden Star - Miami (TGS1150TN02TN) (Souldier);1;https://codots.app/availability-by-product/buy/musifacts-europe-bv
SL0333;Torpedo Hendrix- Maroon (TGS0017MH01MH) (Souldier);0;https://codots.app/availability-by-product/buy/musifacts-europe-bv
SL0334;Torpedo Koi (TGS0094MH01MH) (Souldier);0;https://codots.app/availability-by-product/buy/musifacts-europe-bv
SL0408;Torpedo Marigold - Taupe (TGS1442TN02TN) (Souldier);1;https://codots.app/availability-by-product/buy/musifacts-europe-bv
SL0355;Torpedo Owls - Olive (Souldier);1;https://codots.app/availability-by-product/buy/musifacts-europe-bv
SL0407;Torpedo Peace Dove - Blue (TGS0344CB02CB) (Souldier);1;https://codots.app/availability-by-product/buy/musifacts-europe-bv
SL0409;Torpedo Persian - Black (TGS0112BK02BK) (Souldier);1;https://codots.app/availability-by-product/buy/musifacts-europe-bv
SL0336;Torpedo Pillar - Gold (TGS1270TN02TN) (Souldier);1;https://codots.app/availability-by-product/buy/musifacts-europe-bv
SL0332;Torpedo Regal - Maroon (TGS0065MH02MH) (Souldier);1;https://codots.app/availability-by-product/buy/musifacts-europe-bv
SL0369;Torpedo Rustic Pebble Leather - Black (TGTPEBLBK00BK) (Souldier);1;https://codots.app/availability-by-product/buy/musifacts-europe-bv
SL0370;Torpedo Rustic Pebble Leather - Brown (TGTPEBLBR00BR) (Souldier);1;https://codots.app/availability-by-product/buy/musifacts-europe-bv
SL0335;Torpedo Tuscan Rose (TGS1000TN02TN) (Souldier);1;https://codots.app/availability-by-product/buy/musifacts-europe-bv
SL0178;Ukulele Strap Abbey (DUKA1030BK04BK) (Souldier);1;https://codots.app/availability-by-product/buy/musifacts-europe-bv
SL0179;Ukulele Strap Anchor (DUKA0566BK04BK) (Souldier);1;https://codots.app/availability-by-product/buy/musifacts-europe-bv
SL0180;Ukulele Strap Anouk - Burgundy/Taupe (DUKA1058BD04BD) (Souldier);1;https://codots.app/availability-by-product/buy/musifacts-europe-bv
SL0181;Ukulele Strap Anouk - Navy/Mustard (DUKA1165NV04NV) (Souldier);1;https://codots.app/availability-by-product/buy/musifacts-europe-bv
SL0182;Ukulele Strap Arrow (DUKA1093BK04BK) (Souldier);1;https://codots.app/availability-by-product/buy/musifacts-europe-bv
SL0175;Ukulele Strap Black (DUKA0000BK04BK) (Souldier);1;https://codots.app/availability-by-product/buy/musifacts-europe-bv
SL0176;Ukulele Strap Burgundy (DUKA0000BD04BD) (Souldier);1;https://codots.app/availability-by-product/buy/musifacts-europe-bv
SL0184;Ukulele Strap Celtic Knot - Tan/Burgundy (DUKA0639BD05BD) (Souldier);1;https://codots.app/availability-by-product/buy/musifacts-europe-bv
SL0186;Ukulele Strap Cottonmouth - Olive Drab (DUKA1024OD04BK) (Souldier);1;https://codots.app/availability-by-product/buy/musifacts-europe-bv
SL0185;Ukulele Strap Cottonmouth - Red/Grey (DUKA1019BK04BK) (Souldier);1;https://codots.app/availability-by-product/buy/musifacts-europe-bv
SL0187;Ukulele Strap Dayglow - Neon (DUKA0630HP04HP) (Souldier);1;https://codots.app/availability-by-product/buy/musifacts-europe-bv
SL0188;Ukulele Strap Eisley - White/Black (DUKA0548BK04BK) (Souldier);1;https://codots.app/availability-by-product/buy/musifacts-europe-bv
SL0189;Ukulele Strap Jaipur - Maroon (DUKA0640BD05BD) (Souldier);1;https://codots.app/availability-by-product/buy/musifacts-europe-bv
SL0190;Ukulele Strap Kirkwood (DUKA0891NV04NV) (Souldier);1;https://codots.app/availability-by-product/buy/musifacts-europe-bv
SL0191;Ukulele Strap Ladder - Black/Grey (DUKA0518BK04BK) (Souldier);1;https://codots.app/availability-by-product/buy/musifacts-europe-bv
SL0196;Ukulele Strap Laredo - Clay (DUKA1036BR04WB) (Souldier);1;https://codots.app/availability-by-product/buy/musifacts-europe-bv
SL0192;Ukulele Strap Laredo - Nightfall (DUKA1035BK04BK) (Souldier);1;https://codots.app/availability-by-product/buy/musifacts-europe-bv
SL0193;Ukulele Strap Laredo - Pacific (DUKA1164BL04BL) (Souldier);1;https://codots.app/availability-by-product/buy/musifacts-europe-bv
SL0194;Ukulele Strap Laredo - Volcano (DUKA1032RD04NV) (Souldier);1;https://codots.app/availability-by-product/buy/musifacts-europe-bv
SL0197;Ukulele Strap Laredo - Yellow (DUKA1054BK04BK) (Souldier);1;https://codots.app/availability-by-product/buy/musifacts-europe-bv
SL0198;Ukulele Strap Mosaic - Green (DUKA1080BK05BK) (Souldier);1;https://codots.app/availability-by-product/buy/musifacts-europe-bv
SL0195;Ukulele Strap Pangaea (DUKA1081KG04WB) (Souldier);1;https://codots.app/availability-by-product/buy/musifacts-europe-bv
SL0199;Ukulele Strap Papyrus - Brown (DUKA0584BR04DB) (Souldier);1;https://codots.app/availability-by-product/buy/musifacts-europe-bv
SL0200;Ukulele Strap Patience - Black (DUKA1052TQ04BK) (Souldier);1;https://codots.app/availability-by-product/buy/musifacts-europe-bv
SL0201;Ukulele Strap Peace - Red (DUKA0594RD04RD) (Souldier);1;https://codots.app/availability-by-product/buy/musifacts-europe-bv
SL0202;Ukulele Strap Petunia - Brown/Orange (DUKA0979BR04DB) (Souldier);1;https://codots.app/availability-by-product/buy/musifacts-europe-bv
SL0203;Ukulele Strap Stars & Bars (DUKA0558BL04WH) (Souldier);1;https://codots.app/availability-by-product/buy/musifacts-europe-bv
SL0204;Ukulele Strap Sundown (DUKA0896NV04NV) (Souldier);1;https://codots.app/availability-by-product/buy/musifacts-europe-bv
SL0177;Ukulele Strap Teal (DUKA0000TL04TL) (Souldier);1;https://codots.app/availability-by-product/buy/musifacts-europe-bv
SL0287;Arabesque - Indigo (GS0396BK02NV) (Souldier);0;https://codots.app/availability-by-product/buy/musifacts-europe-bv
SL0310;Bed-In Peace Lennon (GS1178WH02WH) (Souldier);1;https://codots.app/availability-by-product/buy/musifacts-europe-bv
SL0278;Cherry Blossom Orange (GS0672OD04OL) (Souldier);1;https://codots.app/availability-by-product/buy/musifacts-europe-bv
SL0309;Clapton - Green (GS0271BK02BK) (Souldier);1;https://codots.app/availability-by-product/buy/musifacts-europe-bv
SL0291;Constantine - Black/White/Taupe (GS0843BK04BK) (Souldier);1;https://codots.app/availability-by-product/buy/musifacts-europe-bv
SL0280;Daisy - Gray (GS0082BK02BK) (Souldier);1;https://codots.app/availability-by-product/buy/musifacts-europe-bv
SL0281;Daisy - Orange (GS0084OR02OR) (Souldier);0;https://codots.app/availability-by-product/buy/musifacts-europe-bv
SL0288;Daisy - Red (GS0383BK02BK) (Souldier);1;https://codots.app/availability-by-product/buy/musifacts-europe-bv
SL0361;Distressed - Black (TGSDISTBK00BK) (Souldier);1;https://codots.app/availability-by-product/buy/musifacts-europe-bv
SL0362;Distressed - Brown (TGSDISTBR00BR) (Souldier);1;https://codots.app/availability-by-product/buy/musifacts-europe-bv
SL0363;Distressed - Old Gold (TGSDISTOG00OG) (Souldier);1;https://codots.app/availability-by-product/buy/musifacts-europe-bv
SL0294;Dresden Star - Black/Yellow/Red (GS1149BK02BK) (Souldier);1;https://codots.app/availability-by-product/buy/musifacts-europe-bv
SL0340;Dresden Star - Red (GS0406BK02BK) (Souldier);1;https://codots.app/availability-by-product/buy/musifacts-europe-bv
SL0343;Fillmore - Black (GS1293BK02BK) (Souldier);0;https://codots.app/availability-by-product/buy/musifacts-europe-bv
SL0289;Fillmore White Brown (GS0299NM02WB) (Souldier);1;https://codots.app/availability-by-product/buy/musifacts-europe-bv
SL0279;Gatsby Black (GS0212BK04BK30) (Souldier);0;https://codots.app/availability-by-product/buy/musifacts-europe-bv
SL0303;Hendrix - Magenta (GS0120OR02OR) (Souldier);1;https://codots.app/availability-by-product/buy/musifacts-europe-bv
SL0290;Hendrix - Maize (GS0328NM01WB40) (Souldier);0;https://codots.app/availability-by-product/buy/musifacts-europe-bv
SL0307;Hendrix - Pink (GS0015BK02BK) (Souldier);1;https://codots.app/availability-by-product/buy/musifacts-europe-bv
SL0302;Hendrix - Purple/Turqoise (GS0080BK02BK) (Souldier);0;https://codots.app/availability-by-product/buy/musifacts-europe-bv
SL0295;Honeycomb Wine (GS0349BD02BD) (Souldier);1;https://codots.app/availability-by-product/buy/musifacts-europe-bv
SL0293;Johnny Cash 50th Ann. San Quentin Prison 2 (GS1317BK02BK) (Souldier);0;https://codots.app/availability-by-product/buy/musifacts-europe-bv
SL0380;Johnny Cash San Quentin Gold (GS1318FG02BK) (Souldier);1;https://codots.app/availability-by-product/buy/musifacts-europe-bv
SL0356;Johnny Marr - Signature (JMGS1439BK02BK) (Souldier);0;https://codots.app/availability-by-product/buy/musifacts-europe-bv
SL0379;Lightning Bolt - Black on Red (GS0859BK04BK) (Souldier);1;https://codots.app/availability-by-product/buy/musifacts-europe-bv
SL0378;Lightning Bolt - Red on Black (GS0858BK04BK) (Souldier);1;https://codots.app/availability-by-product/buy/musifacts-europe-bv
SL0305;Lightning Bolt - Silver (GS0856BK04BK) (Souldier);1;https://codots.app/availability-by-product/buy/musifacts-europe-bv
SL0297;Lotus - Light Blue/White/Black (GS0885BK02BK) (Souldier);0;https://codots.app/availability-by-product/buy/musifacts-europe-bv
SL0284;Lovebirds Black (GS1313BK02BK) (Souldier);0;https://codots.app/availability-by-product/buy/musifacts-europe-bv
SL0285;Lovebirds Blue (GS1314NV02NV) (Souldier);0;https://codots.app/availability-by-product/buy/musifacts-europe-bv
SL0283;Lovebirds Brown (GS1315NM02WB) (Souldier);0;https://codots.app/availability-by-product/buy/musifacts-europe-bv
SL0299;Lovebirds Grey (GS1316BK02BK) (Souldier);0;https://codots.app/availability-by-product/buy/musifacts-europe-bv
SL0286;Lovebirds White (GS1312BD02BD) (Souldier);0;https://codots.app/availability-by-product/buy/musifacts-europe-bv
SL0300;Madrid - Olive (GS1320OD04BK) (Souldier);1;https://codots.app/availability-by-product/buy/musifacts-europe-bv
SL0376;Marigold - Burgundy (GS1443BD02BD) (Souldier);0;https://codots.app/availability-by-product/buy/musifacts-europe-bv
SL0375;Marigold - Taupe (GS1442TP02BK) (Souldier);1;https://codots.app/availability-by-product/buy/musifacts-europe-bv
SL0377;Marigold - Turquoise/Purple (GS1444BK02BK) (Souldier);1;https://codots.app/availability-by-product/buy/musifacts-europe-bv
SL0301;Owls - Orange (GS0150OR02OR) (Souldier);0;https://codots.app/availability-by-product/buy/musifacts-europe-bv
SL0357;Patent Leather - Heavyweight 1-Ply Guitar (TGSPATBK00BK) (Souldier);1;https://codots.app/availability-by-product/buy/musifacts-europe-bv
SL0359;Patent Leather - Padded 3-Ply Guitar (TGSPATPADBK00BK) (Souldier);1;https://codots.app/availability-by-product/buy/musifacts-europe-bv
SL0282;Persian - Copper (GS0217BK01WB40) (Souldier);0;https://codots.app/availability-by-product/buy/musifacts-europe-bv
SL0341;Pillar Brown & Orange (GS0179BK02BK) (Souldier);1;https://codots.app/availability-by-product/buy/musifacts-europe-bv
SL0342;Pillar Gold (GS1270BK02BK) (Souldier);1;https://codots.app/availability-by-product/buy/musifacts-europe-bv
SL0367;Rustic Pebble - Black (TGSPEBLBK00BK) (Souldier);1;https://codots.app/availability-by-product/buy/musifacts-europe-bv
SL0368;Rustic Pebble - Brown (TGSPEBLBR00BR) (Souldier);1;https://codots.app/availability-by-product/buy/musifacts-europe-bv
SL0371;Skinny - Abbey (STD1030BK02) (Souldier);1;https://codots.app/availability-by-product/buy/musifacts-europe-bv
SL0374;Skinny - Cottonmouth (STD1024BK02) (Souldier);1;https://codots.app/availability-by-product/buy/musifacts-europe-bv
SL0373;Skinny - Mesa (STA1328TB01) (Souldier);1;https://codots.app/availability-by-product/buy/musifacts-europe-bv
SL0372;Skinny - Petunia (STA0979CB02) (Souldier);1;https://codots.app/availability-by-product/buy/musifacts-europe-bv
SL0298;Stained Glass - Purple (GS0484PR02BK) (Souldier);0;https://codots.app/availability-by-product/buy/musifacts-europe-bv
CST-ANT;Antique (Cornerstone);1;https://codots.app/availability-by-product/buy/musifacts-europe-bv
FT-ART;Artery (Fortin);1;https://codots.app/availability-by-product/buy/musifacts-europe-bv
SL0387;Clapton - Blue (GS0365BK02BK) (Souldier);0;https://codots.app/availability-by-product/buy/musifacts-europe-bv
SL0389;Clapton - Olive (GS1435BK02BK) (Souldier);0;https://codots.app/availability-by-product/buy/musifacts-europe-bv
SL0386;Clapton - Purple (GS0266BK02BK) (Souldier);1;https://codots.app/availability-by-product/buy/musifacts-europe-bv
SL0388;Clapton - Red (GS0366BK02BK) (Souldier);0;https://codots.app/availability-by-product/buy/musifacts-europe-bv
SL0385;Clapton - Turquoise (GS0249BK02BK) (Souldier);0;https://codots.app/availability-by-product/buy/musifacts-europe-bv
SL0401;Constantine - Black/White/Pink (GS0831BK04BK) (Souldier);1;https://codots.app/availability-by-product/buy/musifacts-europe-bv
SL0402;Constantine - Blue/Green/White (GS0833NV04NV) (Souldier);0;https://codots.app/availability-by-product/buy/musifacts-europe-bv
SL0382;Constantine - Turquoise/Brown (GS0835BR04DB) (Souldier);1;https://codots.app/availability-by-product/buy/musifacts-europe-bv
SL0383;Crop Circles Brown (GS0029BR04WB) (Souldier);0;https://codots.app/availability-by-product/buy/musifacts-europe-bv
RV-D25JLB;D25, 1x12 Combo, Joey Landreth Edition, Black (Revv);2;https://codots.app/availability-by-product/buy/musifacts-europe-bv
RV-D25JLG;D25, 1x12 Combo, Joey Landreth Edition, Gold (Revv);1;https://codots.app/availability-by-product/buy/musifacts-europe-bv
RV-D40CS;D40 10/40-Watt Tube Head - Custom (Revv);0;https://codots.app/availability-by-product/buy/musifacts-europe-bv
SL0393;Daisy - Nutmeg (GS0661BR02DB) (Souldier);0;https://codots.app/availability-by-product/buy/musifacts-europe-bv
SL0405;Daisy - Olive (vinyl tabs) (GS0210OD02OLV) (Souldier);0;https://codots.app/availability-by-product/buy/musifacts-europe-bv
SL0381;Ellington - Burgundy (GS0871BD04BD) (Souldier);0;https://codots.app/availability-by-product/buy/musifacts-europe-bv
RBC23CM;Expedition Cymbal Case (Reunion Blues);1;https://codots.app/availability-by-product/buy/musifacts-europe-bv
RBC23SB;Expedition SideKick Stick Bag (Reunion Blues);1;https://codots.app/availability-by-product/buy/musifacts-europe-bv
SL0062;Fillmore - Blue/Yellow (GS0738BK02BK) (Souldier);0;https://codots.app/availability-by-product/buy/musifacts-europe-bv
FT-FZO;Fuzz O)) (Fortin);1;https://codots.app/availability-by-product/buy/musifacts-europe-bv
RV-G50CS;G50 50-watt Tube Head – Custom (Revv);0;https://codots.app/availability-by-product/buy/musifacts-europe-bv
RV-G120v3CS;Generator 120 MKIII 120-watt Tube Head, Custom (Revv);1;https://codots.app/availability-by-product/buy/musifacts-europe-bv
SL0398;Greenwich - Brown (GS1438BK02BK) (Souldier);1;https://codots.app/availability-by-product/buy/musifacts-europe-bv
SL0397;Greenwich - Olive (GS1437BK02BK) (Souldier);1;https://codots.app/availability-by-product/buy/musifacts-europe-bv
SL0396;Greenwich - Pelham Blue (GS1436BK02BK) (Souldier);1;https://codots.app/availability-by-product/buy/musifacts-europe-bv
SL0395;Greenwich - Red (GS0942BK02BK) (Souldier);1;https://codots.app/availability-by-product/buy/musifacts-europe-bv
SL0394;Greenwich - White Wedding (GS1212WH02WH) (Souldier);1;https://codots.app/availability-by-product/buy/musifacts-europe-bv
07-SLP-0012;Hombre Amp Head Cover, Black Nylon (Suhr);1;https://codots.app/availability-by-product/buy/musifacts-europe-bv
FT-HYD;Hydra (Fortin);1;https://codots.app/availability-by-product/buy/musifacts-europe-bv
CST-IMP2;Imperium V2 (Cornerstone);1;https://codots.app/availability-by-product/buy/musifacts-europe-bv
SL0404;Medallion - Black (vinyl tabs)(GS0044FG04BKV) (Souldier);0;https://codots.app/availability-by-product/buy/musifacts-europe-bv
SL0399;Memphis - Black (GS1351BK02BK) (Souldier);1;https://codots.app/availability-by-product/buy/musifacts-europe-bv
SL0400;Memphis - Brown (GS1352BR02BR) (Souldier);1;https://codots.app/availability-by-product/buy/musifacts-europe-bv
FT-MESP;Meshuggah (Fortin);1;https://codots.app/availability-by-product/buy/musifacts-europe-bv
FT-MZU;Mini Zuul (Fortin);2;https://codots.app/availability-by-product/buy/musifacts-europe-bv
FT-NATAS;NATAS (Fortin);2;https://codots.app/availability-by-product/buy/musifacts-europe-bv
PSU-65-EU;Power Supply, 65 Watt - EU version (Temple);0;https://codots.app/availability-by-product/buy/musifacts-europe-bv
PSU-65-UK;Power Supply, 65 Watt - UK version (Temple);1;https://codots.app/availability-by-product/buy/musifacts-europe-bv
SL0384;Raceway Checker (GS1272BK02BK) (Souldier);1;https://codots.app/availability-by-product/buy/musifacts-europe-bv
DSM-SIMBM;Simplifier Bass Master (DSM/Humboldt);0;https://codots.app/availability-by-product/buy/musifacts-europe-bv
MOD-AMP;Stereo Amplifier Module, 100W (Temple);0;https://codots.app/availability-by-product/buy/musifacts-europe-bv
DSM-SUBA;Sub-Atomic (DSM/Humboldt);1;https://codots.app/availability-by-product/buy/musifacts-europe-bv
TV-VAR;True Vintage - Various (Souldier);1;https://codots.app/availability-by-product/buy/musifacts-europe-bv
SL0392;Tulip - Black (GS1071BK02BK) (Souldier);1;https://codots.app/availability-by-product/buy/musifacts-europe-bv
SL0391;Tulip - Burgundy (GS1070BD01BD) (Souldier);1;https://codots.app/availability-by-product/buy/musifacts-europe-bv
SL0390;Tulip - Cream Clapton Fool (GS1067WH02WH) (Souldier);1;https://codots.app/availability-by-product/buy/musifacts-europe-bv
MOD-USBV2;USB Power Output Module V2 (Temple);0;https://codots.app/availability-by-product/buy/musifacts-europe-bv
FT-ZUP;Zuul+ Noise Gate (Fortin);1;https://codots.app/availability-by-product/buy/musifacts-europe-bv
FT-ZUPB;Zuul+ Noise Gate Blackout (Fortin);1;https://codots.app/availability-by-product/buy/musifacts-europe-bv
G8R14MA; RUN14: Goliath 8 Magenta (Ormsby);1;https://codots.app/availability-by-product/buy/musifacts-europe-bv
RV-112-RV90;1x12" Extension Cabinet, Black, RV90 (Revv);0;https://codots.app/availability-by-product/buy/musifacts-europe-bv
RV-112JL;1x12" Extension Cabinet, Joey Landreth (Revv);0;https://codots.app/availability-by-product/buy/musifacts-europe-bv
05-SUR-0075;2x12 Hedgehog Cabinet, Vertical, Black, G12-65 (Suhr);0;https://codots.app/availability-by-product/buy/musifacts-europe-bv
RV-212V-CS;2x12" Cabinet 120-watt, Vertical Extension Cabinet - Custom Shop (Revv);0;https://codots.app/availability-by-product/buy/musifacts-europe-bv
RV-212VSL-RV30;2x12" Extension Cabinet, Vertical Slanted, Black, Black Grill - RV30 (Revv);0;https://codots.app/availability-by-product/buy/musifacts-europe-bv
RV-212VSL-RV90;2x12" Extension Cabinet, Vertical Slanted, Black, RV90 (Revv);1;https://codots.app/availability-by-product/buy/musifacts-europe-bv
RV-412-CS;4x12 Extension Cabinet, Custom Shop (Revv);0;https://codots.app/availability-by-product/buy/musifacts-europe-bv
03-BTB-0001;Brighton Treble Booster (Suhr);1;https://codots.app/availability-by-product/buy/musifacts-europe-bv
RV-D20TS-BC;D20 20/4-Watt Tube Headshell - Black Carbon (Revv);1;https://codots.app/availability-by-product/buy/musifacts-europe-bv
RV-D20MK2;D20 MK2 - 20/4W Tube Head, Black (Revv);0;https://codots.app/availability-by-product/buy/musifacts-europe-bv
RV-D20JL;D20 MK2 Joey Landreth Edition, Brown Face (Revv);0;https://codots.app/availability-by-product/buy/musifacts-europe-bv
RV-DD;Dirt Dog Overdrive, Joey Landreth Signature (Revv);1;https://codots.app/availability-by-product/buy/musifacts-europe-bv
DSM-DOS;Dumbliﬁer Overdrive Special (DSM/Humboldt);1;https://codots.app/availability-by-product/buy/musifacts-europe-bv
RBC23HE;Expedition - Headless Guitar Case (Reunion Blues);1;https://codots.app/availability-by-product/buy/musifacts-europe-bv
FT-FOUR;Fourteen (Fortin);1;https://codots.app/availability-by-product/buy/musifacts-europe-bv
RV-G2V2;G2 V2 - Preamp/Overdrive, Green Channel (Revv);1;https://codots.app/availability-by-product/buy/musifacts-europe-bv
RV-G3V2;G3 V2 - Preamp/Distortion, Purple Channel (Revv);1;https://codots.app/availability-by-product/buy/musifacts-europe-bv
RV-G4V2;G4 V2 - Preamp/Distortion, Red Channel (Revv);3;https://codots.app/availability-by-product/buy/musifacts-europe-bv
06-CAS-0040;Hardshell Case Black, Basic Universal (Suhr);1;https://codots.app/availability-by-product/buy/musifacts-europe-bv
06-CAS-0020;Hardshell Case Black, Modern T (Suhr);1;https://codots.app/availability-by-product/buy/musifacts-europe-bv
SL0412;Johnny Cash San Quentin Brown (GS1456NM01WB) (Souldier);1;https://codots.app/availability-by-product/buy/musifacts-europe-bv
FT-KALI;Kali (Fortin);1;https://codots.app/availability-by-product/buy/musifacts-europe-bv
KNG-0010;Knob, G, Tone, Plastic, Parchment (Suhr);1;https://codots.app/availability-by-product/buy/musifacts-europe-bv
KNG-0014;Knob, G, Volume, Plastic, Parchment (Suhr);1;https://codots.app/availability-by-product/buy/musifacts-europe-bv
SL0410;Koi (GS0094FG05FG) (Souldier);1;https://codots.app/availability-by-product/buy/musifacts-europe-bv
MOD-LINE;Line Input Module (Temple);1;https://codots.app/availability-by-product/buy/musifacts-europe-bv
CON-MIDI-7;MIDI Micro Module 7-PIN (Temple);1;https://codots.app/availability-by-product/buy/musifacts-europe-bv
02-PF1-0004;PF-100. Peter Frampton Signature 100W, 230V (Suhr);1;https://codots.app/availability-by-product/buy/musifacts-europe-bv
07-FSW-0008;PT15 Two-Button Foot Switch (Suhr);1;https://codots.app/availability-by-product/buy/musifacts-europe-bv
PG-04;Pickguard Classic T Shorty, Solid Color, HH (Suhr);1;https://codots.app/availability-by-product/buy/musifacts-europe-bv
KNG-0018;Pickup Selector Switch Tip, Plastic Parchment (Suhr);1;https://codots.app/availability-by-product/buy/musifacts-europe-bv
04-CLJ-0001;Pickup. Classic J Humphrey Bass Pickup, Bridge, Black (Suhr);1;https://codots.app/availability-by-product/buy/musifacts-europe-bv
04-CLJ-0002;Pickup. Classic J Humphrey Bass Pickup, Neck, Black (Suhr);1;https://codots.app/availability-by-product/buy/musifacts-europe-bv
04-DHP-0006;Pickup. DHP Plus, Vintage Humbucker, Bridge, 53mm, Black (Suhr);0;https://codots.app/availability-by-product/buy/musifacts-europe-bv
04-63P-0005;Pickup. V63+, Single Coil, Middle, Aged Green (Suhr);1;https://codots.app/availability-by-product/buy/musifacts-europe-bv
04-63P-0009;Pickup. V63+. Single Coil. Neck. Aged Green (Suhr);1;https://codots.app/availability-by-product/buy/musifacts-europe-bv
06-CAS-0046;Premium Soft Case (Suhr);1;https://codots.app/availability-by-product/buy/musifacts-europe-bv
RBX-HE;RBX - Headless Guitar Gig Bag (Reunion Blues);1;https://codots.app/availability-by-product/buy/musifacts-europe-bv
02-S15-0004;SL15. Hand-Wired Head 15W (UK), Black, 240V (Suhr);1;https://codots.app/availability-by-product/buy/musifacts-europe-bv
02-S15-0003;SL15. Hand-Wired Head 15W, Black, 230V (Suhr);1;https://codots.app/availability-by-product/buy/musifacts-europe-bv
02-S67-0004;SL67. Hand Wired Tube Head 50W (UK), 240V (+) (Suhr);1;https://codots.app/availability-by-product/buy/musifacts-europe-bv
SL0238;Saddle Strap - Rust/Navy (Souldier);1;https://codots.app/availability-by-product/buy/musifacts-europe-bv
SL0411;Stained Glass - Yellow/Red (GS0486BK02BK) (Souldier);1;https://codots.app/availability-by-product/buy/musifacts-europe-bv
03-TFZ-0001;Thornicus Fuzz (Suhr);1;https://codots.app/availability-by-product/buy/musifacts-europe-bv
CVC-0041;Tremolo Cavity Cover Black Satin (Suhr);1;https://codots.app/availability-by-product/buy/musifacts-europe-bv
CVC-0045;Tremolo Cavity Cover Parchment (Suhr);1;https://codots.app/availability-by-product/buy/musifacts-europe-bv
CVC-0050;Tremolo Cavity Cover White Pearl (Suhr);1;https://codots.app/availability-by-product/buy/musifacts-europe-bv
SL0414;Ziggy 2" - Blue/White/Black flower on Black (GS1501BK02BK) (Souldier);1;https://codots.app/availability-by-product/buy/musifacts-europe-bv
SL0413;Ziggy 2" - White/Red/Yellow flower on Black (GS1500BK02BK) (Souldier);1;https://codots.app/availability-by-product/buy/musifacts-europe-bv
RV-112-CS;1x12" Extension Cabinet - Custom Shop (Revv);1;https://codots.app/availability-by-product/buy/musifacts-europe-bv
RV-112-RV30;1x12" Extension Cabinet, Black, RV30 (Revv);0;https://codots.app/availability-by-product/buy/musifacts-europe-bv
RV-212VSL-CS;2x12" Extension Cabinet, Vertical Slanted - CS (Revv);0;https://codots.app/availability-by-product/buy/musifacts-europe-bv
CST-CEN;Centurio (Cornerstone);1;https://codots.app/availability-by-product/buy/musifacts-europe-bv
RV-D25JLBF;D25, 1x12 Combo, Joey Landreth Edition, Limited Edition - Brown Face (Revv);1;https://codots.app/availability-by-product/buy/musifacts-europe-bv
RV-G25;G25 - Tube Head (Revv);0;https://codots.app/availability-by-product/buy/musifacts-europe-bv
RV-G8-WP;G8 - Noise Gate Pedal - White Pearl (Revv);1;https://codots.app/availability-by-product/buy/musifacts-europe-bv
FT-NABKT;NATAS Blackout LTD (Fortin);1;https://codots.app/availability-by-product/buy/musifacts-europe-bv
HWG-0022;Neck Screw, 1,75", Gold Plated (Suhr);1;https://codots.app/availability-by-product/buy/musifacts-europe-bv
HWG-0018;Neck Screws, 1,5", Gold Plated (Suhr);1;https://codots.app/availability-by-product/buy/musifacts-europe-bv
NPT-0006;Neckplate, Gold, Mateus Asato (Suhr);1;https://codots.app/availability-by-product/buy/musifacts-europe-bv
BRI-0157;Pivot Screw & Insert for Suhr 2-Post Bridge (Suhr);1;https://codots.app/availability-by-product/buy/musifacts-europe-bv
SL0256;Saddle Strap - Pistachio - Forest (SSD0708BR02BR) (Souldier);1;https://codots.app/availability-by-product/buy/musifacts-europe-bv
BRI-0144;Suhr 2-Post Bridge, Bent Saddles, Chrome (inc. tremolo arm) (Suhr);2;https://codots.app/availability-by-product/buy/musifacts-europe-bv
TGR-0035;Suhr Locking Tuners, Gold (Suhr);1;https://codots.app/availability-by-product/buy/musifacts-europe-bv
BRI-0078;Tremolo Arm for Fender Style Bridge (Suhr);1;https://codots.app/availability-by-product/buy/musifacts-europe-bv
BRI-0080;Tremolo Arm for Gotoh 510 Tremolo (Suhr);1;https://codots.app/availability-by-product/buy/musifacts-europe-bv
BRI-0161;Tremolo Arm for Suhr 2-Post Bridge (Suhr);1;https://codots.app/availability-by-product/buy/musifacts-europe-bv
CVC-0040;Tremolo Cavity Cover Black Pearl (Suhr);1;https://codots.app/availability-by-product/buy/musifacts-europe-bv
FT-ZUB;Zuul Blackout (Fortin);1;https://codots.app/availability-by-product/buy/musifacts-europe-bv